time_s,time_us,time_steady,updated_time_steady,updated_time_from_s,updated_time_from_us,updated_time_from_base,updated_time_to_s,updated_time_to_us,updated_time_to_base,count_of_time_updates,count_of_aggressive_time_updates,imi_time_sync_steady,imi_count_of_syncs,imi_time_s,imi_time_us,imi_time_base,seq,srcSystem,srcComponent,time_gregorian,log_timestamp,log_timestamp_gregorian
315965020,707060,221003,199659,315964997,432332,1,315964999,363149,1,2,1,220873,200,315965020,577080,1,152,10,0,1980-01-06T03:03:40,1633357263.944869,2021-10-04T17:21:03
315965034,707156,235003,199659,315964997,432332,1,315964999,363149,1,2,1,233113,211,315965032,817040,1,194,10,0,1980-01-06T03:03:54,1633357277.525836,2021-10-04T17:21:17
315965049,707059,250003,199659,315964997,432332,1,315964999,363149,1,2,1,249703,226,315965049,407077,1,239,10,0,1980-01-06T03:04:09,1633357290.565589,2021-10-04T17:21:30
315965075,706691,276003,199659,315964997,432332,1,315964999,363149,1,2,1,275083,249,315965074,787059,1,61,10,0,1980-01-06T03:04:35,1633357319.235972,2021-10-04T17:21:59
315965089,716800,290013,199659,315964997,432332,1,315964999,363149,1,2,1,289433,262,315965089,137063,1,103,10,0,1980-01-06T03:04:49,1633357332.2152529,2021-10-04T17:22:12
315965103,759544,304014,297956,315965097,659608,1,315965097,701685,1,3,1,303763,275,315965103,509070,1,145,10,0,1980-01-06T03:05:03,1633357345.785497,2021-10-04T17:22:25
315965116,758700,317013,297956,315965097,659608,1,315965097,701685,1,3,1,315993,286,315965115,739072,1,184,10,0,1980-01-06T03:05:16,1633357358.1658719,2021-10-04T17:22:38
315965143,749067,344003,297956,315965097,659608,1,315965097,701685,1,3,1,343724,311,315965143,469303,1,9,10,0,1980-01-06T03:05:43,1633357387.376085,2021-10-04T17:23:07
315965158,758599,359013,297956,315965097,659608,1,315965097,701685,1,3,1,351463,318,315965151,209080,1,54,10,0,1980-01-06T03:05:58,1633357400.376525,2021-10-04T17:23:20
315965171,749361,372004,297956,315965097,659608,1,315965097,701685,1,3,1,371433,336,315965171,179070,1,93,10,0,1980-01-06T03:06:11,1633357413.416256,2021-10-04T17:23:33
315965184,758552,385013,297956,315965097,659608,1,315965097,701685,1,3,1,383713,347,315965183,458691,1,132,10,0,1980-01-06T03:06:24,1633357427.087996,2021-10-04T17:23:47
315965198,869631,399003,398762,315965198,507567,1,315965198,628582,1,4,1,398083,360,315965197,828713,1,174,10,0,1980-01-06T03:06:38,1633357442.1561608,2021-10-04T17:24:02
315965213,870013,414003,398762,315965198,507567,1,315965198,628582,1,4,1,413613,374,315965213,480010,1,219,10,0,1980-01-06T03:06:53,1633357455.73644,2021-10-04T17:24:15
315965226,870013,427003,398762,315965198,507567,1,315965198,628582,1,4,1,425773,385,315965225,640020,1,2,10,0,1980-01-06T03:07:06,1633357469.3264968,2021-10-04T17:24:29
315965240,879503,441013,398762,315965198,507567,1,315965198,628582,1,4,1,440123,398,315965239,990018,1,44,10,0,1980-01-06T03:07:20,1633357482.3861768,2021-10-04T17:24:42
315965253,869634,454003,398762,315965198,507567,1,315965198,628582,1,4,1,453373,410,315965253,240018,1,83,10,0,1980-01-06T03:07:33,1633357498.1064248,2021-10-04T17:24:58
315965268,879497,469013,398762,315965198,507567,1,315965198,628582,1,4,1,468813,424,315965268,680016,1,128,10,0,1980-01-06T03:07:48,1633357511.176249,2021-10-04T17:25:11
315965281,869622,482003,398762,315965198,507567,1,315965198,628582,1,4,1,481003,435,315965280,870032,1,167,10,0,1980-01-06T03:08:01,1633357524.1167839,2021-10-04T17:25:24
315965294,879543,495013,398762,315965198,507567,1,315965198,628582,1,4,1,494223,447,315965294,90017,1,206,10,0,1980-01-06T03:08:14,1633357537.746393,2021-10-04T17:25:37
315965309,915734,510013,499141,315965299,8134,1,315965299,44069,1,5,1,509713,461,315965309,615524,1,251,10,0,1980-01-06T03:08:29,1633357551.3469808,2021-10-04T17:25:51
315965336,905871,537003,499141,315965299,8134,1,315965299,44069,1,5,1,536283,485,315965336,185483,1,76,10,0,1980-01-06T03:08:56,1633357579.496728,2021-10-04T17:26:19
315965349,905884,550003,499141,315965299,8134,1,315965299,44069,1,5,1,549613,497,315965349,515515,1,115,10,0,1980-01-06T03:09:09,1633357593.216696,2021-10-04T17:26:33
315965364,905453,565003,499141,315965299,8134,1,315965299,44069,1,5,1,561763,508,315965361,665892,1,160,10,0,1980-01-06T03:09:24,1633357606.2868009,2021-10-04T17:26:46
315965377,905473,578003,499141,315965299,8134,1,315965299,44069,1,5,1,577283,522,315965377,185850,1,199,10,0,1980-01-06T03:09:37,1633357619.356912,2021-10-04T17:26:59
315965391,905871,592003,499141,315965299,8134,1,315965299,44069,1,5,1,590573,534,315965390,475516,1,241,10,0,1980-01-06T03:09:51,1633357635.076848,2021-10-04T17:27:15
315965406,137404,606003,599767,315965399,669510,1,315965399,901497,1,6,1,604913,547,315965405,47423,1,27,10,0,1980-01-06T03:10:06,1633357648.7466679,2021-10-04T17:27:28
315965420,137785,620003,599767,315965399,669510,1,315965399,901497,1,6,1,619293,560,315965419,427792,1,69,10,0,1980-01-06T03:10:20,1633357661.7872639,2021-10-04T17:27:41
315965433,137780,633003,599767,315965399,669510,1,315965399,901497,1,6,1,632523,572,315965432,657788,1,108,10,0,1980-01-06T03:10:33,1633357674.858021,2021-10-04T17:27:54
315965447,137380,647003,599767,315965399,669510,1,315965399,901497,1,6,1,646863,585,315965446,997462,1,150,10,0,1980-01-06T03:10:47,1633357688.388445,2021-10-04T17:28:08
315965474,137788,674003,599767,315965399,669510,1,315965399,901497,1,6,1,673523,609,315965473,657410,1,231,10,0,1980-01-06T03:11:14,1633357717.1769478,2021-10-04T17:28:37
315965488,137800,688003,599767,315965399,669510,1,315965399,901497,1,6,1,685663,620,315965485,797403,1,17,10,0,1980-01-06T03:11:28,1633357730.7485929,2021-10-04T17:28:50
315965502,225376,702003,700457,315965500,591846,1,315965500,679528,1,7,1,701093,634,315965501,315388,1,59,10,0,1980-01-06T03:11:42,1633357743.797025,2021-10-04T17:29:03
315965516,225379,716003,700457,315965500,591846,1,315965500,679528,1,7,1,714413,646,315965514,635384,1,101,10,0,1980-01-06T03:11:56,1633357756.796936,2021-10-04T17:29:16
315965529,225382,729003,700457,315965500,591846,1,315965500,679528,1,7,1,728823,659,315965529,45008,1,140,10,0,1980-01-06T03:12:09,1633357772.007277,2021-10-04T17:29:32
315965543,224979,743003,700457,315965500,591846,1,315965500,679528,1,7,1,742103,671,315965542,325392,1,182,10,0,1980-01-06T03:12:23,1633357785.7073278,2021-10-04T17:29:45
315965557,225378,757003,700457,315965500,591846,1,315965500,679528,1,7,1,756483,684,315965556,705395,1,224,10,0,1980-01-06T03:12:37,1633357798.7990918,2021-10-04T17:29:58
315965570,234893,770013,700457,315965500,591846,1,315965500,679528,1,7,1,769773,696,315965569,995026,1,7,10,0,1980-01-06T03:12:50,1633357811.86702,2021-10-04T17:30:11
315965585,225543,785003,700457,315965500,591846,1,315965500,679528,1,7,1,784143,709,315965584,365017,1,52,10,0,1980-01-06T03:13:05,1633357828.357137,2021-10-04T17:30:28
315965599,224986,799003,700457,315965500,591846,1,315965500,679528,1,7,1,798513,722,315965598,735385,1,94,10,0,1980-01-06T03:13:19,1633357841.539052,2021-10-04T17:30:41
315965612,264707,812004,801022,315965601,244398,1,315965601,283573,1,8,1,809533,732,315965609,794197,1,133,10,0,1980-01-06T03:13:32,1633357854.5574958,2021-10-04T17:30:54
315965626,264070,826003,801022,315965601,244398,1,315965601,283573,1,8,1,822813,744,315965623,74482,1,175,10,0,1980-01-06T03:13:46,1633357868.2276318,2021-10-04T17:31:08
315965640,264098,840003,801022,315965601,244398,1,315965601,283573,1,8,1,839463,759,315965639,724491,1,217,10,0,1980-01-06T03:14:00,1633357881.347908,2021-10-04T17:31:21
315965653,274085,853013,801022,315965601,244398,1,315965601,283573,1,8,1,852713,771,315965652,974099,1,0,10,0,1980-01-06T03:14:13,1633357897.017324,2021-10-04T17:31:37
315965668,264477,868003,801022,315965601,244398,1,315965601,283573,1,8,1,867073,784,315965667,334467,1,45,10,0,1980-01-06T03:14:28,1633357910.70712,2021-10-04T17:31:50
315965682,264477,882003,801022,315965601,244398,1,315965601,283573,1,8,1,881383,797,315965681,644113,1,87,10,0,1980-01-06T03:14:42,1633357923.727892,2021-10-04T17:32:03
315965695,264477,895003,801022,315965601,244398,1,315965601,283573,1,8,1,894653,809,315965694,914085,1,126,10,0,1980-01-06T03:14:55,1633357936.7872329,2021-10-04T17:32:16
315965709,264098,909003,801022,315965601,244398,1,315965601,283573,1,8,1,907993,821,315965708,254484,1,168,10,0,1980-01-06T03:15:09,1633357950.4371889,2021-10-04T17:32:30
315965723,274227,923013,801022,315965601,244398,1,315965601,283573,1,8,1,920163,832,315965720,424479,1,210,10,0,1980-01-06T03:15:23,1633357965.657692,2021-10-04T17:32:45
315965736,273966,936013,801022,315965601,244398,1,315965601,283573,1,8,1,935593,846,315965735,854480,1,249,10,0,1980-01-06T03:15:36,1633357978.8073049,2021-10-04T17:32:58
315965751,273950,951013,801022,315965601,244398,1,315965601,283573,1,8,1,950013,859,315965750,274112,1,38,10,0,1980-01-06T03:15:51,1633357992.4492688,2021-10-04T17:33:12
315965764,264074,964003,801022,315965601,244398,1,315965601,283573,1,8,1,963283,871,315965763,544483,1,77,10,0,1980-01-06T03:16:04,1633358006.1569169,2021-10-04T17:33:26
315965778,264471,978003,801022,315965601,244398,1,315965601,283573,1,8,1,977693,884,315965777,954152,1,119,10,0,1980-01-06T03:16:18,1633358019.148576,2021-10-04T17:33:39
315965792,264490,992003,801022,315965601,244398,1,315965601,283573,1,8,1,991023,896,315965791,284364,1,161,10,0,1980-01-06T03:16:32,1633358034.8570368,2021-10-04T17:33:54
315965806,289749,1006003,997263,315965797,523757,1,315965797,549509,1,9,1,1005383,909,315965805,669757,1,203,10,0,1980-01-06T03:16:46,1633358047.9072158,2021-10-04T17:34:07
315965819,289346,1019003,997263,315965797,523757,1,315965797,549509,1,9,1,1018643,921,315965818,929751,1,242,10,0,1980-01-06T03:16:59,1633358061.0680609,2021-10-04T17:34:21
315965833,289750,1033003,997263,315965797,523757,1,315965797,549509,1,9,1,1030803,932,315965831,89764,1,28,10,0,1980-01-06T03:17:13,1633358074.8188598,2021-10-04T17:34:34
315965847,289754,1047003,997263,315965797,523757,1,315965797,549509,1,9,1,1046393,946,315965846,679381,1,70,10,0,1980-01-06T03:17:27,1633358087.846745,2021-10-04T17:34:47
315965860,289749,1060003,997263,315965797,523757,1,315965797,549509,1,9,1,1059693,958,315965859,979757,1,109,10,0,1980-01-06T03:17:40,1633358103.61702,2021-10-04T17:35:03
315965875,289750,1075003,997263,315965797,523757,1,315965797,549509,1,9,1,1074083,971,315965874,369366,1,154,10,0,1980-01-06T03:17:55,1633358116.7167199,2021-10-04T17:35:16
315965890,289372,1090003,997263,315965797,523757,1,315965797,549509,1,9,1,1089513,985,315965889,799682,1,199,10,0,1980-01-06T03:18:10,1633358132.3266358,2021-10-04T17:35:32
315965904,544688,1104013,1097950,315965898,236783,1,315965898,482180,1,10,1,1103843,998,315965904,374680,1,241,10,0,1980-01-06T03:18:24,1633358145.516928,2021-10-04T17:35:45
315965918,535089,1118003,1097950,315965898,236783,1,315965898,482180,1,10,1,1117123,1010,315965917,654683,1,27,10,0,1980-01-06T03:18:38,1633358161.4070609,2021-10-04T17:36:01
315965932,535069,1132003,1097950,315965898,236783,1,315965898,482180,1,10,1,1131513,1023,315965932,45104,1,69,10,0,1980-01-06T03:18:52,1633358174.566776,2021-10-04T17:36:14
315965948,544669,1148013,1097950,315965898,236783,1,315965898,482180,1,10,1,1146963,1037,315965947,495074,1,117,10,0,1980-01-06T03:19:08,1633358190.857041,2021-10-04T17:36:30
315965962,534673,1162003,1097950,315965898,236783,1,315965898,482180,1,10,1,1160183,1049,315965960,715080,1,159,10,0,1980-01-06T03:19:22,1633358203.97668,2021-10-04T17:36:43
315965976,534666,1176003,1097950,315965898,236783,1,315965898,482180,1,10,1,1174583,1062,315965975,115074,1,201,10,0,1980-01-06T03:19:36,1633358217.02716,2021-10-04T17:36:57
315965991,534676,1191003,1097950,315965898,236783,1,315965898,482180,1,10,1,1188993,1075,315965989,525087,1,246,10,0,1980-01-06T03:19:51,1633358234.798508,2021-10-04T17:37:14
315966006,571046,1206003,1198605,315965999,136747,1,315965999,173249,1,11,1,1205613,1090,315966006,181440,1,35,10,0,1980-01-06T03:20:06,1633358247.8965409,2021-10-04T17:37:27
315966019,571027,1219003,1198605,315965999,136747,1,315965999,173249,1,11,1,1216733,1100,315966017,301445,1,74,10,0,1980-01-06T03:20:19,1633358261.646848,2021-10-04T17:37:41
315966034,571054,1234003,1198605,315965999,136747,1,315965999,173249,1,11,1,1232303,1114,315966032,871472,1,119,10,0,1980-01-06T03:20:34,1633358277.2866569,2021-10-04T17:37:57
315966050,571435,1250003,1198605,315965999,136747,1,315965999,173249,1,11,1,1248883,1129,315966049,451045,1,167,10,0,1980-01-06T03:20:50,1633358292.69676,2021-10-04T17:38:12
315966063,571097,1263003,1198605,315965999,136747,1,315965999,173249,1,11,1,1258883,1138,315966059,451049,1,206,10,0,1980-01-06T03:21:03,1633358306.516633,2021-10-04T17:38:26
315966078,571449,1278003,1198605,315965999,136747,1,315965999,173249,1,11,1,1277653,1155,315966078,221446,1,251,10,0,1980-01-06T03:21:18,1633358319.656229,2021-10-04T17:38:39
315966091,571445,1291003,1198605,315965999,136747,1,315965999,173249,1,11,1,1289863,1166,315966090,431465,1,34,10,0,1980-01-06T03:21:31,1633358332.896296,2021-10-04T17:38:52
315966105,571457,1305003,1198605,315965999,136747,1,315965999,173249,1,11,1,1303173,1178,315966103,741491,1,76,10,0,1980-01-06T03:21:45,1633358346.6767159,2021-10-04T17:39:06
315966119,581040,1319013,1198605,315965999,136747,1,315965999,173249,1,11,1,1318683,1192,315966119,251096,1,118,10,0,1980-01-06T03:21:59,1633358362.006821,2021-10-04T17:39:22
315966134,571026,1334003,1198605,315965999,136747,1,315965999,173249,1,11,1,1333033,1205,315966133,601433,1,163,10,0,1980-01-06T03:22:14,1633358375.6767209,2021-10-04T17:39:35
315966161,571226,1361003,1198605,315965999,136747,1,315965999,173249,1,11,1,1360633,1230,315966161,201210,1,244,10,0,1980-01-06T03:22:41,1633358402.616144,2021-10-04T17:40:02
315966175,581252,1375013,1198605,315965999,136747,1,315965999,173249,1,11,1,1373883,1242,315966174,451065,1,30,10,0,1980-01-06T03:22:55,1633358418.4864929,2021-10-04T17:40:18
315966188,571053,1388003,1198605,315965999,136747,1,315965999,173249,1,11,1,1384973,1252,315966185,541447,1,69,10,0,1980-01-06T03:23:08,1633358431.686333,2021-10-04T17:40:31
315966202,793915,1402013,1396705,315966197,272670,1,315966197,485755,1,12,1,1401603,1267,315966202,384032,1,111,10,0,1980-01-06T03:23:22,1633358444.9358718,2021-10-04T17:40:44
315966216,793951,1416013,1396705,315966197,272670,1,315966197,485755,1,12,1,1413853,1278,315966214,634435,1,153,10,0,1980-01-06T03:23:36,1633358458.0862849,2021-10-04T17:40:58
315966231,793906,1431013,1396705,315966197,272670,1,315966197,485755,1,12,1,1430463,1293,315966231,244136,1,198,10,0,1980-01-06T03:23:51,1633358471.895913,2021-10-04T17:41:11
315966244,784080,1444003,1396705,315966197,272670,1,315966197,485755,1,12,1,1442593,1304,315966243,374442,1,237,10,0,1980-01-06T03:24:04,1633358487.946569,2021-10-04T17:41:27
315966259,793963,1459013,1396705,315966197,272670,1,315966197,485755,1,12,1,1458103,1318,315966258,884433,1,26,10,0,1980-01-06T03:24:19,1633358501.1257439,2021-10-04T17:41:41
315966272,784427,1472003,1396705,315966197,272670,1,315966197,485755,1,12,1,1471343,1330,315966272,124455,1,65,10,0,1980-01-06T03:24:32,1633358514.3671489,2021-10-04T17:41:54
315966287,784429,1487003,1396705,315966197,272670,1,315966197,485755,1,12,1,1485723,1343,315966286,504096,1,110,10,0,1980-01-06T03:24:47,1633358528.3056688,2021-10-04T17:42:08
315966300,838374,1500004,1497339,315966298,119798,1,315966298,173310,1,13,1,1499003,1355,315966299,837961,1,149,10,0,1980-01-06T03:25:00,1633358541.5157409,2021-10-04T17:42:21
315966314,837782,1514003,1497339,315966298,119798,1,315966298,173310,1,13,1,1513403,1368,315966314,237876,1,191,10,0,1980-01-06T03:25:14,1633358557.626756,2021-10-04T17:42:37
315966327,847472,1527013,1497339,315966298,119798,1,315966298,173310,1,13,1,1526703,1380,315966327,537582,1,230,10,0,1980-01-06T03:25:27,1633358570.2870529,2021-10-04T17:42:50
315966341,837445,1541003,1497339,315966298,119798,1,315966298,173310,1,13,1,1539963,1392,315966340,797614,1,16,10,0,1980-01-06T03:25:41,1633358583.627413,2021-10-04T17:43:03
315966355,837863,1555003,1497339,315966298,119798,1,315966298,173310,1,13,1,1554313,1405,315966355,147466,1,58,10,0,1980-01-06T03:25:55,1633358596.806849,2021-10-04T17:43:16
315966368,847322,1568013,1497339,315966298,119798,1,315966298,173310,1,13,1,1567563,1417,315966368,397862,1,97,10,0,1980-01-06T03:26:08,1633358609.9956799,2021-10-04T17:43:29
315966382,837859,1582003,1497339,315966298,119798,1,315966298,173310,1,13,1,1577503,1426,315966378,337893,1,139,10,0,1980-01-06T03:26:22,1633358623.2061079,2021-10-04T17:43:43
315966394,837863,1594003,1497339,315966298,119798,1,315966298,173310,1,13,1,1591843,1439,315966392,677487,1,175,10,0,1980-01-06T03:26:34,1633358636.44672,2021-10-04T17:43:56
315966410,52809,1609013,1597455,315966398,289082,1,315966398,494599,1,14,1,1608433,1454,315966409,473340,1,220,10,0,1980-01-06T03:26:50,1633358652.4578729,2021-10-04T17:44:12
315966423,42940,1622003,1597455,315966398,289082,1,315966398,494599,1,14,1,1618483,1463,315966419,522937,1,3,10,0,1980-01-06T03:27:03,1633358665.13676,2021-10-04T17:44:25
315966437,43346,1636003,1597455,315966398,289082,1,315966398,494599,1,14,1,1635123,1478,315966436,163328,1,45,10,0,1980-01-06T03:27:17,1633358678.4262168,2021-10-04T17:44:38
315966451,42953,1650003,1597455,315966398,289082,1,315966398,494599,1,14,1,1648443,1490,315966449,482961,1,87,10,0,1980-01-06T03:27:31,1633358691.775936,2021-10-04T17:44:51
315966463,43339,1662003,1597455,315966398,289082,1,315966398,494599,1,14,1,1661743,1502,315966462,783346,1,123,10,0,1980-01-06T03:27:43,1633358705.0373719,2021-10-04T17:45:05
315966477,42938,1676003,1597455,315966398,289082,1,315966398,494599,1,14,1,1674943,1514,315966475,982946,1,165,10,0,1980-01-06T03:27:57,1633358718.336525,2021-10-04T17:45:18
315966491,52819,1690013,1597455,315966398,289082,1,315966398,494599,1,14,1,1688243,1526,315966489,282979,1,207,10,0,1980-01-06T03:28:11,1633358731.57618,2021-10-04T17:45:31
315966505,223403,1704003,1698108,315966499,147818,1,315966499,328314,1,15,1,1703793,1540,315966505,13396,1,249,10,0,1980-01-06T03:28:25,1633358744.835952,2021-10-04T17:45:44
315966517,233376,1716013,1698108,315966499,147818,1,315966499,328314,1,15,1,1714853,1550,315966516,73767,1,29,10,0,1980-01-06T03:28:37,1633358760.346689,2021-10-04T17:46:00
315966531,223368,1730003,1698108,315966499,147818,1,315966499,328314,1,15,1,1729293,1563,315966530,513765,1,71,10,0,1980-01-06T03:28:51,1633358775.465689,2021-10-04T17:46:15
315966547,223762,1746003,1698108,315966499,147818,1,315966499,328314,1,15,1,1745893,1578,315966547,113615,1,119,10,0,1980-01-06T03:29:07,1633358788.764765,2021-10-04T17:46:28
315966560,223763,1759003,1698108,315966499,147818,1,315966499,328314,1,15,1,1758003,1589,315966559,223953,1,158,10,0,1980-01-06T03:29:20,1633358802.0555289,2021-10-04T17:46:42
315966574,233518,1773013,1698108,315966499,147818,1,315966499,328314,1,15,1,1772343,1602,315966573,563959,1,200,10,0,1980-01-06T03:29:34,1633358815.3332598,2021-10-04T17:46:55
315966588,223373,1787003,1698108,315966499,147818,1,315966499,328314,1,15,1,1786803,1615,315966588,23765,1,242,10,0,1980-01-06T03:29:48,1633358828.602381,2021-10-04T17:47:08
315966602,223762,1801003,1698108,315966499,147818,1,315966499,328314,1,15,1,1800053,1627,315966601,273562,1,28,10,0,1980-01-06T03:30:02,1633358841.92154,2021-10-04T17:47:21
315966615,223366,1814003,1698108,315966499,147818,1,315966499,328314,1,15,1,1813333,1639,315966614,553419,1,67,10,0,1980-01-06T03:30:15,1633358857.361744,2021-10-04T17:47:37
315966628,233368,1827013,1698108,315966499,147818,1,315966499,328314,1,15,1,1826553,1651,315966627,773775,1,106,10,0,1980-01-06T03:30:28,1633358871.479449,2021-10-04T17:47:51
315966642,223754,1841003,1698108,315966499,147818,1,315966499,328314,1,15,1,1837613,1661,315966638,833765,1,148,10,0,1980-01-06T03:30:42,1633358884.02226,2021-10-04T17:48:04
315966656,224373,1855004,1698108,315966499,147818,1,315966499,328314,1,15,1,1854243,1676,315966655,463763,1,190,10,0,1980-01-06T03:30:56,1633358897.358553,2021-10-04T17:48:17
315966670,223762,1869003,1698108,315966499,147818,1,315966499,328314,1,15,1,1868643,1689,315966669,863428,1,232,10,0,1980-01-06T03:31:10,1633358910.6802719,2021-10-04T17:48:30
315966683,223761,1882003,1698108,315966499,147818,1,315966499,328314,1,15,1,1880893,1700,315966682,113767,1,15,10,0,1980-01-06T03:31:23,1633358923.987324,2021-10-04T17:48:43
315966696,223569,1895003,1698108,315966499,147818,1,315966499,328314,1,15,1,1894283,1712,315966695,503762,1,54,10,0,1980-01-06T03:31:36,1633358937.2968838,2021-10-04T17:48:57
315966710,271368,1909013,1896261,315966697,481698,1,315966697,519902,1,16,1,1908603,1725,315966709,861547,1,96,10,0,1980-01-06T03:31:50,1633358952.806689,2021-10-04T17:49:12
315966724,261896,1923003,1896261,315966697,481698,1,315966697,519902,1,16,1,1921883,1737,315966723,141918,1,138,10,0,1980-01-06T03:32:04,1633358965.5261528,2021-10-04T17:49:25
315966739,261897,1938003,1896261,315966697,481698,1,315966697,519902,1,16,1,1936283,1750,315966737,541498,1,183,10,0,1980-01-06T03:32:19,1633358980.7845168,2021-10-04T17:49:40
315966753,261905,1952003,1896261,315966697,481698,1,315966697,519902,1,16,1,1951743,1764,315966753,1929,1,225,10,0,1980-01-06T03:32:33,1633358994.0939958,2021-10-04T17:49:54
315966766,261900,1965003,1896261,315966697,481698,1,315966697,519902,1,16,1,1963953,1775,315966765,211907,1,8,10,0,1980-01-06T03:32:46,1633359008.013445,2021-10-04T17:50:08
315966780,261523,1979003,1896261,315966697,481698,1,315966697,519902,1,16,1,1976123,1786,315966777,381568,1,50,10,0,1980-01-06T03:33:00,1633359021.39274,2021-10-04T17:50:21
315966794,261897,1993003,1896261,315966697,481698,1,315966697,519902,1,16,1,1992773,1801,315966794,31921,1,92,10,0,1980-01-06T03:33:14,1633359034.162209,2021-10-04T17:50:34
315966807,353365,2006003,1996881,315966798,139051,1,315966798,230967,1,17,1,2004963,1812,315966806,313738,1,131,10,0,1980-01-06T03:33:27,1633359047.401577,2021-10-04T17:50:47
315966821,353360,2020003,1996881,315966798,139051,1,315966798,230967,1,17,1,2019403,1825,315966820,753772,1,173,10,0,1980-01-06T03:33:41,1633359062.823853,2021-10-04T17:51:02
315966835,353923,2034003,1996881,315966798,139051,1,315966798,230967,1,17,1,2033833,1838,315966835,183367,1,215,10,0,1980-01-06T03:33:55,1633359076.1605608,2021-10-04T17:51:16
315966848,353738,2047003,1996881,315966798,139051,1,315966798,230967,1,17,1,2046033,1849,315966847,383740,1,254,10,0,1980-01-06T03:34:08,1633359089.4717798,2021-10-04T17:51:29
315966862,353729,2061003,1996881,315966798,139051,1,315966798,230967,1,17,1,2060393,1862,315966861,743737,1,40,10,0,1980-01-06T03:34:22,1633359102.790045,2021-10-04T17:51:42
315966877,353733,2076003,1996881,315966798,139051,1,315966798,230967,1,17,1,2074783,1875,315966876,133767,1,85,10,0,1980-01-06T03:34:37,1633359118.4991438,2021-10-04T17:51:58
315966891,363224,2090013,1996881,315966798,139051,1,315966798,230967,1,17,1,2089213,1888,315966890,563736,1,127,10,0,1980-01-06T03:34:51,1633359131.188933,2021-10-04T17:52:11
315966904,390652,2103013,2097606,315966898,955973,1,315966898,983366,1,18,1,2102503,1900,315966903,881057,1,166,10,0,1980-01-06T03:35:04,1633359146.337769,2021-10-04T17:52:26
315966920,390657,2119013,2097606,315966898,955973,1,315966898,983366,1,18,1,2117963,1914,315966919,341053,1,214,10,0,1980-01-06T03:35:20,1633359161.808068,2021-10-04T17:52:41
315966934,380672,2133003,2097606,315966898,955973,1,315966898,983366,1,18,1,2132353,1927,315966933,731055,1,0,10,0,1980-01-06T03:35:34,1633359175.157177,2021-10-04T17:52:55
315966947,381053,2146003,2097606,315966898,955973,1,315966898,983366,1,18,1,2142373,1936,315966943,750696,1,39,10,0,1980-01-06T03:35:47,1633359189.046468,2021-10-04T17:53:09
315966961,390576,2160013,2097606,315966898,955973,1,315966898,983366,1,18,1,2157933,1950,315966959,311021,1,81,10,0,1980-01-06T03:36:01,1633359202.256608,2021-10-04T17:53:22
315966974,380944,2173003,2097606,315966898,955973,1,315966898,983366,1,18,1,2172343,1963,315966973,721056,1,120,10,0,1980-01-06T03:36:14,1633359214.955796,2021-10-04T17:53:34
315966988,390579,2187013,2097606,315966898,955973,1,315966898,983366,1,18,1,2186723,1976,315966988,101051,1,162,10,0,1980-01-06T03:36:28,1633359228.185845,2021-10-04T17:53:48
315967001,568353,2200003,2198173,315966999,550984,1,315966999,738685,1,19,1,2198933,1987,315967000,498252,1,201,10,0,1980-01-06T03:36:41,1633359241.444964,2021-10-04T17:54:01
315967015,568245,2214003,2198173,315966999,550984,1,315966999,738685,1,19,1,2213393,2000,315967014,958264,1,243,10,0,1980-01-06T03:36:55,1633359256.894973,2021-10-04T17:54:16
315967029,568252,2228003,2198173,315966999,550984,1,315966999,738685,1,19,1,2227773,2013,315967029,338654,1,29,10,0,1980-01-06T03:37:09,1633359270.864488,2021-10-04T17:54:30
315967042,578179,2241013,2198173,315966999,550984,1,315966999,738685,1,19,1,2239963,2024,315967041,528660,1,68,10,0,1980-01-06T03:37:22,1633359283.55346,2021-10-04T17:54:43
315967056,568673,2255003,2198173,315966999,550984,1,315966999,738685,1,19,1,2254323,2037,315967055,888650,1,110,10,0,1980-01-06T03:37:36,1633359296.853209,2021-10-04T17:54:56
315967069,568648,2268003,2198173,315966999,550984,1,315966999,738685,1,19,1,2267663,2049,315967069,228644,1,149,10,0,1980-01-06T03:37:49,1633359310.053176,2021-10-04T17:55:10
315967083,568246,2282003,2198173,315966999,550984,1,315966999,738685,1,19,1,2279843,2060,315967081,408512,1,191,10,0,1980-01-06T03:38:03,1633359323.322252,2021-10-04T17:55:23
315967096,578458,2295013,2198173,315966999,550984,1,315966999,738685,1,19,1,2294203,2073,315967095,768656,1,230,10,0,1980-01-06T03:38:16,1633359336.651952,2021-10-04T17:55:36
315967109,683839,2308003,2298990,315967100,555503,1,315967100,670767,1,20,1,2306393,2084,315967108,73819,1,13,10,0,1980-01-06T03:38:29,1633359352.0821009,2021-10-04T17:55:52
315967124,683816,2323003,2298990,315967100,555503,1,315967100,670767,1,20,1,2321873,2098,315967123,553512,1,58,10,0,1980-01-06T03:38:44,1633359365.3614888,2021-10-04T17:56:05
315967137,683439,2336003,2298990,315967100,555503,1,315967100,670767,1,20,1,2335183,2110,315967136,863407,1,97,10,0,1980-01-06T03:38:57,1633359378.601125,2021-10-04T17:56:18
315967151,683819,2350003,2298990,315967100,555503,1,315967100,670767,1,20,1,2348433,2122,315967150,113489,1,139,10,0,1980-01-06T03:39:11,1633359391.880733,2021-10-04T17:56:31
315967165,683811,2364003,2298990,315967100,555503,1,315967100,670767,1,20,1,2362863,2135,315967164,543526,1,181,10,0,1980-01-06T03:39:25,1633359405.100781,2021-10-04T17:56:45
315967177,683827,2376003,2298990,315967100,555503,1,315967100,670767,1,20,1,2374993,2146,315967176,673837,1,217,10,0,1980-01-06T03:39:37,1633359418.389765,2021-10-04T17:56:58
315967191,683413,2390003,2298990,315967100,555503,1,315967100,670767,1,20,1,2383893,2154,315967185,573836,1,3,10,0,1980-01-06T03:39:51,1633359431.7494729,2021-10-04T17:57:11
315967204,810331,2403003,2399579,315967201,259297,1,315967201,385837,1,21,1,2402713,2171,315967204,520270,1,42,10,0,1980-01-06T03:40:04,1633359447.3000169,2021-10-04T17:57:27
315967219,819726,2418013,2399579,315967201,259297,1,315967201,385837,1,21,1,2417023,2184,315967218,829885,1,87,10,0,1980-01-06T03:40:19,1633359460.539204,2021-10-04T17:57:40
315967233,819806,2432013,2399579,315967201,259297,1,315967201,385837,1,21,1,2431403,2197,315967233,209921,1,129,10,0,1980-01-06T03:40:33,1633359473.948504,2021-10-04T17:57:53
315967245,810267,2444003,2399579,315967201,259297,1,315967201,385837,1,21,1,2443613,2208,315967245,420266,1,165,10,0,1980-01-06T03:40:45,1633359487.2083359,2021-10-04T17:58:07
315967259,809866,2458003,2399579,315967201,259297,1,315967201,385837,1,21,1,2456823,2220,315967258,629885,1,207,10,0,1980-01-06T03:40:59,1633359500.4486969,2021-10-04T17:58:20
315967273,816839,2472010,2399579,315967201,259297,1,315967201,385837,1,21,1,2471253,2233,315967273,60267,1,249,10,0,1980-01-06T03:41:13,1633359513.137696,2021-10-04T17:58:33
315967300,810263,2499003,2399579,315967201,259297,1,315967201,385837,1,21,1,2497783,2257,315967299,590274,1,74,10,0,1980-01-06T03:41:40,1633359542.4180238,2021-10-04T17:59:02
315967313,810282,2512003,2399579,315967201,259297,1,315967201,385837,1,21,1,2511153,2269,315967312,960286,1,113,10,0,1980-01-06T03:41:53,1633359555.14732,2021-10-04T17:59:15
315967327,810270,2526003,2399579,315967201,259297,1,315967201,385837,1,21,1,2525503,2282,315967327,310023,1,155,10,0,1980-01-06T03:42:07,1633359568.516569,2021-10-04T17:59:28
315967341,810264,2540003,2399579,315967201,259297,1,315967201,385837,1,21,1,2538793,2294,315967340,600274,1,197,10,0,1980-01-06T03:42:21,1633359581.7765288,2021-10-04T17:59:41
315967354,810393,2553003,2399579,315967201,259297,1,315967201,385837,1,21,1,2552023,2306,315967353,830263,1,236,10,0,1980-01-06T03:42:34,1633359595.0259368,2021-10-04T17:59:55
315967367,810263,2566003,2399579,315967201,259297,1,315967201,385837,1,21,1,2565353,2318,315967367,160263,1,19,10,0,1980-01-06T03:42:47,1633359608.3459198,2021-10-04T18:00:08
315967380,810282,2579003,2399579,315967201,259297,1,315967201,385837,1,21,1,2577503,2329,315967379,309858,1,58,10,0,1980-01-06T03:43:00,1633359621.535697,2021-10-04T18:00:21
315967395,809886,2594003,2399579,315967201,259297,1,315967201,385837,1,21,1,2593034,2343,315967394,840778,1,103,10,0,1980-01-06T03:43:15,1633359634.814997,2021-10-04T18:00:34
315967410,48766,2608003,2595695,315967397,501576,1,315967397,740529,1,22,1,2607433,2356,315967409,479147,1,145,10,0,1980-01-06T03:43:30,1633359650.305884,2021-10-04T18:00:50
315967423,49156,2621003,2595695,315967397,501576,1,315967397,740529,1,22,1,2619633,2367,315967421,679149,1,184,10,0,1980-01-06T03:43:43,1633359663.505504,2021-10-04T18:01:03
315967437,49138,2635003,2595695,315967397,501576,1,315967397,740529,1,22,1,2632933,2379,315967434,979145,1,226,10,0,1980-01-06T03:43:57,1633359676.7747009,2021-10-04T18:01:16
315967449,49141,2647003,2595695,315967397,501576,1,315967397,740529,1,22,1,2646193,2391,315967448,239145,1,6,10,0,1980-01-06T03:44:09,1633359690.044076,2021-10-04T18:01:30
315967477,48734,2675003,2595695,315967397,501576,1,315967397,740529,1,22,1,2673863,2416,315967475,909145,1,90,10,0,1980-01-06T03:44:37,1633359716.5434558,2021-10-04T18:01:56
315967491,48752,2689003,2595695,315967397,501576,1,315967397,740529,1,22,1,2687143,2428,315967489,189145,1,132,10,0,1980-01-06T03:44:51,1633359729.803741,2021-10-04T18:02:09
315967504,175377,2702013,2695511,315967497,556369,1,315967497,673096,1,23,1,2701513,2441,315967503,675788,1,171,10,0,1980-01-06T03:45:04,1633359745.203593,2021-10-04T18:02:25
315967517,175616,2715013,2695511,315967497,556369,1,315967497,673096,1,23,1,2714863,2453,315967517,25784,1,210,10,0,1980-01-06T03:45:17,1633359758.543128,2021-10-04T18:02:38
315967532,165802,2730003,2695511,315967497,556369,1,315967497,673096,1,23,1,2728113,2465,315967530,275384,1,255,10,0,1980-01-06T03:45:32,1633359771.892665,2021-10-04T18:02:51
315967544,165391,2742003,2695511,315967497,556369,1,315967497,673096,1,23,1,2741373,2477,315967543,535786,1,35,10,0,1980-01-06T03:45:44,1633359785.1927888,2021-10-04T18:03:05
315967558,165798,2756003,2695511,315967497,556369,1,315967497,673096,1,23,1,2755713,2490,315967557,875788,1,77,10,0,1980-01-06T03:45:58,1633359798.4423609,2021-10-04T18:03:18
315967572,175392,2770013,2695511,315967497,556369,1,315967497,673096,1,23,1,2767873,2501,315967570,35441,1,119,10,0,1980-01-06T03:46:12,1633359811.682365,2021-10-04T18:03:31
315967585,165782,2783003,2695511,315967497,556369,1,315967497,673096,1,23,1,2781143,2513,315967583,305788,1,158,10,0,1980-01-06T03:46:25,1633359824.971928,2021-10-04T18:03:44
315967599,251274,2797003,2796157,315967598,319228,1,315967598,405189,1,24,1,2796663,2527,315967598,911655,1,200,10,0,1980-01-06T03:46:39,1633359840.393157,2021-10-04T18:04:00
315967612,251647,2810003,2796157,315967598,319228,1,315967598,405189,1,24,1,2807703,2537,315967609,951655,1,239,10,0,1980-01-06T03:46:52,1633359853.641165,2021-10-04T18:04:13
315967626,261478,2824013,2796157,315967598,319228,1,315967598,405189,1,24,1,2823123,2551,315967625,371282,1,25,10,0,1980-01-06T03:47:06,1633359866.2411919,2021-10-04T18:04:26
315967639,251278,2837003,2796157,315967598,319228,1,315967598,405189,1,24,1,2835413,2562,315967637,661309,1,64,10,0,1980-01-06T03:47:19,1633359879.4514918,2021-10-04T18:04:39
315967653,251639,2851003,2796157,315967598,319228,1,315967598,405189,1,24,1,2847663,2573,315967649,911661,1,106,10,0,1980-01-06T03:47:33,1633359893.280453,2021-10-04T18:04:53
315967666,261148,2864013,2796157,315967598,319228,1,315967598,405189,1,24,1,2861993,2586,315967664,241564,1,145,10,0,1980-01-06T03:47:46,1633359906.590889,2021-10-04T18:05:06
315967680,251631,2878003,2796157,315967598,319228,1,315967598,405189,1,24,1,2877513,2600,315967679,761654,1,187,10,0,1980-01-06T03:48:00,1633359919.8120089,2021-10-04T18:05:19
315967693,251667,2891003,2796157,315967598,319228,1,315967598,405189,1,24,1,2889703,2611,315967691,951310,1,226,10,0,1980-01-06T03:48:13,1633359932.440088,2021-10-04T18:05:32
315967707,260124,2905013,2896249,315967698,497298,1,315967698,496348,1,25,1,2904163,2624,315967706,410627,1,12,10,0,1980-01-06T03:48:27,1633359947.860949,2021-10-04T18:05:47
315967721,250646,2919003,2896249,315967698,497298,1,315967698,496348,1,25,1,2918613,2637,315967720,860637,1,54,10,0,1980-01-06T03:48:41,1633359961.1494439,2021-10-04T18:06:01
315967734,260081,2932013,2896249,315967698,497298,1,315967698,496348,1,25,1,2931823,2649,315967734,70643,1,93,10,0,1980-01-06T03:48:54,1633359974.479233,2021-10-04T18:06:14
315967748,250621,2946003,2896249,315967698,497298,1,315967698,496348,1,25,1,2945143,2661,315967747,390641,1,135,10,0,1980-01-06T03:49:08,1633359987.80074,2021-10-04T18:06:27
315967762,250211,2960003,2896249,315967698,497298,1,315967698,496348,1,25,1,2959544,2674,315967761,790692,1,177,10,0,1980-01-06T03:49:22,1633360001.119077,2021-10-04T18:06:41
315967774,250627,2972003,2896249,315967698,497298,1,315967698,496348,1,25,1,2971683,2685,315967773,930268,1,213,10,0,1980-01-06T03:49:34,1633360014.408612,2021-10-04T18:06:54
315967788,250618,2986003,2896249,315967698,497298,1,315967698,496348,1,25,1,2985053,2697,315967787,300624,1,255,10,0,1980-01-06T03:49:48,1633360027.7184439,2021-10-04T18:07:07
315967801,429806,2999003,2996945,315967799,192254,1,315967799,371547,1,26,1,2998313,2709,315967800,739495,1,38,10,0,1980-01-06T03:50:01,1633360043.168869,2021-10-04T18:07:23
315967815,429481,3013003,2996945,315967799,192254,1,315967799,371547,1,26,1,3012683,2722,315967815,109472,1,80,10,0,1980-01-06T03:50:15,1633360056.3880398,2021-10-04T18:07:36
315967829,439563,3027013,2996945,315967799,192254,1,315967799,371547,1,26,1,3025943,2734,315967828,369844,1,122,10,0,1980-01-06T03:50:29,1633360069.6178799,2021-10-04T18:07:49
315967843,439376,3041013,2996945,315967799,192254,1,315967799,371547,1,26,1,3040353,2747,315967842,779858,1,164,10,0,1980-01-06T03:50:43,1633360082.888368,2021-10-04T18:08:02
315967869,429840,3067003,2996945,315967799,192254,1,315967799,371547,1,26,1,3065803,2770,315967868,229850,1,242,10,0,1980-01-06T03:51:09,1633360109.479393,2021-10-04T18:08:29
315967883,429844,3081003,2996945,315967799,192254,1,315967799,371547,1,26,1,3080193,2783,315967882,619862,1,28,10,0,1980-01-06T03:51:23,1633360122.678076,2021-10-04T18:08:42
315967896,429968,3094003,2996945,315967799,192254,1,315967799,371547,1,26,1,3093483,2795,315967895,909872,1,67,10,0,1980-01-06T03:51:36,1633360135.3788478,2021-10-04T18:08:55
315967910,450872,3108003,3098788,315967901,214543,1,315967901,236057,1,27,1,3106723,2807,315967909,170952,1,109,10,0,1980-01-06T03:51:50,1633360150.748085,2021-10-04T18:09:10
315967924,451574,3122004,3098788,315967901,214543,1,315967901,236057,1,27,1,3119973,2819,315967922,421283,1,151,10,0,1980-01-06T03:52:04,1633360164.7075999,2021-10-04T18:09:24
315967937,451278,3135003,3098788,315967901,214543,1,315967901,236057,1,27,1,3133333,2831,315967935,780884,1,190,10,0,1980-01-06T03:52:17,1633360177.916628,2021-10-04T18:09:37
315967951,460828,3149013,3098788,315967901,214543,1,315967901,236057,1,27,1,3147703,2844,315967950,151317,1,232,10,0,1980-01-06T03:52:31,1633360191.126173,2021-10-04T18:09:51
315967964,451278,3162003,3098788,315967901,214543,1,315967901,236057,1,27,1,3160983,2856,315967963,431281,1,15,10,0,1980-01-06T03:52:44,1633360203.7567399,2021-10-04T18:10:03
315967978,451273,3176003,3098788,315967901,214543,1,315967901,236057,1,27,1,3175343,2869,315967977,791282,1,57,10,0,1980-01-06T03:52:58,1633360216.9863079,2021-10-04T18:10:16
315967991,451273,3189003,3098788,315967901,214543,1,315967901,236057,1,27,1,3188663,2881,315967991,111285,1,96,10,0,1980-01-06T03:53:11,1633360230.275769,2021-10-04T18:10:30
315968006,541307,3204003,3199160,315968001,608190,1,315968001,698706,1,28,1,3203033,2894,315968005,571682,1,141,10,0,1980-01-06T03:53:26,1633360246.165693,2021-10-04T18:10:46
315968018,541706,3216003,3199160,315968001,608190,1,315968001,698706,1,28,1,3215263,2905,315968017,801407,1,177,10,0,1980-01-06T03:53:38,1633360259.475288,2021-10-04T18:10:59
315968032,541592,3230003,3199160,315968001,608190,1,315968001,698706,1,28,1,3229713,2918,315968032,251710,1,219,10,0,1980-01-06T03:53:52,1633360272.705308,2021-10-04T18:11:12
315968046,541312,3244003,3199160,315968001,608190,1,315968001,698706,1,28,1,3242973,2930,315968045,511724,1,5,10,0,1980-01-06T03:54:06,1633360285.679597,2021-10-04T18:11:25
315968059,541324,3257003,3199160,315968001,608190,1,315968001,698706,1,28,1,3256233,2942,315968058,771723,1,44,10,0,1980-01-06T03:54:19,1633360298.7350879,2021-10-04T18:11:38
315968073,541314,3271003,3199160,315968001,608190,1,315968001,698706,1,28,1,3270573,2955,315968073,111712,1,86,10,0,1980-01-06T03:54:33,1633360312.044692,2021-10-04T18:11:52
315968086,541314,3284003,3199160,315968001,608190,1,315968001,698706,1,28,1,3283833,2967,315968086,371722,1,125,10,0,1980-01-06T03:54:46,1633360325.254644,2021-10-04T18:12:05
315968100,541707,3298003,3199160,315968001,608190,1,315968001,698706,1,28,1,3295993,2978,315968098,531413,1,167,10,0,1980-01-06T03:55:00,1633360341.404245,2021-10-04T18:12:21
315968114,680458,3312013,3299992,315968102,530632,1,315968102,659857,1,29,1,3311483,2992,315968114,150865,1,209,10,0,1980-01-06T03:55:14,1633360354.044309,2021-10-04T18:12:34
315968127,670863,3325003,3299992,315968102,530632,1,315968102,659857,1,29,1,3324783,3004,315968127,450729,1,248,10,0,1980-01-06T03:55:27,1633360367.3743088,2021-10-04T18:12:47
315968141,680468,3339013,3299992,315968102,530632,1,315968102,659857,1,29,1,3338123,3016,315968140,790562,1,34,10,0,1980-01-06T03:55:41,1633360380.583624,2021-10-04T18:13:00
315968153,680447,3351013,3299992,315968102,530632,1,315968102,659857,1,29,1,3350313,3027,315968152,980877,1,70,10,0,1980-01-06T03:55:53,1633360393.863536,2021-10-04T18:13:13
315968169,680317,3367013,3299992,315968102,530632,1,315968102,659857,1,29,1,3364743,3040,315968167,410868,1,118,10,0,1980-01-06T03:56:09,1633360409.013432,2021-10-04T18:13:29
315968182,680385,3380013,3299992,315968102,530632,1,315968102,659857,1,29,1,3377043,3051,315968179,710859,1,157,10,0,1980-01-06T03:56:22,1633360422.293505,2021-10-04T18:13:42
315968197,680398,3395013,3299992,315968102,530632,1,315968102,659857,1,29,1,3393733,3066,315968196,400468,1,202,10,0,1980-01-06T03:56:37,1633360437.643748,2021-10-04T18:13:57
315968210,670707,3408003,3299992,315968102,530632,1,315968102,659857,1,29,1,3405933,3077,315968208,600491,1,241,10,0,1980-01-06T03:56:50,1633360450.8742728,2021-10-04T18:14:10
315968223,670485,3421003,3299992,315968102,530632,1,315968102,659857,1,29,1,3420313,3090,315968222,980496,1,24,10,0,1980-01-06T03:57:03,1633360464.0928,2021-10-04T18:14:24
315968237,670862,3435003,3299992,315968102,530632,1,315968102,659857,1,29,1,3433573,3102,315968236,240457,1,66,10,0,1980-01-06T03:57:17,1633360477.352485,2021-10-04T18:14:37
315968250,681264,3448014,3299992,315968102,530632,1,315968102,659857,1,29,1,3446883,3114,315968249,550865,1,105,10,0,1980-01-06T03:57:30,1633360490.584348,2021-10-04T18:14:50
315968264,670862,3462003,3299992,315968102,530632,1,315968102,659857,1,29,1,3461223,3127,315968263,890592,1,147,10,0,1980-01-06T03:57:44,1633360503.192472,2021-10-04T18:15:03
315968278,670858,3476003,3299992,315968102,530632,1,315968102,659857,1,29,1,3475603,3140,315968278,270879,1,189,10,0,1980-01-06T03:57:58,1633360516.95348,2021-10-04T18:15:16
315968292,670858,3490003,3299992,315968102,530632,1,315968102,659857,1,29,1,3487843,3151,315968290,510867,1,231,10,0,1980-01-06T03:58:12,1633360532.4323359,2021-10-04T18:15:32
315968304,898078,3502013,3495483,315968298,150140,1,315968298,367976,1,30,1,3501173,3163,315968304,58619,1,11,10,0,1980-01-06T03:58:24,1633360545.631669,2021-10-04T18:15:45
315968318,888631,3516003,3495483,315968298,150140,1,315968298,367976,1,30,1,3514523,3175,315968317,408624,1,53,10,0,1980-01-06T03:58:38,1633360558.931669,2021-10-04T18:15:58
315968331,888659,3529003,3495483,315968298,150140,1,315968298,367976,1,30,1,3527743,3187,315968330,628442,1,92,10,0,1980-01-06T03:58:51,1633360572.1215248,2021-10-04T18:16:12
315968345,888616,3543003,3495483,315968298,150140,1,315968298,367976,1,30,1,3542163,3200,315968345,48617,1,134,10,0,1980-01-06T03:59:05,1633360584.9612,2021-10-04T18:16:24
315968358,898091,3556013,3495483,315968298,150140,1,315968298,367976,1,30,1,3555423,3212,315968358,308619,1,173,10,0,1980-01-06T03:59:18,1633360597.9813209,2021-10-04T18:16:37
315968372,888615,3570003,3495483,315968298,150140,1,315968298,367976,1,30,1,3569723,3225,315968372,608625,1,215,10,0,1980-01-06T03:59:32,1633360611.27104,2021-10-04T18:16:51
315968385,888233,3583003,3495483,315968298,150140,1,315968298,367976,1,30,1,3581963,3236,315968384,848215,1,254,10,0,1980-01-06T03:59:45,1633360624.5214329,2021-10-04T18:17:04
315968400,64756,3597003,3596293,315968399,177996,1,315968399,354209,1,31,1,3596403,3249,315968399,464419,1,40,10,0,1980-01-06T04:00:00,1633360639.961109,2021-10-04T18:17:19
315968414,64757,3611003,3596293,315968399,177996,1,315968399,354209,1,31,1,3610843,3262,315968413,904771,1,82,10,0,1980-01-06T04:00:14,1633360653.290284,2021-10-04T18:17:33
315968426,64375,3623003,3596293,315968399,177996,1,315968399,354209,1,31,1,3621923,3272,315968424,984760,1,118,10,0,1980-01-06T04:00:26,1633360666.450377,2021-10-04T18:17:46
315968440,74322,3637013,3596293,315968399,177996,1,315968399,354209,1,31,1,3635203,3284,315968438,264758,1,160,10,0,1980-01-06T04:00:40,1633360679.659965,2021-10-04T18:17:59
315968454,64760,3651003,3596293,315968399,177996,1,315968399,354209,1,31,1,3650803,3298,315968453,864760,1,202,10,0,1980-01-06T04:00:54,1633360692.87986,2021-10-04T18:18:12
315968468,64757,3665003,3596293,315968399,177996,1,315968399,354209,1,31,1,3663013,3309,315968466,74756,1,244,10,0,1980-01-06T04:01:08,1633360706.069725,2021-10-04T18:18:26
315968480,64756,3677003,3596293,315968399,177996,1,315968399,354209,1,31,1,3676303,3321,315968479,364758,1,24,10,0,1980-01-06T04:01:20,1633360719.3895369,2021-10-04T18:18:39
315968494,64752,3691003,3596293,315968399,177996,1,315968399,354209,1,31,1,3690803,3334,315968493,864765,1,66,10,0,1980-01-06T04:01:34,1633360734.799877,2021-10-04T18:18:54
315968508,212688,3705003,3696619,315968499,680065,1,315968499,828075,1,32,1,3704083,3346,315968507,292637,1,108,10,0,1980-01-06T04:01:48,1633360747.989624,2021-10-04T18:19:07
315968521,212480,3718003,3696619,315968499,680065,1,315968499,828075,1,32,1,3717333,3358,315968520,542679,1,147,10,0,1980-01-06T04:02:01,1633360761.128964,2021-10-04T18:19:21
315968535,212679,3732003,3696619,315968499,680065,1,315968499,828075,1,32,1,3731713,3371,315968534,922689,1,189,10,0,1980-01-06T04:02:15,1633360773.7388399,2021-10-04T18:19:33
315968549,222201,3746013,3696619,315968499,680065,1,315968499,828075,1,32,1,3743933,3382,315968547,142698,1,231,10,0,1980-01-06T04:02:29,1633360787.5832648,2021-10-04T18:19:47
315968563,212277,3760003,3696619,315968499,680065,1,315968499,828075,1,32,1,3758283,3395,315968561,492698,1,17,10,0,1980-01-06T04:02:43,1633360800.7487838,2021-10-04T18:20:00
315968575,212792,3772003,3696619,315968499,680065,1,315968499,828075,1,32,1,3771553,3407,315968574,762715,1,53,10,0,1980-01-06T04:02:55,1633360814.0287318,2021-10-04T18:20:14
315968589,212684,3786003,3696619,315968499,680065,1,315968499,828075,1,32,1,3784933,3419,315968588,142698,1,95,10,0,1980-01-06T04:03:09,1633360829.389148,2021-10-04T18:20:29
315968602,241821,3799003,3797977,315968601,186418,1,315968601,216012,1,33,1,3798203,3431,315968601,442201,1,134,10,0,1980-01-06T04:03:22,1633360842.6280959,2021-10-04T18:20:42
315968616,241879,3813003,3797977,315968601,186418,1,315968601,216012,1,33,1,3812633,3444,315968615,871805,1,176,10,0,1980-01-06T04:03:36,1633360855.318444,2021-10-04T18:20:55
315968629,242201,3826003,3797977,315968601,186418,1,315968601,216012,1,33,1,3824773,3455,315968628,11798,1,215,10,0,1980-01-06T04:03:49,1633360868.667796,2021-10-04T18:21:08
315968643,241811,3840003,3797977,315968601,186418,1,315968601,216012,1,33,1,3839123,3468,315968642,362212,1,1,10,0,1980-01-06T04:04:03,1633360882.557765,2021-10-04T18:21:22
315968657,241795,3854003,3797977,315968601,186418,1,315968601,216012,1,33,1,3853473,3481,315968656,712198,1,43,10,0,1980-01-06T04:04:17,1633360895.8776,2021-10-04T18:21:35
315968670,251848,3867013,3797977,315968601,186418,1,315968601,216012,1,33,1,3866723,3493,315968669,962194,1,82,10,0,1980-01-06T04:04:30,1633360908.5673249,2021-10-04T18:21:48
315968684,241791,3881003,3797977,315968601,186418,1,315968601,216012,1,33,1,3879993,3505,315968683,232204,1,124,10,0,1980-01-06T04:04:44,1633360921.866781,2021-10-04T18:22:01
315968698,242187,3895003,3797977,315968601,186418,1,315968601,216012,1,33,1,3894473,3518,315968697,712204,1,166,10,0,1980-01-06T04:04:58,1633360937.457469,2021-10-04T18:22:17
315968710,241575,3907003,3899045,315968702,284123,1,315968702,283594,1,34,1,3906763,3529,315968710,1574,1,202,10,0,1980-01-06T04:05:10,1633360950.79666,2021-10-04T18:22:30
315968725,241882,3922004,3899045,315968702,284123,1,315968702,283594,1,34,1,3921243,3542,315968724,481218,1,247,10,0,1980-01-06T04:05:25,1633360964.1265168,2021-10-04T18:22:44
315968739,241570,3936003,3899045,315968702,284123,1,315968702,283594,1,34,1,3935703,3555,315968738,941576,1,33,10,0,1980-01-06T04:05:39,1633360977.4465039,2021-10-04T18:22:57
315968752,241571,3949003,3899045,315968702,284123,1,315968702,283594,1,34,1,3947833,3566,315968751,71576,1,72,10,0,1980-01-06T04:05:52,1633360990.8266208,2021-10-04T18:23:10
315968765,241171,3962003,3899045,315968702,284123,1,315968702,283594,1,34,1,3961053,3578,315968764,291566,1,111,10,0,1980-01-06T04:06:05,1633361004.166244,2021-10-04T18:23:24
315968779,241570,3976003,3899045,315968702,284123,1,315968702,283594,1,34,1,3975403,3591,315968778,641578,1,153,10,0,1980-01-06T04:06:19,1633361017.5261009,2021-10-04T18:23:37
315968792,241182,3989003,3899045,315968702,284123,1,315968702,283594,1,34,1,3988654,3603,315968791,891814,1,192,10,0,1980-01-06T04:06:32,1633361033.0666568,2021-10-04T18:23:53
315968806,366219,4003003,3999401,315968802,639039,1,315968802,764126,1,35,1,4000763,3614,315968804,126278,1,234,10,0,1980-01-06T04:06:46,1633361046.3658319,2021-10-04T18:24:06
315968820,376121,4017013,3999401,315968802,639039,1,315968802,764126,1,35,1,4016253,3628,315968819,616250,1,20,10,0,1980-01-06T04:07:00,1633361059.6961088,2021-10-04T18:24:19
315968834,366586,4031003,3999401,315968802,639039,1,315968802,764126,1,35,1,4030583,3641,315968833,946596,1,62,10,0,1980-01-06T04:07:14,1633361073.105813,2021-10-04T18:24:33
315968847,366572,4044003,3999401,315968802,639039,1,315968802,764126,1,35,1,4043813,3653,315968847,176607,1,101,10,0,1980-01-06T04:07:27,1633361086.565232,2021-10-04T18:24:46
315968861,366588,4058003,3999401,315968802,639039,1,315968802,764126,1,35,1,4057053,3665,315968860,416198,1,143,10,0,1980-01-06T04:07:41,1633361099.895169,2021-10-04T18:24:59
315968874,376052,4071013,3999401,315968802,639039,1,315968802,764126,1,35,1,4070373,3677,315968873,736589,1,182,10,0,1980-01-06T04:07:54,1633361113.284852,2021-10-04T18:25:13
315968888,376217,4085013,3999401,315968802,639039,1,315968802,764126,1,35,1,4083773,3689,315968887,136203,1,224,10,0,1980-01-06T04:08:08,1633361128.925925,2021-10-04T18:25:28
315968903,314032,4100003,4099460,315968902,823260,1,315968902,771148,1,36,1,4099303,3703,315968902,666597,1,13,10,0,1980-01-06T04:08:23,1633361142.304764,2021-10-04T18:25:42
315968916,314408,4113003,4099460,315968902,823260,1,315968902,771148,1,36,1,4112563,3715,315968915,874143,1,52,10,0,1980-01-06T04:08:36,1633361155.6854079,2021-10-04T18:25:55
315968929,314408,4126003,4099460,315968902,823260,1,315968902,771148,1,36,1,4125813,3727,315968929,124407,1,91,10,0,1980-01-06T04:08:49,1633361169.0149999,2021-10-04T18:26:09
315968943,314403,4140003,4099460,315968902,823260,1,315968902,771148,1,36,1,4139053,3739,315968942,364016,1,133,10,0,1980-01-06T04:09:03,1633361182.414368,2021-10-04T18:26:22
315968957,314408,4154003,4099460,315968902,823260,1,315968902,771148,1,36,1,4153393,3752,315968956,704440,1,175,10,0,1980-01-06T04:09:17,1633361195.8046129,2021-10-04T18:26:35
315968970,314434,4167003,4099460,315968902,823260,1,315968902,771148,1,36,1,4165503,3763,315968968,814409,1,214,10,0,1980-01-06T04:09:30,1633361208.6164079,2021-10-04T18:26:48
315968984,314400,4181003,4099460,315968902,823260,1,315968902,771148,1,36,1,4178723,3775,315968982,34444,1,0,10,0,1980-01-06T04:09:44,1633361222.0059168,2021-10-04T18:27:02
315968998,314408,4195003,4099460,315968902,823260,1,315968902,771148,1,36,1,4194283,3789,315968997,594581,1,42,10,0,1980-01-06T04:09:58,1633361238.2141209,2021-10-04T18:27:18
315969011,314031,4208003,4099460,315968902,823260,1,315968902,771148,1,36,1,4206593,3800,315969009,904414,1,81,10,0,1980-01-06T04:10:11,1633361251.524632,2021-10-04T18:27:31
