time_s,time_us,time_steady,update_time_operator,update_time_radio,last_packet_time,last_packet_rssi,last_packet_snr,last_packet_signal_rssi,last_executed_cmd_seq,radio_error_bits,radio_state,count_packet_recieved,count_crc_errors,count_hdr_errors,count_mavlink_msgs_recieved,count_operator_cmds_recieved,count_operator_cmds_executed,count_operator_errors,seq,srcSystem,srcComponent,time_gregorian,log_timestamp,log_timestamp_gregorian
315965020,707060,221003,221003,220983,0,-21,-12,-21,0,0,4,0,0,0,0,0,0,0,151,10,0,1980-01-06T03:03:40,1633357263.356009,2021-10-04T17:21:03
315965034,707156,235003,234993,235003,0,-21,-12,-21,0,0,4,0,0,0,0,0,0,0,193,10,0,1980-01-06T03:03:54,1633357276.935525,2021-10-04T17:21:16
315965048,706645,249003,249003,248993,0,-21,-12,-21,0,0,5,0,0,0,0,0,0,0,235,10,0,1980-01-06T03:04:08,1633357290.565589,2021-10-04T17:21:30
315965075,706691,276003,276003,276003,0,-21,-12,-21,0,0,4,0,0,0,0,0,0,0,60,10,0,1980-01-06T03:04:35,1633357318.645565,2021-10-04T17:21:58
315965089,716800,290013,290003,290013,0,-21,-12,-21,0,0,4,0,0,0,0,0,0,0,102,10,0,1980-01-06T03:04:49,1633357332.2152529,2021-10-04T17:22:12
315965103,759544,304014,304003,304014,0,-21,-12,-21,0,0,4,0,0,0,0,0,0,0,144,10,0,1980-01-06T03:05:03,1633357345.195392,2021-10-04T17:22:25
315965116,758700,317013,317003,317013,0,-21,-12,-21,0,0,4,0,0,0,0,0,0,0,183,10,0,1980-01-06T03:05:16,1633357358.1658719,2021-10-04T17:22:38
315965143,749067,344003,344003,343843,0,-21,-12,-21,0,0,5,0,0,0,0,0,0,0,8,10,0,1980-01-06T03:05:43,1633357386.777621,2021-10-04T17:23:06
315965157,749074,358003,358003,357973,0,-21,-12,-21,0,0,4,0,0,0,0,0,0,0,50,10,0,1980-01-06T03:05:57,1633357400.376525,2021-10-04T17:23:20
315965171,749361,372004,371993,372004,0,-21,-12,-21,0,0,4,0,0,0,0,0,0,0,92,10,0,1980-01-06T03:06:11,1633357413.416256,2021-10-04T17:23:33
315965184,758552,385013,385003,385013,0,-21,-12,-21,0,0,4,0,0,0,0,0,0,0,131,10,0,1980-01-06T03:06:24,1633357426.508044,2021-10-04T17:23:46
315965198,869631,399003,399003,399003,0,-21,-12,-21,0,0,5,0,0,0,0,0,0,0,173,10,0,1980-01-06T03:06:38,1633357442.1561608,2021-10-04T17:24:02
315965213,870013,414003,414003,413943,0,-21,-12,-21,0,0,4,0,0,0,0,0,0,0,218,10,0,1980-01-06T03:06:53,1633357455.73644,2021-10-04T17:24:15
315965226,870013,427003,427003,426953,0,-21,-12,-21,0,0,4,0,0,0,0,0,0,0,1,10,0,1980-01-06T03:07:06,1633357468.746585,2021-10-04T17:24:28
315965239,870028,440003,440003,439983,0,-21,-12,-21,0,0,4,0,0,0,0,0,0,0,40,10,0,1980-01-06T03:07:19,1633357482.3861768,2021-10-04T17:24:42
315965253,869634,454003,454003,454003,0,-21,-12,-21,0,0,5,0,0,0,0,0,0,0,82,10,0,1980-01-06T03:07:33,1633357495.40696,2021-10-04T17:24:55
315965267,869756,468003,467993,468003,0,-21,-12,-21,0,0,5,0,0,0,0,0,0,0,124,10,0,1980-01-06T03:07:47,1633357511.176249,2021-10-04T17:25:11
315965280,869618,481003,481003,481003,0,-21,-12,-21,0,0,4,0,0,0,0,0,0,0,163,10,0,1980-01-06T03:08:00,1633357523.5267,2021-10-04T17:25:23
315965294,879543,495013,495003,495013,0,-21,-12,-21,0,0,4,0,0,0,0,0,0,0,205,10,0,1980-01-06T03:08:14,1633357537.1667209,2021-10-04T17:25:37
315965309,915734,510013,510003,510013,0,-21,-12,-21,0,0,5,0,0,0,0,0,0,0,250,10,0,1980-01-06T03:08:29,1633357550.76774,2021-10-04T17:25:50
315965322,915402,523013,523003,523013,0,-21,-12,-21,0,0,5,0,0,0,0,0,0,0,33,10,0,1980-01-06T03:08:42,1633357563.8266358,2021-10-04T17:26:03
315965349,905884,550003,550003,549993,0,-21,-12,-21,0,0,4,0,0,0,0,0,0,0,114,10,0,1980-01-06T03:09:09,1633357592.629097,2021-10-04T17:26:32
315965363,905892,564003,564003,563883,0,-21,-12,-21,0,0,4,0,0,0,0,0,0,0,156,10,0,1980-01-06T03:09:23,1633357605.696517,2021-10-04T17:26:45
315965376,905871,577003,577003,576963,0,-21,-12,-21,0,0,4,0,0,0,0,0,0,0,195,10,0,1980-01-06T03:09:36,1633357619.356912,2021-10-04T17:26:59
315965390,915752,591013,591003,591013,0,-21,-12,-21,0,0,5,0,0,0,0,0,0,0,237,10,0,1980-01-06T03:09:50,1633357632.397512,2021-10-04T17:27:12
315965406,137404,606003,606003,606003,0,-21,-12,-21,0,0,4,0,0,0,0,0,0,0,26,10,0,1980-01-06T03:10:06,1633357648.166877,2021-10-04T17:27:28
315965419,137382,619003,619003,618993,0,-21,-12,-21,0,0,4,0,0,0,0,0,0,0,65,10,0,1980-01-06T03:10:19,1633357661.7872639,2021-10-04T17:27:41
315965433,137780,633003,633003,632983,0,-21,-12,-21,0,0,4,0,0,0,0,0,0,0,107,10,0,1980-01-06T03:10:33,1633357674.858021,2021-10-04T17:27:54
315965447,137380,647003,647003,647003,0,-21,-12,-21,0,0,5,0,0,0,0,0,0,0,149,10,0,1980-01-06T03:10:47,1633357687.807533,2021-10-04T17:28:07
315965474,137788,674003,674003,673993,0,-21,-12,-21,0,0,4,0,0,0,0,0,0,0,230,10,0,1980-01-06T03:11:14,1633357716.5573518,2021-10-04T17:28:36
315965488,137800,688003,688003,687983,0,-21,-12,-21,0,0,4,0,0,0,0,0,0,0,16,10,0,1980-01-06T03:11:28,1633357730.170009,2021-10-04T17:28:50
315965502,225376,702003,702003,701953,0,-21,-12,-21,0,0,4,0,0,0,0,0,0,0,58,10,0,1980-01-06T03:11:42,1633357743.2070608,2021-10-04T17:29:03
315965515,225005,715003,715003,715003,0,-21,-12,-21,0,0,4,0,0,0,0,0,0,0,97,10,0,1980-01-06T03:11:55,1633357756.216804,2021-10-04T17:29:16
315965529,225382,729003,729003,728993,0,-21,-12,-21,0,0,5,0,0,0,0,0,0,0,139,10,0,1980-01-06T03:12:09,1633357772.007277,2021-10-04T17:29:32
315965543,224979,743003,743003,743003,0,-21,-12,-21,0,0,4,0,0,0,0,0,0,0,181,10,0,1980-01-06T03:12:23,1633357785.126977,2021-10-04T17:29:45
315965556,225006,756003,756003,756003,0,-21,-12,-21,0,0,4,0,0,0,0,0,0,0,220,10,0,1980-01-06T03:12:36,1633357798.7990918,2021-10-04T17:29:58
315965570,234893,770013,770003,770013,0,-21,-12,-21,0,0,4,0,0,0,0,0,0,0,6,10,0,1980-01-06T03:12:50,1633357811.86702,2021-10-04T17:30:11
315965585,225543,785003,784993,785003,0,-21,-12,-21,0,0,5,0,0,0,0,0,0,0,51,10,0,1980-01-06T03:13:05,1633357825.6369798,2021-10-04T17:30:25
315965598,225066,798003,798003,797994,0,-21,-12,-21,0,0,5,0,0,0,0,0,0,0,90,10,0,1980-01-06T03:13:18,1633357841.539052,2021-10-04T17:30:41
315965612,264707,812004,811993,812003,0,-21,-12,-21,0,0,4,0,0,0,0,0,0,0,132,10,0,1980-01-06T03:13:32,1633357854.5574958,2021-10-04T17:30:54
315965626,264070,826003,826003,825994,0,-21,-12,-21,0,0,4,0,0,0,0,0,0,0,174,10,0,1980-01-06T03:13:46,1633357867.647217,2021-10-04T17:31:07
315965639,264469,839003,839003,838903,0,-21,-12,-21,0,0,4,0,0,0,0,0,0,0,213,10,0,1980-01-06T03:13:59,1633357881.347908,2021-10-04T17:31:21
315965653,274085,853013,853013,853013,0,-21,-12,-21,0,0,5,0,0,0,0,0,0,0,255,10,0,1980-01-06T03:14:13,1633357894.337004,2021-10-04T17:31:34
315965668,264477,868003,868003,867993,0,-21,-12,-21,0,0,4,0,0,0,0,0,0,0,44,10,0,1980-01-06T03:14:28,1633357910.117244,2021-10-04T17:31:50
315965681,264481,881003,880993,881003,0,-21,-12,-21,0,0,4,0,0,0,0,0,0,0,83,10,0,1980-01-06T03:14:41,1633357923.727892,2021-10-04T17:32:03
315965695,264477,895003,895003,894973,0,-21,-12,-21,0,0,4,0,0,0,0,0,0,0,125,10,0,1980-01-06T03:14:55,1633357936.7872329,2021-10-04T17:32:16
315965709,264098,909003,909003,908993,0,-21,-12,-21,0,0,5,0,0,0,0,0,0,0,167,10,0,1980-01-06T03:15:09,1633357949.8171759,2021-10-04T17:32:29
315965722,273953,922013,922003,922013,0,-21,-12,-21,0,0,5,0,0,0,0,0,0,0,206,10,0,1980-01-06T03:15:22,1633357962.96712,2021-10-04T17:32:42
315965736,273966,936013,936003,936013,0,-21,-12,-21,0,0,4,0,0,0,0,0,0,0,248,10,0,1980-01-06T03:15:36,1633357978.8073049,2021-10-04T17:32:58
315965750,264555,950003,949993,950003,0,-21,-12,-21,0,0,4,0,0,0,0,0,0,0,34,10,0,1980-01-06T03:15:50,1633357991.856973,2021-10-04T17:33:11
315965764,264074,964003,964003,964003,0,-21,-12,-21,0,0,4,0,0,0,0,0,0,0,76,10,0,1980-01-06T03:16:04,1633358005.557008,2021-10-04T17:33:25
315965777,264075,977003,977003,976994,0,-21,-12,-21,0,0,4,0,0,0,0,0,0,0,115,10,0,1980-01-06T03:16:17,1633358019.148576,2021-10-04T17:33:39
315965792,264490,992003,992003,991873,0,-21,-12,-21,0,0,5,0,0,0,0,0,0,0,160,10,0,1980-01-06T03:16:32,1633358034.27704,2021-10-04T17:33:54
315965805,289754,1005003,1005003,1004893,0,-21,-12,-21,0,0,4,0,0,0,0,0,0,0,199,10,0,1980-01-06T03:16:45,1633358047.9072158,2021-10-04T17:34:07
315965819,289346,1019003,1019003,1019003,0,-21,-12,-21,0,0,4,0,0,0,0,0,0,0,241,10,0,1980-01-06T03:16:59,1633358061.0680609,2021-10-04T17:34:21
315965833,289750,1033003,1033003,1032953,0,-21,-12,-21,0,0,4,0,0,0,0,0,0,0,27,10,0,1980-01-06T03:17:13,1633358074.227108,2021-10-04T17:34:34
315965847,289754,1047003,1047003,1046983,0,-21,-12,-21,0,0,5,0,0,0,0,0,0,0,69,10,0,1980-01-06T03:17:27,1633358087.846745,2021-10-04T17:34:47
315965860,289749,1060003,1060003,1059993,0,-21,-12,-21,0,0,5,0,0,0,0,0,0,0,108,10,0,1980-01-06T03:17:40,1633358103.026949,2021-10-04T17:35:03
315965875,289750,1075003,1075003,1074893,0,-21,-12,-21,0,0,4,0,0,0,0,0,0,0,153,10,0,1980-01-06T03:17:55,1633358116.7167199,2021-10-04T17:35:16
315965890,289372,1090003,1090003,1089853,1085435,-71,11,-72,0,0,4,1,0,0,1,1,0,0,198,10,0,1980-01-06T03:18:10,1633358131.746876,2021-10-04T17:35:31
315965904,544688,1104013,1104003,1104013,1085435,-71,11,-72,0,0,4,1,0,0,1,1,0,0,240,10,0,1980-01-06T03:18:24,1633358145.516928,2021-10-04T17:35:45
315965918,535089,1118003,1118003,1117984,1085435,-71,11,-72,1,0,5,1,0,0,1,1,1,0,26,10,0,1980-01-06T03:18:38,1633358158.708129,2021-10-04T17:35:58
315965931,534676,1131003,1131003,1131003,1085435,-71,11,-72,1,0,5,1,0,0,1,1,1,0,65,10,0,1980-01-06T03:18:51,1633358174.566776,2021-10-04T17:36:14
315965948,544669,1148013,1148003,1148013,1143905,-77,11,-77,1,0,4,2,0,0,2,2,1,0,116,10,0,1980-01-06T03:19:08,1633358190.2678518,2021-10-04T17:36:30
315965962,534673,1162003,1162003,1162003,1143905,-77,11,-77,1,0,4,2,0,0,2,2,1,0,158,10,0,1980-01-06T03:19:22,1633358203.376745,2021-10-04T17:36:43
315965975,544555,1175013,1175003,1175013,1143905,-77,11,-77,2,0,4,2,0,0,2,2,2,0,197,10,0,1980-01-06T03:19:35,1633358217.02716,2021-10-04T17:36:57
315965991,534676,1191003,1191003,1191003,1189675,-88,-12,-99,2,0,5,3,0,0,3,3,2,0,245,10,0,1980-01-06T03:19:51,1633358234.207237,2021-10-04T17:37:14
315966019,571027,1219003,1219003,1218993,1189675,-88,-12,-99,3,0,4,3,0,0,3,3,3,0,73,10,0,1980-01-06T03:20:19,1633358261.066576,2021-10-04T17:37:41
315966034,571054,1234003,1234003,1233993,1189675,-88,-12,-99,3,0,5,3,0,0,3,3,3,0,118,10,0,1980-01-06T03:20:34,1633358276.6769118,2021-10-04T17:37:56
315966050,571435,1250003,1250003,1249993,1235455,-81,6,-82,3,0,5,4,0,0,4,4,3,0,166,10,0,1980-01-06T03:20:50,1633358292.69676,2021-10-04T17:38:12
315966063,571097,1263003,1263003,1262994,1235455,-81,6,-82,4,0,4,4,0,0,4,4,4,0,205,10,0,1980-01-06T03:21:03,1633358305.89656,2021-10-04T17:38:25
315966077,581042,1277013,1277003,1277013,1235455,-81,6,-82,4,0,4,4,0,0,4,4,4,0,247,10,0,1980-01-06T03:21:17,1633358319.656229,2021-10-04T17:38:39
315966091,571445,1291003,1291003,1290993,1235455,-81,6,-82,4,0,4,4,0,0,4,4,4,0,33,10,0,1980-01-06T03:21:31,1633358332.896296,2021-10-04T17:38:52
315966105,571457,1305003,1305003,1304983,1235455,-81,6,-82,4,0,5,4,0,0,4,4,4,0,75,10,0,1980-01-06T03:21:45,1633358346.0762239,2021-10-04T17:39:06
315966118,581036,1318013,1318003,1318013,1235455,-81,6,-82,4,0,5,4,0,0,4,4,4,0,114,10,0,1980-01-06T03:21:58,1633358362.006821,2021-10-04T17:39:22
315966134,571026,1334003,1334003,1333993,1235455,-81,6,-82,4,0,4,4,0,0,4,4,4,0,162,10,0,1980-01-06T03:22:14,1633358375.6767209,2021-10-04T17:39:35
315966147,571442,1347003,1347003,1346993,1235455,-81,6,-82,4,0,4,4,0,0,4,4,4,0,201,10,0,1980-01-06T03:22:27,1633358388.8464968,2021-10-04T17:39:48
315966160,571177,1360003,1360003,1359993,1235455,-81,6,-82,4,0,4,4,0,0,4,4,4,0,240,10,0,1980-01-06T03:22:40,1633358402.616144,2021-10-04T17:40:02
315966175,581252,1375013,1375003,1375013,1235455,-81,6,-82,4,0,5,4,0,0,4,4,4,0,29,10,0,1980-01-06T03:22:55,1633358415.756917,2021-10-04T17:40:15
315966188,571053,1388003,1388003,1388003,1235455,-81,6,-82,4,0,5,4,0,0,4,4,4,0,68,10,0,1980-01-06T03:23:08,1633358431.096597,2021-10-04T17:40:31
315966202,793915,1402013,1402003,1402013,1235455,-81,6,-82,4,0,4,4,0,0,4,4,4,0,110,10,0,1980-01-06T03:23:22,1633358444.3260999,2021-10-04T17:40:44
315966215,784424,1415003,1415003,1414983,1235455,-81,6,-82,4,0,4,4,0,0,4,4,4,0,149,10,0,1980-01-06T03:23:35,1633358458.0862849,2021-10-04T17:40:58
315966231,793906,1431013,1431003,1431013,1235455,-81,6,-82,4,0,5,4,0,0,4,4,4,0,197,10,0,1980-01-06T03:23:51,1633358471.895913,2021-10-04T17:41:11
315966244,784080,1444003,1443993,1444003,1235455,-81,6,-82,4,0,5,4,0,0,4,4,4,0,236,10,0,1980-01-06T03:24:04,1633358485.1564329,2021-10-04T17:41:25
315966259,793963,1459013,1459003,1459013,1235455,-81,6,-82,4,0,4,4,0,0,4,4,4,0,25,10,0,1980-01-06T03:24:19,1633358501.1257439,2021-10-04T17:41:41
315966272,784427,1472003,1472003,1471863,1235455,-81,6,-82,4,0,4,4,0,0,4,4,4,0,64,10,0,1980-01-06T03:24:32,1633358514.3671489,2021-10-04T17:41:54
315966286,784013,1486003,1486003,1485993,1235455,-81,6,-82,4,0,4,4,0,0,4,4,4,0,106,10,0,1980-01-06T03:24:46,1633358528.3056688,2021-10-04T17:42:08
315966299,837634,1499003,1498993,1499003,1235455,-81,6,-82,4,0,4,4,0,0,4,4,4,0,145,10,0,1980-01-06T03:24:59,1633358541.5157409,2021-10-04T17:42:21
315966314,837782,1514003,1514003,1513993,1235455,-81,6,-82,4,0,5,4,0,0,4,4,4,0,190,10,0,1980-01-06T03:25:14,1633358554.8458478,2021-10-04T17:42:34
315966327,847472,1527013,1527003,1527013,1235455,-81,6,-82,4,0,5,4,0,0,4,4,4,0,229,10,0,1980-01-06T03:25:27,1633358570.2870529,2021-10-04T17:42:50
315966341,837445,1541003,1541003,1541003,1235455,-81,6,-82,4,0,4,4,0,0,4,4,4,0,15,10,0,1980-01-06T03:25:41,1633358583.627413,2021-10-04T17:43:03
315966355,837863,1555003,1555003,1554963,1235455,-81,6,-82,4,0,4,4,0,0,4,4,4,0,57,10,0,1980-01-06T03:25:55,1633358596.806849,2021-10-04T17:43:16
315966367,837879,1567003,1567003,1566933,1235455,-81,6,-82,4,0,4,4,0,0,4,4,4,0,93,10,0,1980-01-06T03:26:07,1633358609.9956799,2021-10-04T17:43:29
315966381,837862,1581003,1581003,1580993,1235455,-81,6,-82,4,0,4,4,0,0,4,4,4,0,135,10,0,1980-01-06T03:26:21,1633358623.2061079,2021-10-04T17:43:43
315966394,837863,1594003,1594003,1593963,1235455,-81,6,-82,4,0,4,4,0,0,4,4,4,0,174,10,0,1980-01-06T03:26:34,1633358635.8561249,2021-10-04T17:43:55
315966410,52809,1609013,1609003,1609013,1235455,-81,6,-82,4,0,5,4,0,0,4,4,4,0,219,10,0,1980-01-06T03:26:50,1633358649.675889,2021-10-04T17:44:09
315966422,42955,1621003,1620993,1621003,1235455,-81,6,-82,4,0,5,4,0,0,4,4,4,0,255,10,0,1980-01-06T03:27:02,1633358665.13676,2021-10-04T17:44:25
315966436,43334,1635003,1635003,1634983,1235455,-81,6,-82,4,0,5,4,0,0,4,4,4,0,41,10,0,1980-01-06T03:27:16,1633358678.4262168,2021-10-04T17:44:38
315966450,42969,1649003,1649003,1649003,1235455,-81,6,-82,4,0,4,4,0,0,4,4,4,0,83,10,0,1980-01-06T03:27:30,1633358691.775936,2021-10-04T17:44:51
315966463,43339,1662003,1662003,1661963,1235455,-81,6,-82,4,0,4,4,0,0,4,4,4,0,122,10,0,1980-01-06T03:27:43,1633358704.4458559,2021-10-04T17:45:04
315966477,42938,1676003,1676003,1676003,1235455,-81,6,-82,4,0,4,4,0,0,4,4,4,0,164,10,0,1980-01-06T03:27:57,1633358717.746348,2021-10-04T17:45:17
315966491,52819,1690013,1690003,1690013,1235455,-81,6,-82,4,0,4,4,0,0,4,4,4,0,206,10,0,1980-01-06T03:28:11,1633358731.57618,2021-10-04T17:45:31
315966505,223403,1704003,1703993,1704003,1235455,-81,6,-82,4,0,5,4,0,0,4,4,4,0,248,10,0,1980-01-06T03:28:25,1633358744.835952,2021-10-04T17:45:44
315966517,233376,1716013,1716003,1716013,1235455,-81,6,-82,4,0,5,4,0,0,4,4,4,0,28,10,0,1980-01-06T03:28:37,1633358757.5562,2021-10-04T17:45:57
315966531,223368,1730003,1730003,1730003,1235455,-81,6,-82,4,0,5,4,0,0,4,4,4,0,70,10,0,1980-01-06T03:28:51,1633358774.8772209,2021-10-04T17:46:14
315966547,223762,1746003,1746003,1745993,1736545,-91,-16,-106,4,0,4,4,1,0,4,4,4,0,118,10,0,1980-01-06T03:29:07,1633358788.174852,2021-10-04T17:46:28
315966560,223763,1759003,1759003,1758953,1736545,-91,-16,-106,4,0,4,4,1,0,4,4,4,0,157,10,0,1980-01-06T03:29:20,1633358801.464665,2021-10-04T17:46:41
315966574,233518,1773013,1773003,1773013,1736545,-91,-16,-106,4,0,4,4,1,0,4,4,4,0,199,10,0,1980-01-06T03:29:34,1633358814.753136,2021-10-04T17:46:54
315966587,223765,1786003,1786003,1785993,1736545,-91,-16,-106,4,0,4,4,1,0,4,4,4,0,238,10,0,1980-01-06T03:29:47,1633358828.602381,2021-10-04T17:47:08
315966601,223771,1800003,1800003,1799963,1736545,-91,-16,-106,4,0,4,4,1,0,4,4,4,0,24,10,0,1980-01-06T03:30:01,1633358841.92154,2021-10-04T17:47:21
315966615,223366,1814003,1814003,1814003,1736545,-91,-16,-106,4,0,5,4,1,0,4,4,4,0,66,10,0,1980-01-06T03:30:15,1633358854.5614128,2021-10-04T17:47:34
315966628,233368,1827013,1827003,1827013,1736545,-91,-16,-106,4,0,5,4,1,0,4,4,4,0,105,10,0,1980-01-06T03:30:28,1633358870.131084,2021-10-04T17:47:50
315966642,223754,1841003,1841003,1840943,1736545,-91,-16,-106,4,0,4,4,1,0,4,4,4,0,147,10,0,1980-01-06T03:30:42,1633358883.4312599,2021-10-04T17:48:03
315966656,224373,1855004,1854993,1855004,1736545,-91,-16,-106,4,0,4,4,1,0,4,4,4,0,189,10,0,1980-01-06T03:30:56,1633358896.778612,2021-10-04T17:48:16
315966669,223380,1868003,1868003,1868003,1736545,-91,-16,-106,4,0,4,4,1,0,4,4,4,0,228,10,0,1980-01-06T03:31:09,1633358910.6802719,2021-10-04T17:48:30
315966683,223761,1882003,1882003,1881993,1736545,-91,-16,-106,4,0,4,4,1,0,4,4,4,0,14,10,0,1980-01-06T03:31:23,1633358923.407573,2021-10-04T17:48:43
315966696,223569,1895003,1894993,1895003,1736545,-91,-16,-106,4,0,4,4,1,0,4,4,4,0,53,10,0,1980-01-06T03:31:36,1633358936.7067199,2021-10-04T17:48:56
315966710,271368,1909013,1909003,1909013,1736545,-91,-16,-106,4,0,5,4,1,0,4,4,4,0,95,10,0,1980-01-06T03:31:50,1633358949.996376,2021-10-04T17:49:09
315966723,271897,1922013,1922003,1922013,1736545,-91,-16,-106,4,0,5,4,1,0,4,4,4,0,134,10,0,1980-01-06T03:32:03,1633358965.5261528,2021-10-04T17:49:25
315966738,271430,1937013,1937003,1937013,1935535,-92,-10,-101,7,0,5,5,1,0,5,5,5,0,179,10,0,1980-01-06T03:32:18,1633358980.7845168,2021-10-04T17:49:40
315966752,261901,1951003,1951003,1950943,1935535,-92,-10,-101,7,0,4,5,1,0,5,5,5,0,221,10,0,1980-01-06T03:32:32,1633358994.0939958,2021-10-04T17:49:54
315966766,261900,1965003,1965003,1964863,1935535,-92,-10,-101,7,0,4,5,1,0,5,5,5,0,7,10,0,1980-01-06T03:32:46,1633359007.3935568,2021-10-04T17:50:07
315966780,261523,1979003,1979003,1978853,1935535,-92,-10,-101,7,0,4,5,1,0,5,5,5,0,49,10,0,1980-01-06T03:33:00,1633359020.792985,2021-10-04T17:50:20
315966794,261897,1993003,1993003,1993003,1935535,-92,-10,-101,7,0,5,5,1,0,5,5,5,0,91,10,0,1980-01-06T03:33:14,1633359034.162209,2021-10-04T17:50:34
315966807,353365,2006003,2006003,2005983,1935535,-92,-10,-101,7,0,5,5,1,0,5,5,5,0,130,10,0,1980-01-06T03:33:27,1633359047.401577,2021-10-04T17:50:47
315966820,353715,2019003,2019003,2019003,1935535,-92,-10,-101,7,0,5,5,1,0,5,5,5,0,169,10,0,1980-01-06T03:33:40,1633359062.823853,2021-10-04T17:51:02
315966834,353341,2033003,2033003,2032993,1935535,-92,-10,-101,7,0,5,5,1,0,5,5,5,0,211,10,0,1980-01-06T03:33:54,1633359076.1605608,2021-10-04T17:51:16
315966848,353738,2047003,2047003,2046933,1935535,-92,-10,-101,7,0,4,5,1,0,5,5,5,0,253,10,0,1980-01-06T03:34:08,1633359089.4717798,2021-10-04T17:51:29
315966862,353729,2061003,2061003,2060853,1935535,-92,-10,-101,7,0,4,5,1,0,5,5,5,0,39,10,0,1980-01-06T03:34:22,1633359102.790045,2021-10-04T17:51:42
315966877,353733,2076003,2076003,2075983,2070935,-91,-3,-95,9,0,4,6,1,0,6,6,6,0,84,10,0,1980-01-06T03:34:37,1633359117.898936,2021-10-04T17:51:57
315966891,363224,2090013,2090003,2090013,2070935,-91,-3,-95,9,0,5,6,1,0,6,6,6,0,126,10,0,1980-01-06T03:34:51,1633359131.188933,2021-10-04T17:52:11
315966904,390652,2103013,2103003,2103013,2070935,-91,-3,-95,9,0,5,6,1,0,6,6,6,0,165,10,0,1980-01-06T03:35:04,1633359146.337769,2021-10-04T17:52:26
315966919,381040,2118003,2118003,2117983,2104485,-94,-15,-109,10,0,5,6,2,0,7,7,7,0,210,10,0,1980-01-06T03:35:19,1633359161.808068,2021-10-04T17:52:41
315966933,380664,2132003,2132003,2131993,2104485,-94,-15,-109,10,0,5,6,2,0,7,7,7,0,252,10,0,1980-01-06T03:35:33,1633359175.157177,2021-10-04T17:52:55
315966947,381053,2146003,2146003,2145973,2104485,-94,-15,-109,10,0,4,6,2,0,7,7,7,0,38,10,0,1980-01-06T03:35:47,1633359188.4670599,2021-10-04T17:53:08
315966961,390576,2160013,2160003,2160013,2104485,-94,-15,-109,10,0,4,6,2,0,7,7,7,0,80,10,0,1980-01-06T03:36:01,1633359201.675981,2021-10-04T17:53:21
315966973,381048,2172003,2172003,2171863,2104485,-94,-15,-109,10,0,4,6,2,0,7,7,7,0,116,10,0,1980-01-06T03:36:13,1633359214.955796,2021-10-04T17:53:34
315966987,381047,2186003,2186003,2185993,2104485,-94,-15,-109,10,0,4,6,2,0,7,7,7,0,158,10,0,1980-01-06T03:36:27,1633359228.185845,2021-10-04T17:53:48
315967001,568353,2200003,2199993,2200003,2104485,-94,-15,-109,10,0,5,6,2,0,7,7,7,0,200,10,0,1980-01-06T03:36:41,1633359241.444964,2021-10-04T17:54:01
315967014,578297,2213013,2213003,2213013,2104485,-94,-15,-109,10,0,5,6,2,0,7,7,7,0,239,10,0,1980-01-06T03:36:54,1633359256.894973,2021-10-04T17:54:16
315967029,568252,2228003,2228003,2228003,2104485,-94,-15,-109,10,0,4,6,2,0,7,7,7,0,28,10,0,1980-01-06T03:37:09,1633359270.274176,2021-10-04T17:54:30
315967042,578179,2241013,2241003,2241013,2104485,-94,-15,-109,10,0,4,6,2,0,7,7,7,0,67,10,0,1980-01-06T03:37:22,1633359283.55346,2021-10-04T17:54:43
315967056,568673,2255003,2255003,2254913,2104485,-94,-15,-109,10,0,4,6,2,0,7,7,7,0,109,10,0,1980-01-06T03:37:36,1633359296.853209,2021-10-04T17:54:56
315967069,568648,2268003,2268003,2267993,2104485,-94,-15,-109,10,0,4,6,2,0,7,7,7,0,148,10,0,1980-01-06T03:37:49,1633359310.053176,2021-10-04T17:55:10
315967082,578351,2281013,2281003,2281013,2104485,-94,-15,-109,10,0,4,6,2,0,7,7,7,0,187,10,0,1980-01-06T03:38:02,1633359323.322252,2021-10-04T17:55:23
315967096,578458,2295013,2295003,2295013,2104485,-94,-15,-109,10,0,5,6,2,0,7,7,7,0,229,10,0,1980-01-06T03:38:16,1633359336.051888,2021-10-04T17:55:36
315967109,683839,2308003,2308003,2307993,2104485,-94,-15,-109,10,0,5,6,2,0,7,7,7,0,12,10,0,1980-01-06T03:38:29,1633359349.291913,2021-10-04T17:55:49
315967123,683426,2322003,2322003,2322003,2104485,-94,-15,-109,10,0,5,6,2,0,7,7,7,0,54,10,0,1980-01-06T03:38:43,1633359365.3614888,2021-10-04T17:56:05
315967137,683439,2336003,2336003,2336003,2104485,-94,-15,-109,10,0,4,6,2,0,7,7,7,0,96,10,0,1980-01-06T03:38:57,1633359378.601125,2021-10-04T17:56:18
315967150,683431,2349003,2349003,2349003,2104485,-94,-15,-109,10,0,4,6,2,0,7,7,7,0,135,10,0,1980-01-06T03:39:10,1633359391.880733,2021-10-04T17:56:31
315967164,683819,2363003,2363003,2362993,2104485,-94,-15,-109,10,0,4,6,2,0,7,7,7,0,177,10,0,1980-01-06T03:39:24,1633359405.100781,2021-10-04T17:56:45
315967177,683827,2376003,2376003,2375963,2104485,-94,-15,-109,10,0,4,6,2,0,7,7,7,0,216,10,0,1980-01-06T03:39:37,1633359417.8102238,2021-10-04T17:56:57
315967191,683413,2390003,2390003,2389994,2104485,-94,-15,-109,10,0,5,6,2,0,7,7,7,0,2,10,0,1980-01-06T03:39:51,1633359431.13986,2021-10-04T17:57:11
315967204,810331,2403003,2403003,2402993,2104485,-94,-15,-109,10,0,5,6,2,0,7,7,7,0,41,10,0,1980-01-06T03:40:04,1633359444.4995,2021-10-04T17:57:24
315967218,810262,2417003,2417003,2416993,2104485,-94,-15,-109,10,0,5,6,2,0,7,7,7,0,83,10,0,1980-01-06T03:40:18,1633359460.539204,2021-10-04T17:57:40
315967232,809871,2431003,2431003,2430993,2104485,-94,-15,-109,10,0,4,6,2,0,7,7,7,0,125,10,0,1980-01-06T03:40:32,1633359473.948504,2021-10-04T17:57:53
315967245,810267,2444003,2444003,2443993,2104485,-94,-15,-109,10,0,4,6,2,0,7,7,7,0,164,10,0,1980-01-06T03:40:45,1633359486.628473,2021-10-04T17:58:06
315967259,809866,2458003,2458003,2458003,2104485,-94,-15,-109,10,0,4,6,2,0,7,7,7,0,206,10,0,1980-01-06T03:40:59,1633359499.857837,2021-10-04T17:58:19
315967272,810270,2471003,2471003,2470993,2104485,-94,-15,-109,10,0,4,6,2,0,7,7,7,0,245,10,0,1980-01-06T03:41:12,1633359513.137696,2021-10-04T17:58:33
315967285,810282,2484003,2484003,2483893,2104485,-94,-15,-109,10,0,4,6,2,0,7,7,7,0,28,10,0,1980-01-06T03:41:25,1633359526.387984,2021-10-04T17:58:46
315967300,810263,2499003,2499003,2498983,2104485,-94,-15,-109,10,0,5,6,2,0,7,7,7,0,73,10,0,1980-01-06T03:41:40,1633359539.617596,2021-10-04T17:58:59
315967313,810282,2512003,2512003,2511993,2104485,-94,-15,-109,10,0,5,6,2,0,7,7,7,0,112,10,0,1980-01-06T03:41:53,1633359555.14732,2021-10-04T17:59:15
315967327,810270,2526003,2526003,2525973,2104485,-94,-15,-109,10,0,4,6,2,0,7,7,7,0,154,10,0,1980-01-06T03:42:07,1633359568.516569,2021-10-04T17:59:28
315967341,810264,2540003,2540003,2539893,2104485,-94,-15,-109,10,0,4,6,2,0,7,7,7,0,196,10,0,1980-01-06T03:42:21,1633359581.7765288,2021-10-04T17:59:41
315967353,810282,2552003,2552003,2551954,2104485,-94,-15,-109,10,0,4,6,2,0,7,7,7,0,232,10,0,1980-01-06T03:42:33,1633359595.0259368,2021-10-04T17:59:55
315967367,810263,2566003,2566003,2565873,2104485,-94,-15,-109,10,0,4,6,2,0,7,7,7,0,18,10,0,1980-01-06T03:42:47,1633359607.746224,2021-10-04T18:00:07
315967380,810282,2579003,2579003,2578983,2104485,-94,-15,-109,10,0,4,6,2,0,7,7,7,0,57,10,0,1980-01-06T03:43:00,1633359620.9554849,2021-10-04T18:00:20
315967395,809886,2594003,2594003,2594003,2104485,-94,-15,-109,10,0,5,6,2,0,7,7,7,0,102,10,0,1980-01-06T03:43:15,1633359634.814997,2021-10-04T18:00:34
315967410,48766,2608003,2608003,2607995,2104485,-94,-15,-109,10,0,4,6,2,0,7,7,7,0,144,10,0,1980-01-06T03:43:30,1633359650.305884,2021-10-04T18:00:50
315967422,49154,2620003,2620003,2619993,2104485,-94,-15,-109,10,0,5,6,2,0,7,7,7,0,180,10,0,1980-01-06T03:43:42,1633359663.505504,2021-10-04T18:01:03
315967436,48763,2634003,2634003,2634003,2104485,-94,-15,-109,10,0,4,6,2,0,7,7,7,0,222,10,0,1980-01-06T03:43:56,1633359676.7747009,2021-10-04T18:01:16
315967449,49141,2647003,2647003,2646923,2104485,-94,-15,-109,10,0,4,6,2,0,7,7,7,0,5,10,0,1980-01-06T03:44:09,1633359689.4442809,2021-10-04T18:01:29
315967463,48940,2661003,2660993,2661003,2104485,-94,-15,-109,10,0,4,6,2,0,7,7,7,0,47,10,0,1980-01-06T03:44:23,1633359702.7358,2021-10-04T18:01:42
315967477,48734,2675003,2675003,2675003,2104485,-94,-15,-109,10,0,4,6,2,0,7,7,7,0,89,10,0,1980-01-06T03:44:37,1633359716.5434558,2021-10-04T18:01:56
315967491,48752,2689003,2689003,2689003,2104485,-94,-15,-109,10,0,5,6,2,0,7,7,7,0,131,10,0,1980-01-06T03:44:51,1633359729.803741,2021-10-04T18:02:09
315967503,175290,2701013,2701003,2701013,2104485,-94,-15,-109,10,0,5,6,2,0,7,7,7,0,167,10,0,1980-01-06T03:45:03,1633359742.433045,2021-10-04T18:02:22
315967517,175616,2715013,2715003,2715013,2104485,-94,-15,-109,10,0,5,6,2,0,7,7,7,0,209,10,0,1980-01-06T03:45:17,1633359757.9537609,2021-10-04T18:02:37
315967531,165782,2729003,2729003,2728983,2104485,-94,-15,-109,10,0,4,6,2,0,7,7,7,0,251,10,0,1980-01-06T03:45:31,1633359771.312516,2021-10-04T18:02:51
315967544,165391,2742003,2742003,2742003,2104485,-94,-15,-109,10,0,4,6,2,0,7,7,7,0,34,10,0,1980-01-06T03:45:44,1633359784.582449,2021-10-04T18:03:04
315967558,165798,2756003,2756003,2755993,2104485,-94,-15,-109,10,0,4,6,2,0,7,7,7,0,76,10,0,1980-01-06T03:45:58,1633359797.862329,2021-10-04T18:03:17
315967571,165775,2769003,2769003,2768984,2104485,-94,-15,-109,10,0,4,6,2,0,7,7,7,0,115,10,0,1980-01-06T03:46:11,1633359811.1021118,2021-10-04T18:03:31
315967585,165782,2783003,2783003,2782993,2104485,-94,-15,-109,10,0,4,6,2,0,7,7,7,0,157,10,0,1980-01-06T03:46:25,1633359824.391661,2021-10-04T18:03:44
315967599,251274,2797003,2797003,2797003,2104485,-94,-15,-109,10,0,5,6,2,0,7,7,7,0,199,10,0,1980-01-06T03:46:39,1633359837.6016488,2021-10-04T18:03:57
315967612,251647,2810003,2809993,2810003,2104485,-94,-15,-109,10,0,5,6,2,0,7,7,7,0,238,10,0,1980-01-06T03:46:52,1633359853.041961,2021-10-04T18:04:13
315967626,261478,2824013,2824003,2824013,2104485,-94,-15,-109,10,0,4,6,2,0,7,7,7,0,24,10,0,1980-01-06T03:47:06,1633359866.2411919,2021-10-04T18:04:26
315967638,251483,2836003,2835993,2836003,2104485,-94,-15,-109,10,0,4,6,2,0,7,7,7,0,60,10,0,1980-01-06T03:47:18,1633359879.4514918,2021-10-04T18:04:39
315967653,251639,2851003,2851003,2850984,2104485,-94,-15,-109,10,0,4,6,2,0,7,7,7,0,105,10,0,1980-01-06T03:47:33,1633359892.680825,2021-10-04T18:04:52
315967666,261148,2864013,2864003,2864013,2104485,-94,-15,-109,10,0,4,6,2,0,7,7,7,0,144,10,0,1980-01-06T03:47:46,1633359905.990336,2021-10-04T18:05:05
315967680,251631,2878003,2878003,2877993,2104485,-94,-15,-109,10,0,5,6,2,0,7,7,7,0,186,10,0,1980-01-06T03:48:00,1633359919.21064,2021-10-04T18:05:19
315967693,251667,2891003,2891003,2890984,2104485,-94,-15,-109,10,0,5,6,2,0,7,7,7,0,225,10,0,1980-01-06T03:48:13,1633359932.440088,2021-10-04T18:05:32
315967707,260124,2905013,2905003,2905013,2104485,-94,-15,-109,10,0,5,6,2,0,7,7,7,0,11,10,0,1980-01-06T03:48:27,1633359947.860949,2021-10-04T18:05:47
315967720,250222,2918003,2918003,2917993,2104485,-94,-15,-109,10,0,5,6,2,0,7,7,7,0,50,10,0,1980-01-06T03:48:40,1633359961.1494439,2021-10-04T18:06:01
315967733,250322,2931003,2930993,2931003,2104485,-94,-15,-109,10,0,4,6,2,0,7,7,7,0,89,10,0,1980-01-06T03:48:53,1633359974.479233,2021-10-04T18:06:14
315967747,250333,2945003,2944993,2945003,2104485,-94,-15,-109,10,0,4,6,2,0,7,7,7,0,131,10,0,1980-01-06T03:49:07,1633359987.80074,2021-10-04T18:06:27
315967761,260734,2959013,2959003,2959013,2104485,-94,-15,-109,10,0,4,6,2,0,7,7,7,0,173,10,0,1980-01-06T03:49:21,1633360001.119077,2021-10-04T18:06:41
315967774,250627,2972003,2972003,2971943,2104485,-94,-15,-109,10,0,4,6,2,0,7,7,7,0,212,10,0,1980-01-06T03:49:34,1633360013.8086839,2021-10-04T18:06:53
315967788,250618,2986003,2986003,2985983,2104485,-94,-15,-109,10,0,5,6,2,0,7,7,7,0,254,10,0,1980-01-06T03:49:48,1633360027.1287289,2021-10-04T18:07:07
315967801,429806,2999003,2998993,2999003,2104485,-94,-15,-109,10,0,5,6,2,0,7,7,7,0,37,10,0,1980-01-06T03:50:01,1633360040.358412,2021-10-04T18:07:20
315967815,429481,3013003,3013003,3013003,2104485,-94,-15,-109,10,0,5,6,2,0,7,7,7,0,79,10,0,1980-01-06T03:50:15,1633360055.788545,2021-10-04T18:07:35
315967829,439563,3027013,3027003,3027013,2104485,-94,-15,-109,10,0,4,6,2,0,7,7,7,0,121,10,0,1980-01-06T03:50:29,1633360069.6178799,2021-10-04T18:07:49
315967842,429676,3040003,3039993,3040003,2104485,-94,-15,-109,10,0,4,6,2,0,7,7,7,0,160,10,0,1980-01-06T03:50:42,1633360082.888368,2021-10-04T18:08:02
315967856,429467,3054003,3054003,3054003,2104485,-94,-15,-109,10,0,4,6,2,0,7,7,7,0,202,10,0,1980-01-06T03:50:56,1633360096.1676729,2021-10-04T18:08:16
315967869,429840,3067003,3067003,3066993,2104485,-94,-15,-109,10,0,4,6,2,0,7,7,7,0,241,10,0,1980-01-06T03:51:09,1633360108.887641,2021-10-04T18:08:28
315967883,429844,3081003,3081003,3080983,2104485,-94,-15,-109,10,0,5,6,2,0,7,7,7,0,27,10,0,1980-01-06T03:51:23,1633360122.097172,2021-10-04T18:08:42
315967896,429968,3094003,3093993,3094003,2104485,-94,-15,-109,10,0,5,6,2,0,7,7,7,0,66,10,0,1980-01-06T03:51:36,1633360135.3788478,2021-10-04T18:08:55
315967910,450872,3108003,3108003,3108003,2104485,-94,-15,-109,10,0,5,6,2,0,7,7,7,0,108,10,0,1980-01-06T03:51:50,1633360150.748085,2021-10-04T18:09:10
315967924,451574,3122004,3121993,3122004,2104485,-94,-15,-109,10,0,4,6,2,0,7,7,7,0,150,10,0,1980-01-06T03:52:04,1633360164.126716,2021-10-04T18:09:24
315967937,451278,3135003,3135003,3134913,2104485,-94,-15,-109,10,0,4,6,2,0,7,7,7,0,189,10,0,1980-01-06T03:52:17,1633360177.3381128,2021-10-04T18:09:37
315967951,460828,3149013,3149003,3149013,2104485,-94,-15,-109,10,0,4,6,2,0,7,7,7,0,231,10,0,1980-01-06T03:52:31,1633360190.538785,2021-10-04T18:09:50
315967964,451278,3162003,3162003,3161923,2104485,-94,-15,-109,10,0,4,6,2,0,7,7,7,0,14,10,0,1980-01-06T03:52:44,1633360203.7567399,2021-10-04T18:10:03
315967978,451273,3176003,3176003,3175993,2104485,-94,-15,-109,10,0,5,6,2,0,7,7,7,0,56,10,0,1980-01-06T03:52:58,1633360216.9863079,2021-10-04T18:10:16
315967991,451273,3189003,3189003,3188983,2104485,-94,-15,-109,10,0,5,6,2,0,7,7,7,0,95,10,0,1980-01-06T03:53:11,1633360230.275769,2021-10-04T18:10:30
315968005,541322,3203003,3203003,3203003,2104485,-94,-15,-109,10,0,5,6,2,0,7,7,7,0,137,10,0,1980-01-06T03:53:25,1633360246.165693,2021-10-04T18:10:46
315968018,541706,3216003,3216003,3215983,2104485,-94,-15,-109,10,0,4,6,2,0,7,7,7,0,176,10,0,1980-01-06T03:53:38,1633360258.8655238,2021-10-04T18:10:58
315968032,541592,3230003,3229993,3230003,2104485,-94,-15,-109,10,0,4,6,2,0,7,7,7,0,218,10,0,1980-01-06T03:53:52,1633360272.1259398,2021-10-04T18:11:12
315968046,541312,3244003,3244003,3244003,2104485,-94,-15,-109,10,0,4,6,2,0,7,7,7,0,4,10,0,1980-01-06T03:54:06,1633360285.679597,2021-10-04T18:11:25
315968059,541324,3257003,3257003,3256833,2104485,-94,-15,-109,10,0,4,6,2,0,7,7,7,0,43,10,0,1980-01-06T03:54:19,1633360298.7350879,2021-10-04T18:11:38
315968072,541714,3270003,3270003,3269993,2104485,-94,-15,-109,10,0,4,6,2,0,7,7,7,0,82,10,0,1980-01-06T03:54:32,1633360312.044692,2021-10-04T18:11:52
315968085,541302,3283003,3283003,3283003,2104485,-94,-15,-109,10,0,4,6,2,0,7,7,7,0,121,10,0,1980-01-06T03:54:45,1633360325.254644,2021-10-04T18:12:05
315968100,541707,3298003,3298003,3297983,2104485,-94,-15,-109,10,0,5,6,2,0,7,7,7,0,166,10,0,1980-01-06T03:55:00,1633360340.825208,2021-10-04T18:12:20
315968114,680458,3312013,3312003,3312013,2104485,-94,-15,-109,10,0,4,6,2,0,7,7,7,0,208,10,0,1980-01-06T03:55:14,1633360354.044309,2021-10-04T18:12:34
315968127,670863,3325003,3325003,3324883,2104485,-94,-15,-109,10,0,4,6,2,0,7,7,7,0,247,10,0,1980-01-06T03:55:27,1633360367.3743088,2021-10-04T18:12:47
315968140,670857,3338003,3338003,3337993,2104485,-94,-15,-109,10,0,4,6,2,0,7,7,7,0,30,10,0,1980-01-06T03:55:40,1633360379.9839969,2021-10-04T18:12:59
315968169,680317,3367013,3367003,3367013,3361467,-91,-4,-96,12,0,4,7,2,0,8,8,8,0,117,10,0,1980-01-06T03:56:09,1633360408.4233608,2021-10-04T18:13:28
315968182,680385,3380013,3380003,3380013,3361467,-91,-4,-96,12,0,4,7,2,0,8,8,8,0,156,10,0,1980-01-06T03:56:22,1633360421.6733248,2021-10-04T18:13:41
315968196,670853,3394003,3394003,3393993,3361467,-91,-4,-96,12,0,5,7,2,0,8,8,8,0,198,10,0,1980-01-06T03:56:36,1633360437.643748,2021-10-04T18:13:57
315968210,670707,3408003,3408003,3407984,3361467,-91,-4,-96,12,0,4,7,2,0,8,8,8,0,240,10,0,1980-01-06T03:56:50,1633360450.8742728,2021-10-04T18:14:10
315968223,670485,3421003,3421003,3421003,3361467,-91,-4,-96,12,0,4,7,2,0,8,8,8,0,23,10,0,1980-01-06T03:57:03,1633360463.50266,2021-10-04T18:14:23
315968237,670862,3435003,3435003,3434903,3361467,-91,-4,-96,12,0,4,7,2,0,8,8,8,0,65,10,0,1980-01-06T03:57:17,1633360476.77248,2021-10-04T18:14:36
315968250,681264,3448014,3448003,3448014,3361467,-91,-4,-96,12,0,4,7,2,0,8,8,8,0,104,10,0,1980-01-06T03:57:30,1633360489.985776,2021-10-04T18:14:49
315968264,670862,3462003,3462003,3461954,3361467,-91,-4,-96,12,0,4,7,2,0,8,8,8,0,146,10,0,1980-01-06T03:57:44,1633360503.192472,2021-10-04T18:15:03
315968277,670493,3475003,3474993,3475003,3361467,-91,-4,-96,12,0,4,7,2,0,8,8,8,0,185,10,0,1980-01-06T03:57:57,1633360516.95348,2021-10-04T18:15:16
315968291,670440,3489003,3489003,3489003,3361467,-91,-4,-96,12,0,5,7,2,0,8,8,8,0,227,10,0,1980-01-06T03:58:11,1633360529.65292,2021-10-04T18:15:29
315968304,898078,3502013,3502003,3502013,3361467,-91,-4,-96,12,0,5,7,2,0,8,8,8,0,10,10,0,1980-01-06T03:58:24,1633360545.0421278,2021-10-04T18:15:45
315968318,888631,3516003,3516003,3515863,3361467,-91,-4,-96,12,0,4,7,2,0,8,8,8,0,52,10,0,1980-01-06T03:58:38,1633360558.331405,2021-10-04T18:15:58
315968331,888659,3529003,3529003,3528993,3361467,-91,-4,-96,12,0,4,7,2,0,8,8,8,0,91,10,0,1980-01-06T03:58:51,1633360571.522704,2021-10-04T18:16:11
315968344,888748,3542003,3541993,3542003,3361467,-91,-4,-96,12,0,4,7,2,0,8,8,8,0,130,10,0,1980-01-06T03:59:04,1633360584.211421,2021-10-04T18:16:24
315968358,898091,3556013,3556003,3556013,3361467,-91,-4,-96,12,0,4,7,2,0,8,8,8,0,172,10,0,1980-01-06T03:59:18,1633360597.381,2021-10-04T18:16:37
315968372,888615,3570003,3570003,3569993,3361467,-91,-4,-96,12,0,4,7,2,0,8,8,8,0,214,10,0,1980-01-06T03:59:32,1633360611.27104,2021-10-04T18:16:51
315968385,888233,3583003,3583003,3583003,3361467,-91,-4,-96,12,0,5,7,2,0,8,8,8,0,253,10,0,1980-01-06T03:59:45,1633360624.5214329,2021-10-04T18:17:04
315968398,898080,3596013,3596003,3596013,3361467,-91,-4,-96,12,0,5,7,2,0,8,8,8,0,36,10,0,1980-01-06T03:59:58,1633360637.2005959,2021-10-04T18:17:17
315968413,74242,3610013,3610003,3610013,3361467,-91,-4,-96,12,0,5,7,2,0,8,8,8,0,78,10,0,1980-01-06T04:00:13,1633360653.290284,2021-10-04T18:17:33
315968426,64375,3623003,3623003,3622813,3361467,-91,-4,-96,12,0,5,7,2,0,8,8,8,0,117,10,0,1980-01-06T04:00:26,1633360665.8604999,2021-10-04T18:17:45
315968440,74322,3637013,3637003,3637013,3361467,-91,-4,-96,12,0,4,7,2,0,8,8,8,0,159,10,0,1980-01-06T04:00:40,1633360679.070272,2021-10-04T18:17:59
315968453,64757,3650003,3650003,3649983,3361467,-91,-4,-96,12,0,4,7,2,0,8,8,8,0,198,10,0,1980-01-06T04:00:53,1633360692.291625,2021-10-04T18:18:12
315968467,64757,3664003,3664003,3663983,3361467,-91,-4,-96,12,0,4,7,2,0,8,8,8,0,240,10,0,1980-01-06T04:01:07,1633360706.069725,2021-10-04T18:18:26
315968481,64629,3678003,3678003,3677993,3361467,-91,-4,-96,12,0,5,7,2,0,8,8,8,0,26,10,0,1980-01-06T04:01:21,1633360718.789628,2021-10-04T18:18:38
315968494,64752,3691003,3691003,3690983,3361467,-91,-4,-96,12,0,5,7,2,0,8,8,8,0,65,10,0,1980-01-06T04:01:34,1633360732.0292969,2021-10-04T18:18:52
315968508,212688,3705003,3705003,3704983,3361467,-91,-4,-96,12,0,5,7,2,0,8,8,8,0,107,10,0,1980-01-06T04:01:48,1633360747.4104,2021-10-04T18:19:07
315968521,212480,3718003,3717993,3718003,3361467,-91,-4,-96,12,0,4,7,2,0,8,8,8,0,146,10,0,1980-01-06T04:02:01,1633360760.549933,2021-10-04T18:19:20
315968535,212679,3732003,3732003,3731923,3361467,-91,-4,-96,12,0,4,7,2,0,8,8,8,0,188,10,0,1980-01-06T04:02:15,1633360773.7388399,2021-10-04T18:19:33
315968548,212299,3745003,3745003,3745003,3361467,-91,-4,-96,12,0,4,7,2,0,8,8,8,0,227,10,0,1980-01-06T04:02:28,1633360787.5832648,2021-10-04T18:19:47
315968562,212684,3759003,3759003,3758933,3361467,-91,-4,-96,12,0,4,7,2,0,8,8,8,0,13,10,0,1980-01-06T04:02:42,1633360800.7487838,2021-10-04T18:20:00
315968575,212792,3772003,3771993,3772003,3361467,-91,-4,-96,12,0,4,7,2,0,8,8,8,0,52,10,0,1980-01-06T04:02:55,1633360813.448544,2021-10-04T18:20:13
315968589,212684,3786003,3786003,3785983,3361467,-91,-4,-96,12,0,5,7,2,0,8,8,8,0,94,10,0,1980-01-06T04:03:09,1633360826.6182358,2021-10-04T18:20:26
315968602,241821,3799003,3799003,3798983,3361467,-91,-4,-96,12,0,5,7,2,0,8,8,8,0,133,10,0,1980-01-06T04:03:22,1633360842.038497,2021-10-04T18:20:42
315968615,242636,3812004,3811993,3812004,3361467,-91,-4,-96,12,0,5,7,2,0,8,8,8,0,172,10,0,1980-01-06T04:03:35,1633360855.318444,2021-10-04T18:20:55
315968629,242201,3826003,3826003,3825993,3361467,-91,-4,-96,12,0,4,7,2,0,8,8,8,0,214,10,0,1980-01-06T04:03:49,1633360868.667796,2021-10-04T18:21:08
315968643,241811,3840003,3840003,3840003,3361467,-91,-4,-96,12,0,4,7,2,0,8,8,8,0,0,10,0,1980-01-06T04:04:03,1633360881.977836,2021-10-04T18:21:21
315968657,241795,3854003,3854003,3853993,3361467,-91,-4,-96,12,0,4,7,2,0,8,8,8,0,42,10,0,1980-01-06T04:04:17,1633360895.297356,2021-10-04T18:21:35
315968670,251848,3867013,3867003,3867013,3361467,-91,-4,-96,12,0,4,7,2,0,8,8,8,0,81,10,0,1980-01-06T04:04:30,1633360908.5673249,2021-10-04T18:21:48
315968684,241791,3881003,3881003,3881003,3361467,-91,-4,-96,12,0,5,7,2,0,8,8,8,0,123,10,0,1980-01-06T04:04:44,1633360921.866781,2021-10-04T18:22:01
315968697,242187,3894003,3894003,3893993,3361467,-91,-4,-96,12,0,5,7,2,0,8,8,8,0,162,10,0,1980-01-06T04:04:57,1633360937.457469,2021-10-04T18:22:17
315968710,241575,3907003,3907003,3906993,3361467,-91,-4,-96,12,0,5,7,2,0,8,8,8,0,201,10,0,1980-01-06T04:05:10,1633360950.197533,2021-10-04T18:22:30
315968724,241579,3921003,3921003,3920983,3361467,-91,-4,-96,12,0,4,7,2,0,8,8,8,0,243,10,0,1980-01-06T04:05:24,1633360964.1265168,2021-10-04T18:22:44
315968739,241570,3936003,3936003,3935983,3361467,-91,-4,-96,12,0,4,7,2,0,8,8,8,0,32,10,0,1980-01-06T04:05:39,1633360977.4465039,2021-10-04T18:22:57
315968751,251094,3948013,3948003,3948013,3361467,-91,-4,-96,12,0,4,7,2,0,8,8,8,0,68,10,0,1980-01-06T04:05:51,1633360990.8266208,2021-10-04T18:23:10
315968765,241171,3962003,3962003,3962003,3361467,-91,-4,-96,12,0,4,7,2,0,8,8,8,0,110,10,0,1980-01-06T04:06:05,1633361003.576248,2021-10-04T18:23:23
315968779,241570,3976003,3976003,3975993,3361467,-91,-4,-96,12,0,5,7,2,0,8,8,8,0,152,10,0,1980-01-06T04:06:19,1633361016.9459958,2021-10-04T18:23:36
315968792,241182,3989003,3989003,3989003,3361467,-91,-4,-96,12,0,5,7,2,0,8,8,8,0,191,10,0,1980-01-06T04:06:32,1633361030.256173,2021-10-04T18:23:50
315968806,366219,4003003,4003003,4002993,3361467,-91,-4,-96,12,0,5,7,2,0,8,8,8,0,233,10,0,1980-01-06T04:06:46,1633361045.77682,2021-10-04T18:24:05
315968820,376121,4017013,4017003,4017013,3361467,-91,-4,-96,12,0,4,7,2,0,8,8,8,0,19,10,0,1980-01-06T04:07:00,1633361059.116261,2021-10-04T18:24:19
315968833,366585,4030003,4030003,4029993,3361467,-91,-4,-96,12,0,4,7,2,0,8,8,8,0,58,10,0,1980-01-06T04:07:13,1633361073.105813,2021-10-04T18:24:33
315968847,366572,4044003,4043993,4044003,3361467,-91,-4,-96,12,0,4,7,2,0,8,8,8,0,100,10,0,1980-01-06T04:07:27,1633361085.945284,2021-10-04T18:24:45
315968861,366588,4058003,4058003,4057993,3361467,-91,-4,-96,12,0,4,7,2,0,8,8,8,0,142,10,0,1980-01-06T04:07:41,1633361099.3155448,2021-10-04T18:24:59
315968874,376052,4071013,4071003,4071013,3361467,-91,-4,-96,12,0,4,7,2,0,8,8,8,0,181,10,0,1980-01-06T04:07:54,1633361112.6852849,2021-10-04T18:25:12
315968888,376217,4085013,4085003,4085013,3361467,-91,-4,-96,12,0,5,7,2,0,8,8,8,0,223,10,0,1980-01-06T04:08:08,1633361126.0548198,2021-10-04T18:25:26
315968902,366208,4099003,4099003,4099003,3361467,-91,-4,-96,12,0,5,7,2,0,8,8,8,0,9,10,0,1980-01-06T04:08:22,1633361142.304764,2021-10-04T18:25:42
315968916,314408,4113003,4113003,4112983,3361467,-91,-4,-96,12,0,4,7,2,0,8,8,8,0,51,10,0,1980-01-06T04:08:36,1633361155.075604,2021-10-04T18:25:55
315968929,314408,4126003,4126003,4125964,3361467,-91,-4,-96,12,0,4,7,2,0,8,8,8,0,90,10,0,1980-01-06T04:08:49,1633361168.4147248,2021-10-04T18:26:08
315968943,314403,4140003,4140003,4139883,3361467,-91,-4,-96,12,0,4,7,2,0,8,8,8,0,132,10,0,1980-01-06T04:09:03,1633361181.81444,2021-10-04T18:26:21
315968957,314408,4154003,4154003,4153873,3361467,-91,-4,-96,12,0,4,7,2,0,8,8,8,0,174,10,0,1980-01-06T04:09:17,1633361195.2049,2021-10-04T18:26:35
315968969,314408,4166003,4166003,4165983,3361467,-91,-4,-96,12,0,4,7,2,0,8,8,8,0,210,10,0,1980-01-06T04:09:29,1633361208.6164079,2021-10-04T18:26:48
315968983,314004,4180003,4180003,4180003,3361467,-91,-4,-96,12,0,4,7,2,0,8,8,8,0,252,10,0,1980-01-06T04:09:43,1633361222.0059168,2021-10-04T18:27:02
315968998,314408,4195003,4195003,4194983,3361467,-91,-4,-96,12,0,5,7,2,0,8,8,8,0,41,10,0,1980-01-06T04:09:58,1633361237.605453,2021-10-04T18:27:17
315969011,314031,4208003,4208003,4207833,3361467,-91,-4,-96,12,0,5,7,2,0,8,8,8,0,80,10,0,1980-01-06T04:10:11,1633361250.903949,2021-10-04T18:27:30
