time_s,time_us,time_steady,sd_last_error,sd_error_count,sd_elapsed_time_from_msg,sd_last_state,imi_last_error,imi_error_count,imi_elapsed_time_from_msg,imi_last_state,sins_comm_last_error,sins_comm_error_count,sins_comm_elapsed_time_from_msg,sins_comm_last_state,wifi_last_error,wifi_error_count,wifi_elapsed_time_from_msg,wifi_last_state,network_last_error,network_error_count,network_elapsed_time_from_msg,network_last_state,sensors_last_error,sensors_error_count,sensors_elapsed_time_from_msg,sensors_last_state,time_sync_last_error,time_sync_error_count,time_sync_elapsed_time_from_msg,time_sync_last_state,radio_last_error,radio_error_count,radio_elapsed_time_from_msg,radio_last_state,shift_reg_last_error,shift_reg_error_count,shift_reg_elapsed_time_from_msg,shift_reg_last_state,seq,srcSystem,srcComponent,time_gregorian,log_timestamp,log_timestamp_gregorian
315965021,706647,222003,0,0,45,2,0,0,0,0,0,0,0,0,0,0,0,0,0,0,0,0,0,0,0,0,0,0,0,0,0,0,0,0,0,0,0,4279305728,156,10,0,1980-01-06T03:03:41,1633357264.534904,2021-10-04T17:21:04
315965035,707056,236003,0,0,19,2,0,0,0,0,0,0,0,0,0,0,0,0,0,0,0,0,0,0,0,0,0,0,0,0,0,0,0,0,0,0,0,4278257168,198,10,0,1980-01-06T03:03:55,1633357278.1152399,2021-10-04T17:21:18
315965063,707060,264003,0,0,1,2,0,0,0,0,0,0,0,0,0,0,0,0,0,0,0,0,0,0,0,0,0,0,0,0,0,0,0,0,0,0,0,4278191633,26,10,0,1980-01-06T03:04:23,1633357306.8055959,2021-10-04T17:21:46
315965076,707063,277003,0,0,58,2,0,0,0,0,0,0,0,0,0,0,0,0,0,0,0,0,0,0,0,0,0,0,0,0,0,0,0,0,0,0,0,4278191633,65,10,0,1980-01-06T03:04:36,1633357319.8255248,2021-10-04T17:21:59
315965090,716584,291013,0,0,23,2,0,0,0,0,0,0,0,0,0,0,0,0,0,0,0,0,0,0,0,0,0,0,0,0,0,0,0,0,0,0,0,4279240208,107,10,0,1980-01-06T03:04:50,1633357332.7959728,2021-10-04T17:22:12
315965104,748676,305003,0,0,77,2,0,0,0,0,0,0,0,0,0,0,0,0,0,0,0,0,0,0,0,0,0,0,0,0,0,0,0,0,0,0,0,4279240208,149,10,0,1980-01-06T03:05:04,1633357346.367241,2021-10-04T17:22:26
315965117,748646,318003,0,0,66,2,0,0,0,0,0,0,0,0,0,0,0,0,0,0,0,0,0,0,0,0,0,0,0,0,0,0,0,0,0,0,0,4278191633,188,10,0,1980-01-06T03:05:17,1633357361.406421,2021-10-04T17:22:41
315965131,749062,332003,0,0,35,2,0,0,0,0,0,0,0,0,0,0,0,0,0,0,0,0,0,0,0,0,0,0,0,0,0,0,0,0,0,0,0,4278257168,230,10,0,1980-01-06T03:05:31,1633357375.005993,2021-10-04T17:22:55
315965145,758526,346013,0,0,62,2,0,0,0,0,0,0,0,0,0,0,0,0,0,0,0,0,0,0,0,0,0,0,0,0,0,0,0,0,0,0,0,4278257168,16,10,0,1980-01-06T03:05:45,1633357388.5476289,2021-10-04T17:23:08
315965158,758599,359013,0,0,55,2,0,0,0,0,0,0,0,0,0,0,0,0,0,0,0,0,0,0,0,0,0,0,0,0,0,0,0,0,0,0,0,4278257168,55,10,0,1980-01-06T03:05:58,1633357401.585768,2021-10-04T17:23:21
315965172,749117,373003,0,0,7,2,0,0,0,0,0,0,0,0,0,0,0,0,0,0,0,0,0,0,0,0,0,0,0,0,0,0,0,0,0,0,0,4278257168,97,10,0,1980-01-06T03:06:12,1633357414.6460679,2021-10-04T17:23:34
315965185,758522,386013,0,0,1,2,0,0,0,0,0,0,0,0,0,0,0,0,0,0,0,0,0,0,0,0,0,0,0,0,0,0,0,0,0,0,0,4278257168,136,10,0,1980-01-06T03:06:25,1633357429.7267249,2021-10-04T17:23:49
315965198,869631,399003,0,0,51,2,0,0,0,0,0,0,0,0,0,0,0,0,0,0,0,0,0,0,0,0,0,0,0,0,0,0,0,0,0,0,0,4278257168,175,10,0,1980-01-06T03:06:38,1633357442.736532,2021-10-04T17:24:02
315965214,879618,415013,0,0,7,2,0,0,0,0,0,0,0,0,0,0,0,0,0,0,0,0,0,0,0,0,0,0,0,0,0,0,0,0,0,0,0,4279240208,223,10,0,1980-01-06T03:06:54,1633357456.9361439,2021-10-04T17:24:16
315965227,869923,428003,0,0,82,2,0,0,0,0,0,0,0,0,0,0,0,0,0,0,0,0,0,0,0,0,0,0,0,0,0,0,0,0,0,0,0,4279240208,6,10,0,1980-01-06T03:07:07,1633357469.926148,2021-10-04T17:24:29
315965240,879503,441013,0,0,4,2,0,0,0,0,0,0,0,0,0,0,0,0,0,0,0,0,0,0,0,0,0,0,0,0,0,0,0,0,0,0,0,4278191633,45,10,0,1980-01-06T03:07:20,1633357482.976244,2021-10-04T17:24:42
315965254,879516,455013,0,0,56,2,0,0,0,0,0,0,0,0,0,0,0,0,0,0,0,0,0,0,0,0,0,0,0,0,0,0,0,0,0,0,0,4278257168,87,10,0,1980-01-06T03:07:34,1633357498.1064248,2021-10-04T17:24:58
315965268,879497,469013,0,0,1,2,0,0,0,0,0,0,0,0,0,0,0,0,0,0,0,0,0,0,0,0,0,0,0,0,0,0,0,0,0,0,0,4278257168,129,10,0,1980-01-06T03:07:48,1633357511.766324,2021-10-04T17:25:11
315965281,869622,482003,0,0,1,2,0,0,0,0,0,0,0,0,0,0,0,0,0,0,0,0,0,0,0,0,0,0,0,0,0,0,0,0,0,0,0,4278257168,168,10,0,1980-01-06T03:08:01,1633357524.696452,2021-10-04T17:25:24
315965295,870028,496003,0,0,79,2,0,0,0,0,0,0,0,0,0,0,0,0,0,0,0,0,0,0,0,0,0,0,0,0,0,0,0,0,0,0,0,4278257168,210,10,0,1980-01-06T03:08:15,1633357537.746393,2021-10-04T17:25:37
315965309,915734,510013,0,0,5,2,0,0,0,0,0,0,0,0,0,0,0,0,0,0,0,0,0,0,0,0,0,0,0,0,0,0,0,0,0,0,0,4278257168,252,10,0,1980-01-06T03:08:29,1633357551.3469808,2021-10-04T17:25:51
315965336,905871,537003,0,0,3,2,0,0,0,0,0,0,0,0,0,0,0,0,0,0,0,0,0,0,0,0,0,0,0,0,0,0,0,0,0,0,0,4279240208,77,10,0,1980-01-06T03:08:56,1633357580.096572,2021-10-04T17:26:20
315965350,915384,551013,0,0,37,2,0,0,0,0,0,0,0,0,0,0,0,0,0,0,0,0,0,0,0,0,0,0,0,0,0,0,0,0,0,0,0,4278257168,119,10,0,1980-01-06T03:09:10,1633357593.797288,2021-10-04T17:26:33
315965364,905453,565003,0,0,48,2,0,0,0,0,0,0,0,0,0,0,0,0,0,0,0,0,0,0,0,0,0,0,0,0,0,0,0,0,0,0,0,4278257168,161,10,0,1980-01-06T03:09:24,1633357606.866993,2021-10-04T17:26:46
315965392,905491,593003,0,0,91,2,0,0,0,0,0,0,0,0,0,0,0,0,0,0,0,0,0,0,0,0,0,0,0,0,0,0,0,0,0,0,0,4278191633,245,10,0,1980-01-06T03:09:52,1633357636.2672238,2021-10-04T17:27:16
315965407,137792,607003,0,0,65,2,0,0,0,0,0,0,0,0,0,0,0,0,0,0,0,0,0,0,0,0,0,0,0,0,0,0,0,0,0,0,0,4278257168,31,10,0,1980-01-06T03:10:07,1633357649.3266199,2021-10-04T17:27:29
315965421,137804,621003,0,0,36,2,0,0,0,0,0,0,0,0,0,0,0,0,0,0,0,0,0,0,0,0,0,0,0,0,0,0,0,0,0,0,0,4278257168,73,10,0,1980-01-06T03:10:21,1633357662.366756,2021-10-04T17:27:42
315965434,147271,634013,0,0,0,2,0,0,0,0,0,0,0,0,0,0,0,0,0,0,0,0,0,0,0,0,0,0,0,0,0,0,0,0,0,0,0,4278257168,112,10,0,1980-01-06T03:10:34,1633357676.0277638,2021-10-04T17:27:56
315965475,137389,675003,0,0,5,2,0,0,0,0,0,0,0,0,0,0,0,0,0,0,0,0,0,0,0,0,0,0,0,0,0,0,0,0,0,0,0,4279240208,235,10,0,1980-01-06T03:11:15,1633357717.768144,2021-10-04T17:28:37
315965489,137778,689003,0,0,72,2,0,0,0,0,0,0,0,0,0,0,0,0,0,0,0,0,0,0,0,0,0,0,0,0,0,0,0,0,0,0,0,4278191633,21,10,0,1980-01-06T03:11:29,1633357731.3486528,2021-10-04T17:28:51
315965503,225379,703003,0,0,20,2,0,0,0,0,0,0,0,0,0,0,0,0,0,0,0,0,0,0,0,0,0,0,0,0,0,0,0,0,0,0,0,4279240208,63,10,0,1980-01-06T03:11:43,1633357744.3870769,2021-10-04T17:29:04
315965517,225397,717003,0,0,1,2,0,0,0,0,0,0,0,0,0,0,0,0,0,0,0,0,0,0,0,0,0,0,0,0,0,0,0,0,0,0,0,4278191633,105,10,0,1980-01-06T03:11:57,1633357760.1388118,2021-10-04T17:29:20
315965530,234897,730013,0,0,28,2,0,0,0,0,0,0,0,0,0,0,0,0,0,0,0,0,0,0,0,0,0,0,0,0,0,0,0,0,0,0,0,4278257168,144,10,0,1980-01-06T03:12:10,1633357773.1773648,2021-10-04T17:29:33
315965544,225398,744003,0,0,1,2,0,0,0,0,0,0,0,0,0,0,0,0,0,0,0,0,0,0,0,0,0,0,0,0,0,0,0,0,0,0,0,4278257168,186,10,0,1980-01-06T03:12:24,1633357786.2874289,2021-10-04T17:29:46
315965558,225006,758003,0,0,23,2,0,0,0,0,0,0,0,0,0,0,0,0,0,0,0,0,0,0,0,0,0,0,0,0,0,0,0,0,0,0,0,4278257168,228,10,0,1980-01-06T03:12:38,1633357799.3789918,2021-10-04T17:29:59
315965572,225183,772003,0,0,1,2,0,0,0,0,0,0,0,0,0,0,0,0,0,0,0,0,0,0,0,0,0,0,0,0,0,0,0,0,0,0,0,4278257168,14,10,0,1980-01-06T03:12:52,1633357815.777601,2021-10-04T17:30:15
315965586,225398,786003,0,0,0,2,0,0,0,0,0,0,0,0,0,0,0,0,0,0,0,0,0,0,0,0,0,0,0,0,0,0,0,0,0,0,0,4278257153,56,10,0,1980-01-06T03:13:06,1633357828.956873,2021-10-04T17:30:28
315965599,224986,799003,0,0,4,2,0,0,0,0,0,0,0,0,0,0,0,0,0,0,0,0,0,0,0,0,0,0,0,0,0,0,0,0,0,0,0,4278257168,95,10,0,1980-01-06T03:13:19,1633357842.118844,2021-10-04T17:30:42
315965612,264707,812004,0,0,5,2,0,0,0,0,0,0,0,0,0,0,0,0,0,0,0,0,0,0,0,0,0,0,0,0,0,0,0,0,0,0,0,4278257168,134,10,0,1980-01-06T03:13:32,1633357855.1684449,2021-10-04T17:30:55
315965627,264118,827003,0,0,9,2,0,0,0,0,0,0,0,0,0,0,0,0,0,0,0,0,0,0,0,0,0,0,0,0,0,0,0,0,0,0,0,4279305728,179,10,0,1980-01-06T03:13:47,1633357868.8070838,2021-10-04T17:31:08
315965640,264098,840003,0,0,29,2,0,0,0,0,0,0,0,0,0,0,0,0,0,0,0,0,0,0,0,0,0,0,0,0,0,0,0,0,0,0,0,4279305728,218,10,0,1980-01-06T03:14:00,1633357881.927229,2021-10-04T17:31:21
315965654,273995,854013,0,0,59,2,0,0,0,0,0,0,0,0,0,0,0,0,0,0,0,0,0,0,0,0,0,0,0,0,0,0,0,0,0,0,0,4279305728,4,10,0,1980-01-06T03:14:14,1633357897.017324,2021-10-04T17:31:37
315965669,264478,869003,0,0,35,2,0,0,0,0,0,0,0,0,0,0,0,0,0,0,0,0,0,0,0,0,0,0,0,0,0,0,0,0,0,0,0,4279305728,49,10,0,1980-01-06T03:14:29,1633357911.286849,2021-10-04T17:31:51
315965682,264477,882003,0,0,86,2,0,0,0,0,0,0,0,0,0,0,0,0,0,0,0,0,0,0,0,0,0,0,0,0,0,0,0,0,0,0,0,4279305728,88,10,0,1980-01-06T03:14:42,1633357924.307065,2021-10-04T17:32:04
315965695,264477,895003,0,0,0,2,0,0,0,0,0,0,0,0,0,0,0,0,0,0,0,0,0,0,0,0,0,0,0,0,0,0,0,0,0,0,0,4278257168,127,10,0,1980-01-06T03:14:55,1633357937.36706,2021-10-04T17:32:17
315965723,274227,923013,0,0,3,2,0,0,0,0,0,0,0,0,0,0,0,0,0,0,0,0,0,0,0,0,0,0,0,0,0,0,0,0,0,0,0,4278257168,211,10,0,1980-01-06T03:15:23,1633357966.2474558,2021-10-04T17:32:46
315965736,273966,936013,0,0,99,2,0,0,0,0,0,0,0,0,0,0,0,0,0,0,0,0,0,0,0,0,0,0,0,0,0,0,0,0,0,0,0,4278257168,250,10,0,1980-01-06T03:15:36,1633357979.4073958,2021-10-04T17:32:59
315965751,273950,951013,0,0,95,2,0,0,0,0,0,0,0,0,0,0,0,0,0,0,0,0,0,0,0,0,0,0,0,0,0,0,0,0,0,0,0,4278257168,39,10,0,1980-01-06T03:15:51,1633357993.028972,2021-10-04T17:33:13
315965765,264472,965003,0,0,71,2,0,0,0,0,0,0,0,0,0,0,0,0,0,0,0,0,0,0,0,0,0,0,0,0,0,0,0,0,0,0,0,4278257168,81,10,0,1980-01-06T03:16:05,1633358006.737565,2021-10-04T17:33:26
315965779,264105,979003,0,0,95,2,0,0,0,0,0,0,0,0,0,0,0,0,0,0,0,0,0,0,0,0,0,0,0,0,0,0,0,0,0,0,0,4278257168,123,10,0,1980-01-06T03:16:19,1633358021.8373039,2021-10-04T17:33:41
315965792,264490,992003,0,0,1,2,0,0,0,0,0,0,0,0,0,0,0,0,0,0,0,0,0,0,0,0,0,0,0,0,0,0,0,0,0,0,0,4278257168,162,10,0,1980-01-06T03:16:32,1633358035.4568279,2021-10-04T17:33:55
315965806,289749,1006003,0,0,79,2,0,0,0,0,0,0,0,0,0,0,0,0,0,0,0,0,0,0,0,0,0,0,0,0,0,0,0,0,0,0,0,4278257168,204,10,0,1980-01-06T03:16:46,1633358048.527232,2021-10-04T17:34:08
315965820,289769,1020003,0,0,4,2,0,0,0,0,0,0,0,0,0,0,0,0,0,0,0,0,0,0,0,0,0,0,0,0,0,0,0,0,0,0,0,4278257168,246,10,0,1980-01-06T03:17:00,1633358061.646821,2021-10-04T17:34:21
315965834,289753,1034003,0,0,97,2,0,0,0,0,0,0,0,0,0,0,0,0,0,0,0,0,0,0,0,0,0,0,0,0,0,0,0,0,0,0,0,4278257168,32,10,0,1980-01-06T03:17:14,1633358075.40694,2021-10-04T17:34:35
315965847,289754,1047003,0,0,5,2,0,0,0,0,0,0,0,0,0,0,0,0,0,0,0,0,0,0,0,0,0,0,0,0,0,0,0,0,0,0,0,4278257168,71,10,0,1980-01-06T03:17:27,1633358090.5370488,2021-10-04T17:34:50
315965861,289754,1061003,0,0,68,2,0,0,0,0,0,0,0,0,0,0,0,0,0,0,0,0,0,0,0,0,0,0,0,0,0,0,0,0,0,0,0,4278191633,113,10,0,1980-01-06T03:17:41,1633358104.206773,2021-10-04T17:35:04
315965875,289750,1075003,0,0,68,2,0,0,0,0,0,0,0,0,0,0,0,0,0,0,0,0,0,0,0,0,0,0,0,0,0,0,0,0,0,0,0,4278191633,155,10,0,1980-01-06T03:17:55,1633358117.316745,2021-10-04T17:35:17
315965891,289731,1091003,0,0,86,2,0,0,0,0,0,0,0,0,0,0,0,0,0,0,0,0,0,0,0,0,0,0,0,0,0,0,0,0,0,0,0,4279764496,203,10,0,1980-01-06T03:18:11,1633358132.9469879,2021-10-04T17:35:32
315965904,544688,1104013,0,0,86,2,0,0,0,0,0,0,0,0,0,0,0,0,0,0,0,0,0,0,0,0,0,0,0,0,0,0,0,0,0,0,0,4279764496,242,10,0,1980-01-06T03:18:24,1633358146.1168919,2021-10-04T17:35:46
315965919,535072,1119003,0,0,25,2,0,0,0,0,0,0,0,0,0,0,0,0,0,0,0,0,0,0,0,0,0,0,0,0,0,0,0,0,0,0,0,4279240208,31,10,0,1980-01-06T03:18:39,1633358161.4070609,2021-10-04T17:36:01
315965932,535069,1132003,0,0,28,2,0,0,0,0,0,0,0,0,0,0,0,0,0,0,0,0,0,0,0,0,0,0,0,0,0,0,0,0,0,0,0,4278191633,70,10,0,1980-01-06T03:18:52,1633358175.1667929,2021-10-04T17:36:15
315965949,534701,1149003,0,0,5,2,0,0,0,0,0,0,0,0,0,0,0,0,0,0,0,0,0,0,0,0,0,0,0,0,0,0,0,0,0,0,0,4286580241,121,10,0,1980-01-06T03:19:09,1633358190.857041,2021-10-04T17:36:30
315965963,535069,1163003,0,0,60,2,0,0,0,0,0,0,0,0,0,0,0,0,0,0,0,0,0,0,0,0,0,0,0,0,0,0,0,0,0,0,0,4286580241,163,10,0,1980-01-06T03:19:23,1633358204.578541,2021-10-04T17:36:44
315965976,534666,1176003,0,0,52,2,0,0,0,0,0,0,0,0,0,0,0,0,0,0,0,0,0,0,0,0,0,0,0,0,0,0,0,0,0,0,0,4278191633,202,10,0,1980-01-06T03:19:36,1633358219.756757,2021-10-04T17:36:59
315965992,544537,1192013,0,0,3,2,0,0,0,0,0,0,0,0,0,0,0,0,0,0,0,0,0,0,0,0,0,0,0,0,0,0,0,0,0,0,0,4278257176,250,10,0,1980-01-06T03:19:52,1633358234.798508,2021-10-04T17:37:14
315966006,571046,1206003,0,0,69,2,0,0,0,0,0,0,0,0,0,0,0,0,0,0,0,0,0,0,0,0,0,0,0,0,0,0,0,0,0,0,0,4278257176,36,10,0,1980-01-06T03:20:06,1633358248.4765089,2021-10-04T17:37:28
315966020,581207,1220013,0,0,7,2,0,0,0,0,0,0,0,0,0,0,0,0,0,0,0,0,0,0,0,0,0,0,0,0,0,0,0,0,0,0,0,4278257168,78,10,0,1980-01-06T03:20:20,1633358261.646848,2021-10-04T17:37:41
315966034,571054,1234003,0,0,41,2,0,0,0,0,0,0,0,0,0,0,0,0,0,0,0,0,0,0,0,0,0,0,0,0,0,0,0,0,0,0,0,4278257168,120,10,0,1980-01-06T03:20:34,1633358280.037164,2021-10-04T17:38:00
315966050,571435,1250003,0,0,27,2,0,0,0,0,0,0,0,0,0,0,0,0,0,0,0,0,0,0,0,0,0,0,0,0,0,0,0,0,0,0,0,4278257296,168,10,0,1980-01-06T03:20:50,1633358293.286725,2021-10-04T17:38:13
315966064,571434,1264003,0,0,73,2,0,0,0,0,0,0,0,0,0,0,0,0,0,0,0,0,0,0,0,0,0,0,0,0,0,0,0,0,0,0,0,4278257168,210,10,0,1980-01-06T03:21:04,1633358306.516633,2021-10-04T17:38:26
315966078,571449,1278003,0,0,55,2,0,0,0,0,0,0,0,0,0,0,0,0,0,0,0,0,0,0,0,0,0,0,0,0,0,0,0,0,0,0,0,4279240208,252,10,0,1980-01-06T03:21:18,1633358320.246608,2021-10-04T17:38:40
315966091,571445,1291003,0,0,18,2,0,0,0,0,0,0,0,0,0,0,0,0,0,0,0,0,0,0,0,0,0,0,0,0,0,0,0,0,0,0,0,4278257168,35,10,0,1980-01-06T03:21:31,1633358333.486485,2021-10-04T17:38:53
315966106,581353,1306013,0,0,66,2,0,0,0,0,0,0,0,0,0,0,0,0,0,0,0,0,0,0,0,0,0,0,0,0,0,0,0,0,0,0,0,4278257168,80,10,0,1980-01-06T03:21:46,1633358349.426728,2021-10-04T17:39:09
315966119,581040,1319013,0,0,3,2,0,0,0,0,0,0,0,0,0,0,0,0,0,0,0,0,0,0,0,0,0,0,0,0,0,0,0,0,0,0,0,4278257168,119,10,0,1980-01-06T03:21:59,1633358362.588045,2021-10-04T17:39:22
315966134,571026,1334003,0,0,62,2,0,0,0,0,0,0,0,0,0,0,0,0,0,0,0,0,0,0,0,0,0,0,0,0,0,0,0,0,0,0,0,4278257168,164,10,0,1980-01-06T03:22:14,1633358376.266145,2021-10-04T17:39:36
315966148,571266,1348003,0,0,92,2,0,0,0,0,0,0,0,0,0,0,0,0,0,0,0,0,0,0,0,0,0,0,0,0,0,0,0,0,0,0,0,4278257168,206,10,0,1980-01-06T03:22:28,1633358390.0460088,2021-10-04T17:39:50
315966161,571226,1361003,0,0,14,2,0,0,0,0,0,0,0,0,0,0,0,0,0,0,0,0,0,0,0,0,0,0,0,0,0,0,0,0,0,0,0,4278257168,245,10,0,1980-01-06T03:22:41,1633358403.2159688,2021-10-04T17:40:03
315966176,571053,1376003,0,0,6,2,0,0,0,0,0,0,0,0,0,0,0,0,0,0,0,0,0,0,0,0,0,0,0,0,0,0,0,0,0,0,0,4278257168,34,10,0,1980-01-06T03:22:56,1633358418.4864929,2021-10-04T17:40:18
315966189,571041,1389003,0,0,5,2,0,0,0,0,0,0,0,0,0,0,0,0,0,0,0,0,0,0,0,0,0,0,0,0,0,0,0,0,0,0,0,4278257168,73,10,0,1980-01-06T03:23:09,1633358432.285873,2021-10-04T17:40:32
315966203,784058,1403003,0,0,23,2,0,0,0,0,0,0,0,0,0,0,0,0,0,0,0,0,0,0,0,0,0,0,0,0,0,0,0,0,0,0,0,4278257168,115,10,0,1980-01-06T03:23:23,1633358445.5263329,2021-10-04T17:40:45
315966216,793951,1416013,0,0,2,2,0,0,0,0,0,0,0,0,0,0,0,0,0,0,0,0,0,0,0,0,0,0,0,0,0,0,0,0,0,0,0,4278257168,154,10,0,1980-01-06T03:23:36,1633358458.686137,2021-10-04T17:40:58
315966231,793906,1431013,0,0,46,2,0,0,0,0,0,0,0,0,0,0,0,0,0,0,0,0,0,0,0,0,0,0,0,0,0,0,0,0,0,0,0,4278257168,199,10,0,1980-01-06T03:23:51,1633358472.485869,2021-10-04T17:41:12
315966245,784046,1445003,0,0,5,2,0,0,0,0,0,0,0,0,0,0,0,0,0,0,0,0,0,0,0,0,0,0,0,0,0,0,0,0,0,0,0,4278257168,241,10,0,1980-01-06T03:24:05,1633358487.946569,2021-10-04T17:41:27
315966259,793963,1459013,0,0,8,2,0,0,0,0,0,0,0,0,0,0,0,0,0,0,0,0,0,0,0,0,0,0,0,0,0,0,0,0,0,0,0,4278257168,27,10,0,1980-01-06T03:24:19,1633358501.7361999,2021-10-04T17:41:41
315966272,784427,1472003,0,0,6,2,0,0,0,0,0,0,0,0,0,0,0,0,0,0,0,0,0,0,0,0,0,0,0,0,0,0,0,0,0,0,0,4278191633,66,10,0,1980-01-06T03:24:32,1633358514.986045,2021-10-04T17:41:54
315966287,784429,1487003,0,0,14,2,0,0,0,0,0,0,0,0,0,0,0,0,0,0,0,0,0,0,0,0,0,0,0,0,0,0,0,0,0,0,0,4278191633,111,10,0,1980-01-06T03:24:47,1633358528.915752,2021-10-04T17:42:08
315966300,838374,1500004,0,0,11,2,0,0,0,0,0,0,0,0,0,0,0,0,0,0,0,0,0,0,0,0,0,0,0,0,0,0,0,0,0,0,0,4278191633,150,10,0,1980-01-06T03:25:00,1633358542.095916,2021-10-04T17:42:22
315966315,837449,1515003,0,0,56,2,0,0,0,0,0,0,0,0,0,0,0,0,0,0,0,0,0,0,0,0,0,0,0,0,0,0,0,0,0,0,0,4279240208,195,10,0,1980-01-06T03:25:15,1633358558.206176,2021-10-04T17:42:38
315966327,847472,1527013,0,0,23,2,0,0,0,0,0,0,0,0,0,0,0,0,0,0,0,0,0,0,0,0,0,0,0,0,0,0,0,0,0,0,0,4279240208,231,10,0,1980-01-06T03:25:27,1633358570.87618,2021-10-04T17:42:50
315966341,837445,1541003,0,0,60,2,0,0,0,0,0,0,0,0,0,0,0,0,0,0,0,0,0,0,0,0,0,0,0,0,0,0,0,0,0,0,0,4279240208,17,10,0,1980-01-06T03:25:41,1633358584.216588,2021-10-04T17:43:04
315966355,837863,1555003,0,0,94,2,0,0,0,0,0,0,0,0,0,0,0,0,0,0,0,0,0,0,0,0,0,0,0,0,0,0,0,0,0,0,0,4279240208,59,10,0,1980-01-06T03:25:55,1633358597.395949,2021-10-04T17:43:17
315966368,847322,1568013,0,0,92,2,0,0,0,0,0,0,0,0,0,0,0,0,0,0,0,0,0,0,0,0,0,0,0,0,0,0,0,0,0,0,0,4279240208,98,10,0,1980-01-06T03:26:08,1633358610.597096,2021-10-04T17:43:30
315966382,837859,1582003,0,0,33,2,0,0,0,0,0,0,0,0,0,0,0,0,0,0,0,0,0,0,0,0,0,0,0,0,0,0,0,0,0,0,0,4279240208,140,10,0,1980-01-06T03:26:22,1633358623.786044,2021-10-04T17:43:43
315966395,837858,1595003,0,0,96,2,0,0,0,0,0,0,0,0,0,0,0,0,0,0,0,0,0,0,0,0,0,0,0,0,0,0,0,0,0,0,0,4279240208,179,10,0,1980-01-06T03:26:35,1633358637.0359209,2021-10-04T17:43:57
315966411,43334,1610003,0,0,37,2,0,0,0,0,0,0,0,0,0,0,0,0,0,0,0,0,0,0,0,0,0,0,0,0,0,0,0,0,0,0,0,4279240208,224,10,0,1980-01-06T03:26:51,1633358652.4578729,2021-10-04T17:44:12
315966423,42940,1622003,0,0,72,2,0,0,0,0,0,0,0,0,0,0,0,0,0,0,0,0,0,0,0,0,0,0,0,0,0,0,0,0,0,0,0,4278191633,4,10,0,1980-01-06T03:27:03,1633358665.755837,2021-10-04T17:44:25
315966437,43346,1636003,0,0,8,2,0,0,0,0,0,0,0,0,0,0,0,0,0,0,0,0,0,0,0,0,0,0,0,0,0,0,0,0,0,0,0,4278191633,46,10,0,1980-01-06T03:27:17,1633358679.0257719,2021-10-04T17:44:39
315966451,42953,1650003,0,0,71,2,0,0,0,0,0,0,0,0,0,0,0,0,0,0,0,0,0,0,0,0,0,0,0,0,0,0,0,0,0,0,0,4278191633,88,10,0,1980-01-06T03:27:31,1633358692.356492,2021-10-04T17:44:52
315966464,42977,1663003,0,0,27,2,0,0,0,0,0,0,0,0,0,0,0,0,0,0,0,0,0,0,0,0,0,0,0,0,0,0,0,0,0,0,0,4278191633,127,10,0,1980-01-06T03:27:44,1633358705.6357088,2021-10-04T17:45:05
315966478,43342,1677003,0,0,16,2,0,0,0,0,0,0,0,0,0,0,0,0,0,0,0,0,0,0,0,0,0,0,0,0,0,0,0,0,0,0,0,4279240208,169,10,0,1980-01-06T03:27:58,1633358718.336525,2021-10-04T17:45:18
315966491,52819,1690013,0,0,47,2,0,0,0,0,0,0,0,0,0,0,0,0,0,0,0,0,0,0,0,0,0,0,0,0,0,0,0,0,0,0,0,4279240208,208,10,0,1980-01-06T03:28:11,1633358732.1658158,2021-10-04T17:45:32
315966505,223403,1704003,0,0,10,2,0,0,0,0,0,0,0,0,0,0,0,0,0,0,0,0,0,0,0,0,0,0,0,0,0,0,0,0,0,0,0,4279240208,250,10,0,1980-01-06T03:28:25,1633358747.626673,2021-10-04T17:45:47
315966518,223779,1717003,0,0,3,2,0,0,0,0,0,0,0,0,0,0,0,0,0,0,0,0,0,0,0,0,0,0,0,0,0,0,0,0,0,0,0,4279240208,33,10,0,1980-01-06T03:28:38,1633358760.9258568,2021-10-04T17:46:00
315966532,223765,1731003,0,0,96,2,0,0,0,0,0,0,0,0,0,0,0,0,0,0,0,0,0,0,0,0,0,0,0,0,0,0,0,0,0,0,0,4279240208,75,10,0,1980-01-06T03:28:52,1633358776.085609,2021-10-04T17:46:16
315966548,223550,1747003,0,0,11,2,0,0,0,0,0,0,0,0,0,0,0,0,0,0,0,0,0,0,0,0,0,0,0,0,0,0,0,0,0,0,0,4279240208,123,10,0,1980-01-06T03:29:08,1633358788.764765,2021-10-04T17:46:28
315966561,233306,1760013,0,0,84,2,0,0,0,0,0,0,0,0,0,0,0,0,0,0,0,0,0,0,0,0,0,0,0,0,0,0,0,0,0,0,0,4279240208,162,10,0,1980-01-06T03:29:21,1633358802.0555289,2021-10-04T17:46:42
315966575,223765,1774003,0,0,1,2,0,0,0,0,0,0,0,0,0,0,0,0,0,0,0,0,0,0,0,0,0,0,0,0,0,0,0,0,0,0,0,4278191633,204,10,0,1980-01-06T03:29:35,1633358815.3332598,2021-10-04T17:46:55
315966588,223373,1787003,0,0,31,2,0,0,0,0,0,0,0,0,0,0,0,0,0,0,0,0,0,0,0,0,0,0,0,0,0,0,0,0,0,0,0,4278191633,243,10,0,1980-01-06T03:29:48,1633358829.1924279,2021-10-04T17:47:09
315966602,223762,1801003,0,0,11,2,0,0,0,0,0,0,0,0,0,0,0,0,0,0,0,0,0,0,0,0,0,0,0,0,0,0,0,0,0,0,0,4278191633,29,10,0,1980-01-06T03:30:02,1633358844.7021768,2021-10-04T17:47:24
315966616,223762,1815003,0,0,9,2,0,0,0,0,0,0,0,0,0,0,0,0,0,0,0,0,0,0,0,0,0,0,0,0,0,0,0,0,0,0,0,4278191633,71,10,0,1980-01-06T03:30:16,1633358857.9510279,2021-10-04T17:47:37
315966629,233608,1828013,0,0,9,2,0,0,0,0,0,0,0,0,0,0,0,0,0,0,0,0,0,0,0,0,0,0,0,0,0,0,0,0,0,0,0,4278191633,110,10,0,1980-01-06T03:30:29,1633358871.507088,2021-10-04T17:47:51
315966643,223770,1842003,0,0,10,2,0,0,0,0,0,0,0,0,0,0,0,0,0,0,0,0,0,0,0,0,0,0,0,0,0,0,0,0,0,0,0,4279240208,152,10,0,1980-01-06T03:30:43,1633358884.02226,2021-10-04T17:48:04
315966656,224373,1855004,0,0,59,2,0,0,0,0,0,0,0,0,0,0,0,0,0,0,0,0,0,0,0,0,0,0,0,0,0,0,0,0,0,0,0,4279240208,191,10,0,1980-01-06T03:30:56,1633358897.358553,2021-10-04T17:48:17
315966670,223762,1869003,0,0,2,2,0,0,0,0,0,0,0,0,0,0,0,0,0,0,0,0,0,0,0,0,0,0,0,0,0,0,0,0,0,0,0,4279240208,233,10,0,1980-01-06T03:31:10,1633358911.277909,2021-10-04T17:48:31
315966684,223371,1883003,0,0,5,2,0,0,0,0,0,0,0,0,0,0,0,0,0,0,0,0,0,0,0,0,0,0,0,0,0,0,0,0,0,0,0,4279240208,19,10,0,1980-01-06T03:31:24,1633358924.5775368,2021-10-04T17:48:44
315966697,223350,1896003,0,0,1,2,0,0,0,0,0,0,0,0,0,0,0,0,0,0,0,0,0,0,0,0,0,0,0,0,0,0,0,0,0,0,0,4279240208,58,10,0,1980-01-06T03:31:37,1633358937.2968838,2021-10-04T17:48:57
315966711,261520,1910003,0,0,57,2,0,0,0,0,0,0,0,0,0,0,0,0,0,0,0,0,0,0,0,0,0,0,0,0,0,0,0,0,0,0,0,4278191633,100,10,0,1980-01-06T03:31:51,1633358952.806689,2021-10-04T17:49:12
315966724,261896,1923003,0,0,85,2,0,0,0,0,0,0,0,0,0,0,0,0,0,0,0,0,0,0,0,0,0,0,0,0,0,0,0,0,0,0,0,4278191633,139,10,0,1980-01-06T03:32:04,1633358966.1451678,2021-10-04T17:49:26
315966740,261902,1939003,0,0,2,2,0,0,0,0,0,0,0,0,0,0,0,0,0,0,0,0,0,0,0,0,0,0,0,0,0,0,0,0,0,0,0,4278257168,187,10,0,1980-01-06T03:32:20,1633358981.364449,2021-10-04T17:49:41
315966753,261905,1952003,0,0,4,2,0,0,0,0,0,0,0,0,0,0,0,0,0,0,0,0,0,0,0,0,0,0,0,0,0,0,0,0,0,0,0,4278257168,226,10,0,1980-01-06T03:32:33,1633358994.703893,2021-10-04T17:49:54
315966767,261900,1966003,0,0,4,2,0,0,0,0,0,0,0,0,0,0,0,0,0,0,0,0,0,0,0,0,0,0,0,0,0,0,0,0,0,0,0,4278257168,12,10,0,1980-01-06T03:32:47,1633359008.013445,2021-10-04T17:50:08
315966781,261494,1980003,0,0,66,2,0,0,0,0,0,0,0,0,0,0,0,0,0,0,0,0,0,0,0,0,0,0,0,0,0,0,0,0,0,0,0,4278257168,54,10,0,1980-01-06T03:33:01,1633359021.39274,2021-10-04T17:50:21
315966795,261901,1994003,0,0,2,2,0,0,0,0,0,0,0,0,0,0,0,0,0,0,0,0,0,0,0,0,0,0,0,0,0,0,0,0,0,0,0,4278257168,96,10,0,1980-01-06T03:33:15,1633359034.7424638,2021-10-04T17:50:34
315966807,353365,2006003,0,0,59,2,0,0,0,0,0,0,0,0,0,0,0,0,0,0,0,0,0,0,0,0,0,0,0,0,0,0,0,0,0,0,0,4279240208,132,10,0,1980-01-06T03:33:27,1633359050.172317,2021-10-04T17:50:50
315966821,353360,2020003,0,0,24,2,0,0,0,0,0,0,0,0,0,0,0,0,0,0,0,0,0,0,0,0,0,0,0,0,0,0,0,0,0,0,0,4279305728,174,10,0,1980-01-06T03:33:41,1633359063.4232888,2021-10-04T17:51:03
315966835,353923,2034003,0,0,92,2,0,0,0,0,0,0,0,0,0,0,0,0,0,0,0,0,0,0,0,0,0,0,0,0,0,0,0,0,0,0,0,4279240193,216,10,0,1980-01-06T03:33:55,1633359076.7509959,2021-10-04T17:51:16
315966848,353738,2047003,0,0,54,2,0,0,0,0,0,0,0,0,0,0,0,0,0,0,0,0,0,0,0,0,0,0,0,0,0,0,0,0,0,0,0,4279240193,255,10,0,1980-01-06T03:34:08,1633359090.049849,2021-10-04T17:51:30
315966862,353729,2061003,0,0,4,2,0,0,0,0,0,0,0,0,0,0,0,0,0,0,0,0,0,0,0,0,0,0,0,0,0,0,0,0,0,0,0,4279240208,41,10,0,1980-01-06T03:34:22,1633359103.3694968,2021-10-04T17:51:43
315966878,353729,2077003,0,0,17,2,0,0,0,0,0,0,0,0,0,0,0,0,0,0,0,0,0,0,0,0,0,0,0,0,0,0,0,0,0,0,0,4278191633,89,10,0,1980-01-06T03:34:38,1633359118.4991438,2021-10-04T17:51:58
315966891,363224,2090013,0,0,54,2,0,0,0,0,0,0,0,0,0,0,0,0,0,0,0,0,0,0,0,0,0,0,0,0,0,0,0,0,0,0,0,4278191633,128,10,0,1980-01-06T03:34:51,1633359131.7712078,2021-10-04T17:52:11
315966904,390652,2103013,0,0,29,2,0,0,0,0,0,0,0,0,0,0,0,0,0,0,0,0,0,0,0,0,0,0,0,0,0,0,0,0,0,0,0,4278257168,167,10,0,1980-01-06T03:35:04,1633359149.1498249,2021-10-04T17:52:29
315966920,390657,2119013,0,0,74,2,0,0,0,0,0,0,0,0,0,0,0,0,0,0,0,0,0,0,0,0,0,0,0,0,0,0,0,0,0,0,0,4279240208,215,10,0,1980-01-06T03:35:20,1633359162.387637,2021-10-04T17:52:42
315966934,380672,2133003,0,0,47,2,0,0,0,0,0,0,0,0,0,0,0,0,0,0,0,0,0,0,0,0,0,0,0,0,0,0,0,0,0,0,0,4279240208,1,10,0,1980-01-06T03:35:34,1633359175.736989,2021-10-04T17:52:55
315966948,390511,2147013,0,0,3,2,0,0,0,0,0,0,0,0,0,0,0,0,0,0,0,0,0,0,0,0,0,0,0,0,0,0,0,0,0,0,0,4279240208,43,10,0,1980-01-06T03:35:48,1633359189.046468,2021-10-04T17:53:09
315966962,381048,2161003,0,0,94,2,0,0,0,0,0,0,0,0,0,0,0,0,0,0,0,0,0,0,0,0,0,0,0,0,0,0,0,0,0,0,0,4278191633,85,10,0,1980-01-06T03:36:02,1633359202.256608,2021-10-04T17:53:22
315966975,380671,2174003,0,0,53,2,0,0,0,0,0,0,0,0,0,0,0,0,0,0,0,0,0,0,0,0,0,0,0,0,0,0,0,0,0,0,0,4278191633,124,10,0,1980-01-06T03:36:15,1633359215.5659199,2021-10-04T17:53:35
315966988,390579,2187013,0,0,7,2,0,0,0,0,0,0,0,0,0,0,0,0,0,0,0,0,0,0,0,0,0,0,0,0,0,0,0,0,0,0,0,4278191633,163,10,0,1980-01-06T03:36:28,1633359228.765436,2021-10-04T17:53:48
315967001,568353,2200003,0,0,73,2,0,0,0,0,0,0,0,0,0,0,0,0,0,0,0,0,0,0,0,0,0,0,0,0,0,0,0,0,0,0,0,4278191633,202,10,0,1980-01-06T03:36:41,1633359244.2352839,2021-10-04T17:54:04
315967015,568245,2214003,0,0,72,2,0,0,0,0,0,0,0,0,0,0,0,0,0,0,0,0,0,0,0,0,0,0,0,0,0,0,0,0,0,0,0,4278257168,244,10,0,1980-01-06T03:36:55,1633359257.4942129,2021-10-04T17:54:17
315967030,568664,2229003,0,0,39,2,0,0,0,0,0,0,0,0,0,0,0,0,0,0,0,0,0,0,0,0,0,0,0,0,0,0,0,0,0,0,0,4278257168,33,10,0,1980-01-06T03:37:10,1633359270.864488,2021-10-04T17:54:30
315967042,578179,2241013,0,0,17,2,0,0,0,0,0,0,0,0,0,0,0,0,0,0,0,0,0,0,0,0,0,0,0,0,0,0,0,0,0,0,0,4278257168,69,10,0,1980-01-06T03:37:22,1633359284.16348,2021-10-04T17:54:44
315967069,568648,2268003,0,0,4,2,0,0,0,0,0,0,0,0,0,0,0,0,0,0,0,0,0,0,0,0,0,0,0,0,0,0,0,0,0,0,0,4279240208,150,10,0,1980-01-06T03:37:49,1633359310.652984,2021-10-04T17:55:10
315967083,568246,2282003,0,0,77,2,0,0,0,0,0,0,0,0,0,0,0,0,0,0,0,0,0,0,0,0,0,0,0,0,0,0,0,0,0,0,0,4279240208,192,10,0,1980-01-06T03:38:03,1633359323.903108,2021-10-04T17:55:23
315967097,568266,2296003,0,0,99,2,0,0,0,0,0,0,0,0,0,0,0,0,0,0,0,0,0,0,0,0,0,0,0,0,0,0,0,0,0,0,0,4279240193,234,10,0,1980-01-06T03:38:17,1633359339.432852,2021-10-04T17:55:39
315967110,693289,2309013,0,0,6,2,0,0,0,0,0,0,0,0,0,0,0,0,0,0,0,0,0,0,0,0,0,0,0,0,0,0,0,0,0,0,0,4279240193,17,10,0,1980-01-06T03:38:30,1633359352.661689,2021-10-04T17:55:52
315967124,683816,2323003,0,0,2,2,0,0,0,0,0,0,0,0,0,0,0,0,0,0,0,0,0,0,0,0,0,0,0,0,0,0,0,0,0,0,0,4278257168,59,10,0,1980-01-06T03:38:44,1633359365.94114,2021-10-04T17:56:05
315967137,683439,2336003,0,0,77,2,0,0,0,0,0,0,0,0,0,0,0,0,0,0,0,0,0,0,0,0,0,0,0,0,0,0,0,0,0,0,0,4278191633,98,10,0,1980-01-06T03:38:57,1633359379.1812239,2021-10-04T17:56:19
315967151,683819,2350003,0,0,5,2,0,0,0,0,0,0,0,0,0,0,0,0,0,0,0,0,0,0,0,0,0,0,0,0,0,0,0,0,0,0,0,4278191633,140,10,0,1980-01-06T03:39:11,1633359392.500845,2021-10-04T17:56:32
315967165,683811,2364003,0,0,33,2,0,0,0,0,0,0,0,0,0,0,0,0,0,0,0,0,0,0,0,0,0,0,0,0,0,0,0,0,0,0,0,4278257168,182,10,0,1980-01-06T03:39:25,1633359405.710952,2021-10-04T17:56:45
315967178,693470,2377013,0,0,78,2,0,0,0,0,0,0,0,0,0,0,0,0,0,0,0,0,0,0,0,0,0,0,0,0,0,0,0,0,0,0,0,4278257168,221,10,0,1980-01-06T03:39:38,1633359418.389765,2021-10-04T17:56:58
315967192,683442,2391003,0,0,1,2,0,0,0,0,0,0,0,0,0,0,0,0,0,0,0,0,0,0,0,0,0,0,0,0,0,0,0,0,0,0,0,4279240208,7,10,0,1980-01-06T03:39:52,1633359431.7494729,2021-10-04T17:57:11
315967205,809867,2404003,0,0,22,2,0,0,0,0,0,0,0,0,0,0,0,0,0,0,0,0,0,0,0,0,0,0,0,0,0,0,0,0,0,0,0,4279305728,46,10,0,1980-01-06T03:40:05,1633359447.3000169,2021-10-04T17:57:27
315967219,819726,2418013,0,0,1,2,0,0,0,0,0,0,0,0,0,0,0,0,0,0,0,0,0,0,0,0,0,0,0,0,0,0,0,0,0,0,0,4279240208,88,10,0,1980-01-06T03:40:19,1633359461.1487439,2021-10-04T17:57:41
315967233,819806,2432013,0,0,1,2,0,0,0,0,0,0,0,0,0,0,0,0,0,0,0,0,0,0,0,0,0,0,0,0,0,0,0,0,0,0,0,4279305728,130,10,0,1980-01-06T03:40:33,1633359474.5384688,2021-10-04T17:57:54
315967246,819885,2445013,0,0,7,2,0,0,0,0,0,0,0,0,0,0,0,0,0,0,0,0,0,0,0,0,0,0,0,0,0,0,0,0,0,0,0,4279305728,169,10,0,1980-01-06T03:40:46,1633359487.788132,2021-10-04T17:58:07
315967260,819739,2459013,0,0,35,2,0,0,0,0,0,0,0,0,0,0,0,0,0,0,0,0,0,0,0,0,0,0,0,0,0,0,0,0,0,0,0,4278257153,211,10,0,1980-01-06T03:41:00,1633359501.037796,2021-10-04T17:58:21
315967273,816839,2472010,0,0,11,2,0,0,0,0,0,0,0,0,0,0,0,0,0,0,0,0,0,0,0,0,0,0,0,0,0,0,0,0,0,0,0,4278257153,250,10,0,1980-01-06T03:41:13,1633359513.717792,2021-10-04T17:58:33
315967301,810264,2500003,0,0,98,2,0,0,0,0,0,0,0,0,0,0,0,0,0,0,0,0,0,0,0,0,0,0,0,0,0,0,0,0,0,0,0,4278257168,78,10,0,1980-01-06T03:41:41,1633359543.017045,2021-10-04T17:59:03
315967313,810282,2512003,0,0,55,2,0,0,0,0,0,0,0,0,0,0,0,0,0,0,0,0,0,0,0,0,0,0,0,0,0,0,0,0,0,0,0,4279305728,114,10,0,1980-01-06T03:41:53,1633359555.736665,2021-10-04T17:59:15
315967327,810270,2526003,0,0,36,2,0,0,0,0,0,0,0,0,0,0,0,0,0,0,0,0,0,0,0,0,0,0,0,0,0,0,0,0,0,0,0,4278257168,156,10,0,1980-01-06T03:42:07,1633359569.116417,2021-10-04T17:59:29
315967341,810264,2540003,0,0,33,2,0,0,0,0,0,0,0,0,0,0,0,0,0,0,0,0,0,0,0,0,0,0,0,0,0,0,0,0,0,0,0,4279240208,198,10,0,1980-01-06T03:42:21,1633359582.3564959,2021-10-04T17:59:42
315967354,810393,2553003,0,0,12,2,0,0,0,0,0,0,0,0,0,0,0,0,0,0,0,0,0,0,0,0,0,0,0,0,0,0,0,0,0,0,0,4279240208,237,10,0,1980-01-06T03:42:34,1633359595.636209,2021-10-04T17:59:55
315967368,810291,2567003,0,0,26,2,0,0,0,0,0,0,0,0,0,0,0,0,0,0,0,0,0,0,0,0,0,0,0,0,0,0,0,0,0,0,0,4279240208,23,10,0,1980-01-06T03:42:48,1633359608.926421,2021-10-04T18:00:08
315967381,810184,2580003,0,0,11,2,0,0,0,0,0,0,0,0,0,0,0,0,0,0,0,0,0,0,0,0,0,0,0,0,0,0,0,0,0,0,0,4279240208,62,10,0,1980-01-06T03:43:01,1633359622.12584,2021-10-04T18:00:22
315967395,809886,2594003,0,0,9,2,0,0,0,0,0,0,0,0,0,0,0,0,0,0,0,0,0,0,0,0,0,0,0,0,0,0,0,0,0,0,0,4279240208,104,10,0,1980-01-06T03:43:15,1633359637.577569,2021-10-04T18:00:37
315967410,48766,2608003,0,0,79,2,0,0,0,0,0,0,0,0,0,0,0,0,0,0,0,0,0,0,0,0,0,0,0,0,0,0,0,0,0,0,0,4279240208,146,10,0,1980-01-06T03:43:30,1633359650.89528,2021-10-04T18:00:50
315967423,49156,2621003,0,0,9,2,0,0,0,0,0,0,0,0,0,0,0,0,0,0,0,0,0,0,0,0,0,0,0,0,0,0,0,0,0,0,0,4278191633,185,10,0,1980-01-06T03:43:43,1633359664.0945609,2021-10-04T18:01:04
315967437,49138,2635003,0,0,9,2,0,0,0,0,0,0,0,0,0,0,0,0,0,0,0,0,0,0,0,0,0,0,0,0,0,0,0,0,0,0,0,4278257153,227,10,0,1980-01-06T03:43:57,1633359677.357161,2021-10-04T18:01:17
315967450,48738,2648003,0,0,49,2,0,0,0,0,0,0,0,0,0,0,0,0,0,0,0,0,0,0,0,0,0,0,0,0,0,0,0,0,0,0,0,4278257153,10,10,0,1980-01-06T03:44:10,1633359690.644585,2021-10-04T18:01:30
315967464,49036,2662003,0,0,49,2,0,0,0,0,0,0,0,0,0,0,0,0,0,0,0,0,0,0,0,0,0,0,0,0,0,0,0,0,0,0,0,4278257153,52,10,0,1980-01-06T03:44:24,1633359703.3456888,2021-10-04T18:01:43
315967477,48734,2675003,0,0,69,2,0,0,0,0,0,0,0,0,0,0,0,0,0,0,0,0,0,0,0,0,0,0,0,0,0,0,0,0,0,0,0,4279240208,91,10,0,1980-01-06T03:44:37,1633359717.1637368,2021-10-04T18:01:57
315967491,48752,2689003,0,0,85,2,0,0,0,0,0,0,0,0,0,0,0,0,0,0,0,0,0,0,0,0,0,0,0,0,0,0,0,0,0,0,0,4278257168,133,10,0,1980-01-06T03:44:51,1633359732.584204,2021-10-04T18:02:12
315967504,175377,2702013,0,0,80,2,0,0,0,0,0,0,0,0,0,0,0,0,0,0,0,0,0,0,0,0,0,0,0,0,0,0,0,0,0,0,0,4278257168,172,10,0,1980-01-06T03:45:04,1633359745.8035119,2021-10-04T18:02:25
315967518,165776,2716003,0,0,27,2,0,0,0,0,0,0,0,0,0,0,0,0,0,0,0,0,0,0,0,0,0,0,0,0,0,0,0,0,0,0,0,4278257168,214,10,0,1980-01-06T03:45:18,1633359759.1229649,2021-10-04T18:02:39
315967532,165802,2730003,0,0,42,2,0,0,0,0,0,0,0,0,0,0,0,0,0,0,0,0,0,0,0,0,0,0,0,0,0,0,0,0,0,0,0,4279305728,0,10,0,1980-01-06T03:45:32,1633359772.4930038,2021-10-04T18:02:52
315967545,165392,2743003,0,0,64,2,0,0,0,0,0,0,0,0,0,0,0,0,0,0,0,0,0,0,0,0,0,0,0,0,0,0,0,0,0,0,0,4279305728,39,10,0,1980-01-06T03:45:45,1633359785.1927888,2021-10-04T18:03:05
315967559,175378,2757013,0,0,1,2,0,0,0,0,0,0,0,0,0,0,0,0,0,0,0,0,0,0,0,0,0,0,0,0,0,0,0,0,0,0,0,4279305728,81,10,0,1980-01-06T03:45:59,1633359798.4423609,2021-10-04T18:03:18
315967572,175392,2770013,0,0,70,2,0,0,0,0,0,0,0,0,0,0,0,0,0,0,0,0,0,0,0,0,0,0,0,0,0,0,0,0,0,0,0,4279305728,120,10,0,1980-01-06T03:46:12,1633359812.302057,2021-10-04T18:03:32
315967586,165405,2784003,0,0,20,2,0,0,0,0,0,0,0,0,0,0,0,0,0,0,0,0,0,0,0,0,0,0,0,0,0,0,0,0,0,0,0,4279305728,162,10,0,1980-01-06T03:46:26,1633359827.7722569,2021-10-04T18:03:47
315967600,251652,2798003,0,0,0,2,0,0,0,0,0,0,0,0,0,0,0,0,0,0,0,0,0,0,0,0,0,0,0,0,0,0,0,0,0,0,0,4279305728,204,10,0,1980-01-06T03:46:40,1633359840.9917638,2021-10-04T18:04:00
315967613,261115,2811013,0,0,59,2,0,0,0,0,0,0,0,0,0,0,0,0,0,0,0,0,0,0,0,0,0,0,0,0,0,0,0,0,0,0,0,4279305728,243,10,0,1980-01-06T03:46:53,1633359853.641165,2021-10-04T18:04:13
315967627,251667,2825003,0,0,86,2,0,0,0,0,0,0,0,0,0,0,0,0,0,0,0,0,0,0,0,0,0,0,0,0,0,0,0,0,0,0,0,4278257153,29,10,0,1980-01-06T03:47:07,1633359866.840996,2021-10-04T18:04:26
315967639,251278,2837003,0,0,52,2,0,0,0,0,0,0,0,0,0,0,0,0,0,0,0,0,0,0,0,0,0,0,0,0,0,0,0,0,0,0,0,4278191633,65,10,0,1980-01-06T03:47:19,1633359880.04108,2021-10-04T18:04:40
315967654,251648,2852003,0,0,54,2,0,0,0,0,0,0,0,0,0,0,0,0,0,0,0,0,0,0,0,0,0,0,0,0,0,0,0,0,0,0,0,4278191633,110,10,0,1980-01-06T03:47:34,1633359893.8805199,2021-10-04T18:04:53
315967667,261287,2865013,0,0,28,2,0,0,0,0,0,0,0,0,0,0,0,0,0,0,0,0,0,0,0,0,0,0,0,0,0,0,0,0,0,0,0,4278191633,149,10,0,1980-01-06T03:47:47,1633359907.180436,2021-10-04T18:05:07
315967681,251255,2879003,0,0,1,2,0,0,0,0,0,0,0,0,0,0,0,0,0,0,0,0,0,0,0,0,0,0,0,0,0,0,0,0,0,0,0,4278191633,191,10,0,1980-01-06T03:48:01,1633359919.8120089,2021-10-04T18:05:19
315967693,251667,2891003,0,0,55,2,0,0,0,0,0,0,0,0,0,0,0,0,0,0,0,0,0,0,0,0,0,0,0,0,0,0,0,0,0,0,0,4278191633,227,10,0,1980-01-06T03:48:13,1633359935.211161,2021-10-04T18:05:35
315967707,260124,2905013,0,0,5,2,0,0,0,0,0,0,0,0,0,0,0,0,0,0,0,0,0,0,0,0,0,0,0,0,0,0,0,0,0,0,0,4279240208,13,10,0,1980-01-06T03:48:27,1633359948.450212,2021-10-04T18:05:48
315967721,250646,2919003,0,0,82,2,0,0,0,0,0,0,0,0,0,0,0,0,0,0,0,0,0,0,0,0,0,0,0,0,0,0,0,0,0,0,0,4279240208,55,10,0,1980-01-06T03:48:41,1633359961.730324,2021-10-04T18:06:01
315967734,260081,2932013,0,0,33,2,0,0,0,0,0,0,0,0,0,0,0,0,0,0,0,0,0,0,0,0,0,0,0,0,0,0,0,0,0,0,0,4279240208,94,10,0,1980-01-06T03:48:54,1633359975.0794199,2021-10-04T18:06:15
315967749,260083,2947013,0,0,0,2,0,0,0,0,0,0,0,0,0,0,0,0,0,0,0,0,0,0,0,0,0,0,0,0,0,0,0,0,0,0,0,4279240208,139,10,0,1980-01-06T03:49:09,1633359988.389396,2021-10-04T18:06:28
315967762,250211,2960003,0,0,0,2,0,0,0,0,0,0,0,0,0,0,0,0,0,0,0,0,0,0,0,0,0,0,0,0,0,0,0,0,0,0,0,4279240208,178,10,0,1980-01-06T03:49:22,1633360001.7092519,2021-10-04T18:06:41
315967775,260500,2973013,0,0,15,2,0,0,0,0,0,0,0,0,0,0,0,0,0,0,0,0,0,0,0,0,0,0,0,0,0,0,0,0,0,0,0,4279240208,217,10,0,1980-01-06T03:49:35,1633360014.988692,2021-10-04T18:06:54
315967789,250234,2987003,0,0,49,2,0,0,0,0,0,0,0,0,0,0,0,0,0,0,0,0,0,0,0,0,0,0,0,0,0,0,0,0,0,0,0,4279240193,3,10,0,1980-01-06T03:49:49,1633360030.489461,2021-10-04T18:07:10
315967802,439309,3000013,0,0,24,2,0,0,0,0,0,0,0,0,0,0,0,0,0,0,0,0,0,0,0,0,0,0,0,0,0,0,0,0,0,0,0,4279240193,42,10,0,1980-01-06T03:50:02,1633360043.168869,2021-10-04T18:07:23
315967816,429845,3014003,0,0,23,2,0,0,0,0,0,0,0,0,0,0,0,0,0,0,0,0,0,0,0,0,0,0,0,0,0,0,0,0,0,0,0,4279240193,84,10,0,1980-01-06T03:50:16,1633360056.3880398,2021-10-04T18:07:36
315967829,439563,3027013,0,0,11,2,0,0,0,0,0,0,0,0,0,0,0,0,0,0,0,0,0,0,0,0,0,0,0,0,0,0,0,0,0,0,0,4279240193,123,10,0,1980-01-06T03:50:29,1633360070.2179449,2021-10-04T18:07:50
315967843,439376,3041013,0,0,10,2,0,0,0,0,0,0,0,0,0,0,0,0,0,0,0,0,0,0,0,0,0,0,0,0,0,0,0,0,0,0,0,4279305728,165,10,0,1980-01-06T03:50:43,1633360083.507652,2021-10-04T18:08:03
315967857,429852,3055003,0,0,33,2,0,0,0,0,0,0,0,0,0,0,0,0,0,0,0,0,0,0,0,0,0,0,0,0,0,0,0,0,0,0,0,4278257168,207,10,0,1980-01-06T03:50:57,1633360096.748056,2021-10-04T18:08:16
315967870,429644,3068003,0,0,13,2,0,0,0,0,0,0,0,0,0,0,0,0,0,0,0,0,0,0,0,0,0,0,0,0,0,0,0,0,0,0,0,4278257168,246,10,0,1980-01-06T03:51:10,1633360110.068564,2021-10-04T18:08:30
315967884,429841,3082003,0,0,1,2,0,0,0,0,0,0,0,0,0,0,0,0,0,0,0,0,0,0,0,0,0,0,0,0,0,0,0,0,0,0,0,4278257168,32,10,0,1980-01-06T03:51:24,1633360122.678076,2021-10-04T18:08:42
315967896,429968,3094003,0,0,9,2,0,0,0,0,0,0,0,0,0,0,0,0,0,0,0,0,0,0,0,0,0,0,0,0,0,0,0,0,0,0,0,4278257168,68,10,0,1980-01-06T03:51:36,1633360138.157917,2021-10-04T18:08:58
315967910,450872,3108003,0,0,50,2,0,0,0,0,0,0,0,0,0,0,0,0,0,0,0,0,0,0,0,0,0,0,0,0,0,0,0,0,0,0,0,4278257168,110,10,0,1980-01-06T03:51:50,1633360151.347585,2021-10-04T18:09:11
315967924,451574,3122004,0,0,33,2,0,0,0,0,0,0,0,0,0,0,0,0,0,0,0,0,0,0,0,0,0,0,0,0,0,0,0,0,0,0,0,4278257168,152,10,0,1980-01-06T03:52:04,1633360165.2970998,2021-10-04T18:09:25
315967938,450969,3136003,0,0,0,2,0,0,0,0,0,0,0,0,0,0,0,0,0,0,0,0,0,0,0,0,0,0,0,0,0,0,0,0,0,0,0,4279305728,194,10,0,1980-01-06T03:52:18,1633360178.4976158,2021-10-04T18:09:38
315967952,451274,3150003,0,0,54,2,0,0,0,0,0,0,0,0,0,0,0,0,0,0,0,0,0,0,0,0,0,0,0,0,0,0,0,0,0,0,0,4279305728,236,10,0,1980-01-06T03:52:32,1633360191.126173,2021-10-04T18:09:51
315967964,451278,3162003,0,0,47,2,0,0,0,0,0,0,0,0,0,0,0,0,0,0,0,0,0,0,0,0,0,0,0,0,0,0,0,0,0,0,0,4279305728,16,10,0,1980-01-06T03:52:44,1633360204.3361409,2021-10-04T18:10:04
315967978,451273,3176003,0,0,5,2,0,0,0,0,0,0,0,0,0,0,0,0,0,0,0,0,0,0,0,0,0,0,0,0,0,0,0,0,0,0,0,4279305728,58,10,0,1980-01-06T03:52:58,1633360217.586148,2021-10-04T18:10:17
315967991,451273,3189003,0,0,87,2,0,0,0,0,0,0,0,0,0,0,0,0,0,0,0,0,0,0,0,0,0,0,0,0,0,0,0,0,0,0,0,4279305728,97,10,0,1980-01-06T03:53:11,1633360233.0363688,2021-10-04T18:10:33
315968006,541307,3204003,0,0,39,2,0,0,0,0,0,0,0,0,0,0,0,0,0,0,0,0,0,0,0,0,0,0,0,0,0,0,0,0,0,0,0,4279305728,142,10,0,1980-01-06T03:53:26,1633360246.776352,2021-10-04T18:10:46
315968019,541714,3217003,0,0,4,2,0,0,0,0,0,0,0,0,0,0,0,0,0,0,0,0,0,0,0,0,0,0,0,0,0,0,0,0,0,0,0,4278257153,181,10,0,1980-01-06T03:53:39,1633360259.475288,2021-10-04T18:10:59
315968033,541423,3231003,0,0,85,2,0,0,0,0,0,0,0,0,0,0,0,0,0,0,0,0,0,0,0,0,0,0,0,0,0,0,0,0,0,0,0,4278191633,223,10,0,1980-01-06T03:53:53,1633360272.705308,2021-10-04T18:11:12
315968046,541312,3244003,0,0,67,2,0,0,0,0,0,0,0,0,0,0,0,0,0,0,0,0,0,0,0,0,0,0,0,0,0,0,0,0,0,0,0,4278191633,6,10,0,1980-01-06T03:54:06,1633360286.064929,2021-10-04T18:11:26
315968059,541324,3257003,0,0,48,2,0,0,0,0,0,0,0,0,0,0,0,0,0,0,0,0,0,0,0,0,0,0,0,0,0,0,0,0,0,0,0,4278191633,45,10,0,1980-01-06T03:54:19,1633360299.325664,2021-10-04T18:11:39
315968073,541314,3271003,0,0,88,2,0,0,0,0,0,0,0,0,0,0,0,0,0,0,0,0,0,0,0,0,0,0,0,0,0,0,0,0,0,0,0,4278191633,87,10,0,1980-01-06T03:54:33,1633360312.624629,2021-10-04T18:11:52
315968086,541314,3284003,0,0,98,2,0,0,0,0,0,0,0,0,0,0,0,0,0,0,0,0,0,0,0,0,0,0,0,0,0,0,0,0,0,0,0,4278257168,126,10,0,1980-01-06T03:54:46,1633360328.0074,2021-10-04T18:12:08
315968101,541707,3299003,0,0,7,2,0,0,0,0,0,0,0,0,0,0,0,0,0,0,0,0,0,0,0,0,0,0,0,0,0,0,0,0,0,0,0,4279240208,171,10,0,1980-01-06T03:55:01,1633360341.404245,2021-10-04T18:12:21
315968114,680458,3312013,0,0,53,2,0,0,0,0,0,0,0,0,0,0,0,0,0,0,0,0,0,0,0,0,0,0,0,0,0,0,0,0,0,0,0,4279240208,210,10,0,1980-01-06T03:55:14,1633360354.6246889,2021-10-04T18:12:34
315968127,670863,3325003,0,0,33,2,0,0,0,0,0,0,0,0,0,0,0,0,0,0,0,0,0,0,0,0,0,0,0,0,0,0,0,0,0,0,0,4279240208,249,10,0,1980-01-06T03:55:27,1633360367.96506,2021-10-04T18:12:47
315968141,680468,3339013,0,0,6,2,0,0,0,0,0,0,0,0,0,0,0,0,0,0,0,0,0,0,0,0,0,0,0,0,0,0,0,0,0,0,0,4279240208,35,10,0,1980-01-06T03:55:41,1633360381.16516,2021-10-04T18:13:01
315968154,670854,3352003,0,0,66,2,0,0,0,0,0,0,0,0,0,0,0,0,0,0,0,0,0,0,0,0,0,0,0,0,0,0,0,0,0,0,0,4279240208,74,10,0,1980-01-06T03:55:54,1633360393.863536,2021-10-04T18:13:13
315968170,670862,3368003,0,0,5,2,0,0,0,0,0,0,0,0,0,0,0,0,0,0,0,0,0,0,0,0,0,0,0,0,0,0,0,0,0,0,0,4279305728,122,10,0,1980-01-06T03:56:10,1633360409.6233928,2021-10-04T18:13:29
315968183,670861,3381003,0,0,97,2,0,0,0,0,0,0,0,0,0,0,0,0,0,0,0,0,0,0,0,0,0,0,0,0,0,0,0,0,0,0,0,4279305728,161,10,0,1980-01-06T03:56:23,1633360422.293505,2021-10-04T18:13:42
315968197,680398,3395013,0,0,36,2,0,0,0,0,0,0,0,0,0,0,0,0,0,0,0,0,0,0,0,0,0,0,0,0,0,0,0,0,0,0,0,4279305728,203,10,0,1980-01-06T03:56:37,1633360438.223309,2021-10-04T18:13:58
315968210,670707,3408003,0,0,3,2,0,0,0,0,0,0,0,0,0,0,0,0,0,0,0,0,0,0,0,0,0,0,0,0,0,0,0,0,0,0,0,4278257153,242,10,0,1980-01-06T03:56:50,1633360451.463573,2021-10-04T18:14:11
315968224,680343,3422013,0,0,83,2,0,0,0,0,0,0,0,0,0,0,0,0,0,0,0,0,0,0,0,0,0,0,0,0,0,0,0,0,0,0,0,4278257153,28,10,0,1980-01-06T03:57:04,1633360464.673065,2021-10-04T18:14:24
315968237,670862,3435003,0,0,93,2,0,0,0,0,0,0,0,0,0,0,0,0,0,0,0,0,0,0,0,0,0,0,0,0,0,0,0,0,0,0,0,4278257153,67,10,0,1980-01-06T03:57:17,1633360477.9528599,2021-10-04T18:14:37
315968251,681507,3449014,0,0,7,2,0,0,0,0,0,0,0,0,0,0,0,0,0,0,0,0,0,0,0,0,0,0,0,0,0,0,0,0,0,0,0,4278257168,109,10,0,1980-01-06T03:57:31,1633360490.584348,2021-10-04T18:14:50
315968265,670862,3463003,0,0,58,2,0,0,0,0,0,0,0,0,0,0,0,0,0,0,0,0,0,0,0,0,0,0,0,0,0,0,0,0,0,0,0,4278257168,151,10,0,1980-01-06T03:57:45,1633360503.7725198,2021-10-04T18:15:03
315968278,670858,3476003,0,0,89,2,0,0,0,0,0,0,0,0,0,0,0,0,0,0,0,0,0,0,0,0,0,0,0,0,0,0,0,0,0,0,0,4278257168,190,10,0,1980-01-06T03:57:58,1633360519.732537,2021-10-04T18:15:19
315968292,670858,3490003,0,0,8,2,0,0,0,0,0,0,0,0,0,0,0,0,0,0,0,0,0,0,0,0,0,0,0,0,0,0,0,0,0,0,0,4278257168,232,10,0,1980-01-06T03:58:12,1633360533.031913,2021-10-04T18:15:33
315968305,888615,3503003,0,0,33,2,0,0,0,0,0,0,0,0,0,0,0,0,0,0,0,0,0,0,0,0,0,0,0,0,0,0,0,0,0,0,0,4278257168,15,10,0,1980-01-06T03:58:25,1633360546.253365,2021-10-04T18:15:46
315968319,888238,3517003,0,0,21,2,0,0,0,0,0,0,0,0,0,0,0,0,0,0,0,0,0,0,0,0,0,0,0,0,0,0,0,0,0,0,0,4278257168,57,10,0,1980-01-06T03:58:39,1633360558.931669,2021-10-04T18:15:58
315968332,888603,3530003,0,0,38,2,0,0,0,0,0,0,0,0,0,0,0,0,0,0,0,0,0,0,0,0,0,0,0,0,0,0,0,0,0,0,0,4279305728,96,10,0,1980-01-06T03:58:52,1633360572.1215248,2021-10-04T18:16:12
315968345,888616,3543003,0,0,55,2,0,0,0,0,0,0,0,0,0,0,0,0,0,0,0,0,0,0,0,0,0,0,0,0,0,0,0,0,0,0,0,4279240193,135,10,0,1980-01-06T03:59:05,1633360585.40378,2021-10-04T18:16:25
315968358,898091,3556013,0,0,32,2,0,0,0,0,0,0,0,0,0,0,0,0,0,0,0,0,0,0,0,0,0,0,0,0,0,0,0,0,0,0,0,4279240193,174,10,0,1980-01-06T03:59:18,1633360598.5711079,2021-10-04T18:16:38
315968373,898124,3571013,0,0,58,2,0,0,0,0,0,0,0,0,0,0,0,0,0,0,0,0,0,0,0,0,0,0,0,0,0,0,0,0,0,0,0,4279240193,219,10,0,1980-01-06T03:59:33,1633360611.8708239,2021-10-04T18:16:51
315968387,888409,3585003,0,0,13,2,0,0,0,0,0,0,0,0,0,0,0,0,0,0,0,0,0,0,0,0,0,0,0,0,0,0,0,0,0,0,0,4279240193,5,10,0,1980-01-06T03:59:47,1633360627.2913249,2021-10-04T18:17:07
315968400,64756,3597003,0,0,45,2,0,0,0,0,0,0,0,0,0,0,0,0,0,0,0,0,0,0,0,0,0,0,0,0,0,0,0,0,0,0,0,4279240208,41,10,0,1980-01-06T04:00:00,1633360640.550925,2021-10-04T18:17:20
315968414,64757,3611003,0,0,53,2,0,0,0,0,0,0,0,0,0,0,0,0,0,0,0,0,0,0,0,0,0,0,0,0,0,0,0,0,0,0,0,4279240208,83,10,0,1980-01-06T04:00:14,1633360653.8804889,2021-10-04T18:17:33
315968427,64757,3624003,0,0,59,2,0,0,0,0,0,0,0,0,0,0,0,0,0,0,0,0,0,0,0,0,0,0,0,0,0,0,0,0,0,0,0,4278257168,122,10,0,1980-01-06T04:00:27,1633360667.040544,2021-10-04T18:17:47
315968441,69417,3638008,0,0,28,2,0,0,0,0,0,0,0,0,0,0,0,0,0,0,0,0,0,0,0,0,0,0,0,0,0,0,0,0,0,0,0,4278257168,164,10,0,1980-01-06T04:00:41,1633360680.2501,2021-10-04T18:18:00
315968455,64363,3652003,0,0,6,2,0,0,0,0,0,0,0,0,0,0,0,0,0,0,0,0,0,0,0,0,0,0,0,0,0,0,0,0,0,0,0,4278191633,206,10,0,1980-01-06T04:00:55,1633360693.4699318,2021-10-04T18:18:13
315968468,64757,3665003,0,0,25,2,0,0,0,0,0,0,0,0,0,0,0,0,0,0,0,0,0,0,0,0,0,0,0,0,0,0,0,0,0,0,0,4278191633,245,10,0,1980-01-06T04:01:08,1633360706.659996,2021-10-04T18:18:26
315968481,64629,3678003,0,0,0,2,0,0,0,0,0,0,0,0,0,0,0,0,0,0,0,0,0,0,0,0,0,0,0,0,0,0,0,0,0,0,0,4278191633,28,10,0,1980-01-06T04:01:21,1633360722.150056,2021-10-04T18:18:42
315968495,64783,3692003,0,0,4,2,0,0,0,0,0,0,0,0,0,0,0,0,0,0,0,0,0,0,0,0,0,0,0,0,0,0,0,0,0,0,0,4278191633,70,10,0,1980-01-06T04:01:35,1633360735.3894129,2021-10-04T18:18:55
315968509,212901,3706004,0,0,4,2,0,0,0,0,0,0,0,0,0,0,0,0,0,0,0,0,0,0,0,0,0,0,0,0,0,0,0,0,0,0,0,4278257168,112,10,0,1980-01-06T04:01:49,1633360747.989624,2021-10-04T18:19:07
315968522,222503,3719013,0,0,6,2,0,0,0,0,0,0,0,0,0,0,0,0,0,0,0,0,0,0,0,0,0,0,0,0,0,0,0,0,0,0,0,4279305728,151,10,0,1980-01-06T04:02:02,1633360761.128964,2021-10-04T18:19:21
315968535,212679,3732003,0,0,38,2,0,0,0,0,0,0,0,0,0,0,0,0,0,0,0,0,0,0,0,0,0,0,0,0,0,0,0,0,0,0,0,4279305728,190,10,0,1980-01-06T04:02:15,1633360774.3189008,2021-10-04T18:19:34
315968549,222201,3746013,0,0,18,2,0,0,0,0,0,0,0,0,0,0,0,0,0,0,0,0,0,0,0,0,0,0,0,0,0,0,0,0,0,0,0,4279240208,232,10,0,1980-01-06T04:02:29,1633360788.1589198,2021-10-04T18:19:48
315968563,212277,3760003,0,0,18,2,0,0,0,0,0,0,0,0,0,0,0,0,0,0,0,0,0,0,0,0,0,0,0,0,0,0,0,0,0,0,0,4279240208,18,10,0,1980-01-06T04:02:43,1633360801.3487809,2021-10-04T18:20:01
315968576,222642,3773013,0,0,94,2,0,0,0,0,0,0,0,0,0,0,0,0,0,0,0,0,0,0,0,0,0,0,0,0,0,0,0,0,0,0,0,4279240208,57,10,0,1980-01-06T04:02:56,1633360816.7889478,2021-10-04T18:20:16
315968590,212686,3787003,0,0,20,2,0,0,0,0,0,0,0,0,0,0,0,0,0,0,0,0,0,0,0,0,0,0,0,0,0,0,0,0,0,0,0,4279240208,99,10,0,1980-01-06T04:03:10,1633360829.389148,2021-10-04T18:20:29
315968603,251673,3800013,0,0,8,2,0,0,0,0,0,0,0,0,0,0,0,0,0,0,0,0,0,0,0,0,0,0,0,0,0,0,0,0,0,0,0,4279240208,138,10,0,1980-01-06T04:03:23,1633360842.6280959,2021-10-04T18:20:42
315968616,241879,3813003,0,0,5,2,0,0,0,0,0,0,0,0,0,0,0,0,0,0,0,0,0,0,0,0,0,0,0,0,0,0,0,0,0,0,0,4279240208,177,10,0,1980-01-06T04:03:36,1633360855.8988209,2021-10-04T18:20:55
315968629,242201,3826003,0,0,9,2,0,0,0,0,0,0,0,0,0,0,0,0,0,0,0,0,0,0,0,0,0,0,0,0,0,0,0,0,0,0,0,4262462993,216,10,0,1980-01-06T04:03:49,1633360869.257997,2021-10-04T18:21:09
315968644,251701,3841013,0,0,31,2,0,0,0,0,0,0,0,0,0,0,0,0,0,0,0,0,0,0,0,0,0,0,0,0,0,0,0,0,0,0,0,4262462993,5,10,0,1980-01-06T04:04:04,1633360882.557765,2021-10-04T18:21:22
315968658,241786,3855003,0,0,44,2,0,0,0,0,0,0,0,0,0,0,0,0,0,0,0,0,0,0,0,0,0,0,0,0,0,0,0,0,0,0,0,4262462993,47,10,0,1980-01-06T04:04:18,1633360896.457532,2021-10-04T18:21:36
315968670,251848,3867013,0,0,79,2,0,0,0,0,0,0,0,0,0,0,0,0,0,0,0,0,0,0,0,0,0,0,0,0,0,0,0,0,0,0,0,4262462993,83,10,0,1980-01-06T04:04:30,1633360909.14746,2021-10-04T18:21:49
315968684,241791,3881003,0,0,20,2,0,0,0,0,0,0,0,0,0,0,0,0,0,0,0,0,0,0,0,0,0,0,0,0,0,0,0,0,0,0,0,4262462993,125,10,0,1980-01-06T04:04:44,1633360924.6775968,2021-10-04T18:22:04
315968698,242187,3895003,4,5,1,2,0,0,0,0,0,0,0,0,0,0,0,0,0,0,0,0,0,0,0,0,0,0,0,0,0,0,0,0,0,0,0,4262462993,167,10,0,1980-01-06T04:04:58,1633360938.046969,2021-10-04T18:22:18
315968711,241575,3908003,4,5,56,2,0,0,0,0,0,0,0,0,0,0,0,0,0,0,0,0,0,0,0,0,0,0,0,0,0,0,0,0,0,0,0,4262462993,206,10,0,1980-01-06T04:05:11,1633360951.4167728,2021-10-04T18:22:31
315968725,241882,3922004,4,5,28,2,0,0,0,0,0,0,0,0,0,0,0,0,0,0,0,0,0,0,0,0,0,0,0,0,0,0,0,0,0,0,0,4262462993,248,10,0,1980-01-06T04:05:25,1633360964.72698,2021-10-04T18:22:44
315968739,241570,3936003,4,5,34,2,0,0,0,0,0,0,0,0,0,0,0,0,0,0,0,0,0,0,0,0,0,0,0,0,0,0,0,0,0,0,0,4262462993,34,10,0,1980-01-06T04:05:39,1633360978.056612,2021-10-04T18:22:58
315968752,241571,3949003,4,5,72,2,0,0,0,0,0,0,0,0,0,0,0,0,0,0,0,0,0,0,0,0,0,0,0,0,0,0,0,0,0,0,0,4262462993,73,10,0,1980-01-06T04:05:52,1633360991.426048,2021-10-04T18:23:11
315968766,241603,3963003,4,5,70,2,0,0,0,0,0,0,0,0,0,0,0,0,0,0,0,0,0,0,0,0,0,0,0,0,0,0,0,0,0,0,0,4262462993,115,10,0,1980-01-06T04:06:06,1633361004.766276,2021-10-04T18:23:24
315968779,241570,3976003,4,5,31,2,0,0,0,0,0,0,0,0,0,0,0,0,0,0,0,0,0,0,0,0,0,0,0,0,0,0,0,0,0,0,0,4262462993,154,10,0,1980-01-06T04:06:19,1633361017.5261009,2021-10-04T18:23:37
315968793,251050,3990013,4,5,13,2,0,0,0,0,0,0,0,0,0,0,0,0,0,0,0,0,0,0,0,0,0,0,0,0,0,0,0,0,0,0,0,4262462993,196,10,0,1980-01-06T04:06:33,1633361033.0666568,2021-10-04T18:23:53
315968807,366612,4004003,4,5,87,2,0,0,0,0,0,0,0,0,0,0,0,0,0,0,0,0,0,0,0,0,0,0,0,0,0,0,0,0,0,0,0,4262462993,238,10,0,1980-01-06T04:06:47,1633361046.3658319,2021-10-04T18:24:06
315968820,376121,4017013,4,5,9,2,0,0,0,0,0,0,0,0,0,0,0,0,0,0,0,0,0,0,0,0,0,0,0,0,0,0,0,0,0,0,0,4262462993,21,10,0,1980-01-06T04:07:00,1633361060.285789,2021-10-04T18:24:20
315968834,366586,4031003,4,5,29,2,0,0,0,0,0,0,0,0,0,0,0,0,0,0,0,0,0,0,0,0,0,0,0,0,0,0,0,0,0,0,0,4262462993,63,10,0,1980-01-06T04:07:14,1633361073.705569,2021-10-04T18:24:33
315968848,366592,4045003,4,5,1,2,0,0,0,0,0,0,0,0,0,0,0,0,0,0,0,0,0,0,0,0,0,0,0,0,0,0,0,0,0,0,0,4262462993,105,10,0,1980-01-06T04:07:28,1633361087.1554399,2021-10-04T18:24:47
315968862,366589,4059003,4,5,27,2,0,0,0,0,0,0,0,0,0,0,0,0,0,0,0,0,0,0,0,0,0,0,0,0,0,0,0,0,0,0,0,4262462993,147,10,0,1980-01-06T04:07:42,1633361100.49502,2021-10-04T18:25:00
315968875,366584,4072003,4,5,1,2,0,0,0,0,0,0,0,0,0,0,0,0,0,0,0,0,0,0,0,0,0,0,0,0,0,0,0,0,0,0,0,4262462993,186,10,0,1980-01-06T04:07:55,1633361113.284852,2021-10-04T18:25:13
315968889,366175,4086003,4,5,57,2,0,0,0,0,0,0,0,0,0,0,0,0,0,0,0,0,0,0,0,0,0,0,0,0,0,0,0,0,0,0,0,4262462993,228,10,0,1980-01-06T04:08:09,1633361128.925925,2021-10-04T18:25:28
315968903,314032,4100003,4,5,51,2,0,0,0,0,0,0,0,0,0,0,0,0,0,0,0,0,0,0,0,0,0,0,0,0,0,0,0,0,0,0,0,4262462993,14,10,0,1980-01-06T04:08:23,1633361142.9148679,2021-10-04T18:25:42
315968917,314008,4114003,4,5,1,2,0,0,0,0,0,0,0,0,0,0,0,0,0,0,0,0,0,0,0,0,0,0,0,0,0,0,0,0,0,0,0,4262462993,56,10,0,1980-01-06T04:08:37,1633361156.264628,2021-10-04T18:25:56
315968930,314401,4127003,4,5,15,2,0,0,0,0,0,0,0,0,0,0,0,0,0,0,0,0,0,0,0,0,0,0,0,0,0,0,0,0,0,0,0,4262462993,95,10,0,1980-01-06T04:08:50,1633361169.0149999,2021-10-04T18:26:09
315968944,314007,4141003,4,5,91,2,0,0,0,0,0,0,0,0,0,0,0,0,0,0,0,0,0,0,0,0,0,0,0,0,0,0,0,0,0,0,0,4262462993,137,10,0,1980-01-06T04:09:04,1633361182.414368,2021-10-04T18:26:22
315968957,314408,4154003,4,5,2,2,0,0,0,0,0,0,0,0,0,0,0,0,0,0,0,0,0,0,0,0,0,0,0,0,0,0,0,0,0,0,0,4262462993,176,10,0,1980-01-06T04:09:17,1633361195.8046129,2021-10-04T18:26:35
315968970,314434,4167003,4,5,35,2,0,0,0,0,0,0,0,0,0,0,0,0,0,0,0,0,0,0,0,0,0,0,0,0,0,0,0,0,0,0,0,4262462993,215,10,0,1980-01-06T04:09:30,1633361209.206233,2021-10-04T18:26:49
315968984,314400,4181003,4,5,82,2,0,0,0,0,0,0,0,0,0,0,0,0,0,0,0,0,0,0,0,0,0,0,0,0,0,0,0,0,0,0,0,4262462993,1,10,0,1980-01-06T04:09:44,1633361224.824972,2021-10-04T18:27:04
315968999,314410,4196003,4,5,179,2,0,0,0,0,0,0,0,0,0,0,0,0,0,0,0,0,0,0,0,0,0,0,0,0,0,0,0,0,0,0,0,4262462993,46,10,0,1980-01-06T04:09:59,1633361238.2141209,2021-10-04T18:27:18
315969012,314408,4209003,4,5,2,2,0,0,0,0,0,0,0,0,0,0,0,0,0,0,0,0,0,0,0,0,0,0,0,0,0,0,0,0,0,0,0,4262462993,85,10,0,1980-01-06T04:10:12,1633361251.524632,2021-10-04T18:27:31
