time_s,time_us,time_steady,current,voltage,seq,srcSystem,srcComponent,time_gregorian,log_timestamp,log_timestamp_gregorian
315965016,549302,216846,0.0018310546875,7.796000003814697,96,10,0,1980-01-06T03:03:36,1633357258.355156,2021-10-04T17:20:58
315965022,309289,222606,0.00274658203125,7.791999816894531,148,10,0,1980-01-06T03:03:42,1633357265.114928,2021-10-04T17:21:05
315965029,677261,229974,0.00274658203125,7.791999816894531,210,10,0,1980-01-06T03:03:49,1633357271.9153929,2021-10-04T17:21:11
315965037,6528,237303,0.0018310546875,7.840000152587891,16,10,0,1980-01-06T03:03:57,1633357280.765025,2021-10-04T17:21:20
315965050,206666,250503,0.0018310546875,7.76800012588501,130,10,0,1980-01-06T03:04:10,1633357293.8350399,2021-10-04T17:21:33
315965057,547258,257843,nan,nan,198,10,0,1980-01-06T03:04:17,1633357300.618144,2021-10-04T17:21:40
315965064,898592,265195,0.0018310546875,7.815999984741211,4,10,0,1980-01-06T03:04:24,1633357307.4351358,2021-10-04T17:21:47
315965070,739317,271036,0.00274658203125,7.783999919891357,56,10,0,1980-01-06T03:04:30,1633357313.6252809,2021-10-04T17:21:53
315965078,116529,278413,0.00274658203125,7.783999919891357,118,10,0,1980-01-06T03:04:38,1633357320.435277,2021-10-04T17:22:00
315965084,78806,284375,nan,nan,170,10,0,1980-01-06T03:04:44,1633357326.585772,2021-10-04T17:22:06
315965091,418863,291715,nan,nan,232,10,0,1980-01-06T03:04:51,1633357333.385716,2021-10-04T17:22:13
315965097,309327,297606,0.00274658203125,7.716000080108643,28,10,0,1980-01-06T03:04:57,1633357340.185441,2021-10-04T17:22:20
315965106,49604,306304,nan,nan,106,10,0,1980-01-06T03:05:06,1633357349.0060918,2021-10-04T17:22:29
315965111,798683,312053,0.0018310546875,7.835999965667725,158,10,0,1980-01-06T03:05:11,1633357355.245705,2021-10-04T17:22:35
315965119,191667,319446,0.00274658203125,7.783999919891357,220,10,0,1980-01-06T03:05:19,1633357361.9861288,2021-10-04T17:22:41
315965125,92199,325346,0.0018310546875,7.835999965667725,16,10,0,1980-01-06T03:05:25,1633357368.765668,2021-10-04T17:22:48
315965132,460914,332715,0.00274658203125,7.828000068664551,78,10,0,1980-01-06T03:05:32,1633357375.586076,2021-10-04T17:22:55
315965139,709332,339964,nan,nan,146,10,0,1980-01-06T03:05:39,1633357381.8073719,2021-10-04T17:23:01
315965145,538966,345793,nan,nan,192,10,0,1980-01-06T03:05:45,1633357389.125792,2021-10-04T17:23:09
315965152,821505,353076,0.0018310546875,7.796000003814697,4,10,0,1980-01-06T03:05:52,1633357395.336165,2021-10-04T17:23:15
315965160,160324,360415,0.00274658203125,7.791999816894531,66,10,0,1980-01-06T03:06:00,1633357402.16572,2021-10-04T17:23:22
315965165,998656,366253,0.0018310546875,7.796000003814697,118,10,0,1980-01-06T03:06:05,1633357408.366461,2021-10-04T17:23:28
315965173,378661,373633,0.0018310546875,7.831999778747559,180,10,0,1980-01-06T03:06:13,1633357417.926429,2021-10-04T17:23:37
315965179,198531,379453,0.0018310546875,7.5279998779296875,232,10,0,1980-01-06T03:06:19,1633357423.546413,2021-10-04T17:23:43
315965187,971296,388226,0.0018310546875,7.788000106811523,48,10,0,1980-01-06T03:06:27,1633357430.896481,2021-10-04T17:23:50
315965193,818543,394073,nan,nan,100,10,0,1980-01-06T03:06:33,1633357437.0962129,2021-10-04T17:23:57
315965201,329633,401463,0.00274658203125,7.703999996185303,168,10,0,1980-01-06T03:06:41,1633357443.9264128,2021-10-04T17:24:03
315965207,200037,407333,nan,nan,220,10,0,1980-01-06T03:06:47,1633357450.1178288,2021-10-04T17:24:10
315965215,969478,416103,0.00274658203125,7.776000022888184,36,10,0,1980-01-06T03:06:55,1633357457.536628,2021-10-04T17:24:17
315965221,759603,421893,0.00274658203125,7.776000022888184,88,10,0,1980-01-06T03:07:01,1633357463.716073,2021-10-04T17:24:23
315965243,712238,443846,0.003662109375,7.771999835968018,24,10,0,1980-01-06T03:07:23,1633357486.236845,2021-10-04T17:24:46
315965249,569605,449703,0.00274658203125,7.823999881744385,76,10,0,1980-01-06T03:07:29,1633357492.456605,2021-10-04T17:24:52
315965257,2920,457136,nan,nan,138,10,0,1980-01-06T03:07:37,1633357499.3282728,2021-10-04T17:24:59
315965262,912244,463046,0.00457763671875,7.711999893188477,190,10,0,1980-01-06T03:07:42,1633357505.5465438,2021-10-04T17:25:05
315965270,222231,470356,0.00457763671875,7.78000020980835,252,10,0,1980-01-06T03:07:50,1633357512.9476209,2021-10-04T17:25:12
315965276,206880,476340,nan,nan,48,10,0,1980-01-06T03:07:56,1633357519.1077008,2021-10-04T17:25:19
315965283,679481,483813,0.00274658203125,7.800000190734863,116,10,0,1980-01-06T03:08:03,1633357525.866477,2021-10-04T17:25:25
315965289,529620,489663,0.00274658203125,7.78000020980835,168,10,0,1980-01-06T03:08:09,1633357532.126345,2021-10-04T17:25:32
315965296,950016,497083,nan,nan,230,10,0,1980-01-06T03:08:16,1633357538.9264169,2021-10-04T17:25:38
315965311,558106,511656,0.0018310546875,7.815999984741211,104,10,0,1980-01-06T03:08:31,1633357554.646517,2021-10-04T17:25:54
315965317,358105,517456,0.0018310546875,7.815999984741211,150,10,0,1980-01-06T03:08:37,1633357561.486644,2021-10-04T17:26:01
315965324,737583,524835,0.0018310546875,7.480000019073486,218,10,0,1980-01-06T03:08:44,1633357568.266705,2021-10-04T17:26:08
315965332,107666,532205,0.0018310546875,7.696000099182129,24,10,0,1980-01-06T03:08:52,1633357574.4671478,2021-10-04T17:26:14
315965339,497702,539595,nan,nan,86,10,0,1980-01-06T03:08:59,1633357581.2666118,2021-10-04T17:26:21
315965345,388249,545486,0.00274658203125,7.763999938964844,138,10,0,1980-01-06T03:09:05,1633357587.5473049,2021-10-04T17:26:27
315965352,725849,552823,0.0018310546875,7.78000020980835,206,10,0,1980-01-06T03:09:12,1633357594.3769329,2021-10-04T17:26:34
315965358,515702,558613,nan,nan,2,10,0,1980-01-06T03:09:18,1633357601.247788,2021-10-04T17:26:41
315965365,945468,566043,0.0018310546875,7.808000087738037,64,10,0,1980-01-06T03:09:25,1633357610.096813,2021-10-04T17:26:50
315965380,535361,580633,0.00274658203125,7.760000228881836,188,10,0,1980-01-06T03:09:40,1633357623.2373998,2021-10-04T17:27:03
315965386,381471,586479,0.0018310546875,7.808000087738037,240,10,0,1980-01-06T03:09:46,1633357629.437156,2021-10-04T17:27:09
315965393,715340,593813,0.00457763671875,7.748000144958496,52,10,0,1980-01-06T03:09:53,1633357636.856832,2021-10-04T17:27:16
315965401,377256,601243,0.00457763671875,7.684000015258789,114,10,0,1980-01-06T03:10:01,1633357643.7074769,2021-10-04T17:27:23
315965408,647909,608513,0.00457763671875,7.751999855041504,176,10,0,1980-01-06T03:10:08,1633357650.516636,2021-10-04T17:27:30
315965414,589539,614455,0.00274658203125,7.800000190734863,228,10,0,1980-01-06T03:10:14,1633357656.747565,2021-10-04T17:27:36
315965421,840018,621706,0.00457763671875,7.751999855041504,34,10,0,1980-01-06T03:10:21,1633357663.5487769,2021-10-04T17:27:43
315965427,659694,627525,0.00274658203125,7.803999900817871,86,10,0,1980-01-06T03:10:27,1633357669.8068168,2021-10-04T17:27:49
315965435,20018,634886,0.0018310546875,7.736000061035156,148,10,0,1980-01-06T03:10:35,1633357678.677809,2021-10-04T17:27:58
315965442,337391,642203,0.0018310546875,7.800000190734863,216,10,0,1980-01-06T03:10:42,1633357685.456744,2021-10-04T17:28:05
315965449,597738,649463,nan,nan,22,10,0,1980-01-06T03:10:49,1633357692.247112,2021-10-04T17:28:12
315965455,397386,655263,0.00457763671875,7.748000144958496,74,10,0,1980-01-06T03:10:55,1633357698.487685,2021-10-04T17:28:18
315965462,710077,662576,0.0018310546875,7.671999931335449,136,10,0,1980-01-06T03:11:02,1633357705.287153,2021-10-04T17:28:25
315965468,600017,668466,0.00457763671875,7.460000038146973,188,10,0,1980-01-06T03:11:08,1633357711.527837,2021-10-04T17:28:31
315965475,917381,675783,0.00457763671875,7.688000202178955,250,10,0,1980-01-06T03:11:15,1633357718.358556,2021-10-04T17:28:38
315965483,177387,683043,0.00457763671875,7.760000228881836,56,10,0,1980-01-06T03:11:23,1633357725.6882129,2021-10-04T17:28:45
315965490,507360,690373,0.0018310546875,7.771999835968018,124,10,0,1980-01-06T03:11:30,1633357734.60702,2021-10-04T17:28:54
315965496,337261,696203,0.00457763671875,7.739999771118164,176,10,0,1980-01-06T03:11:36,1633357738.116909,2021-10-04T17:28:58
315965505,174855,704953,0.00457763671875,7.736000061035156,248,10,0,1980-01-06T03:11:45,1633357747.667153,2021-10-04T17:29:07
315965511,14855,710793,nan,7.783999919891357,44,10,0,1980-01-06T03:11:51,1633357753.897593,2021-10-04T17:29:13
315965518,287697,718066,0.00457763671875,7.664000034332275,106,10,0,1980-01-06T03:11:58,1633357760.7488048,2021-10-04T17:29:20
315965524,127620,723906,0.00457763671875,7.736000061035156,158,10,0,1980-01-06T03:12:04,1633357766.9471369,2021-10-04T17:29:26
315965531,455206,731233,0.00457763671875,7.739999771118164,226,10,0,1980-01-06T03:12:11,1633357774.357017,2021-10-04T17:29:34
315965537,347686,737126,0.00457763671875,7.771999835968018,16,10,0,1980-01-06T03:12:17,1633357780.6672049,2021-10-04T17:29:40
315965546,74992,745853,0.0018310546875,7.696000099182129,94,10,0,1980-01-06T03:12:26,1633357787.4794679,2021-10-04T17:29:47
315965551,894938,751673,0.00457763671875,7.73199987411499,146,10,0,1980-01-06T03:12:31,1633357793.757225,2021-10-04T17:29:53
315965559,155010,758933,0.0018310546875,7.78000020980835,208,10,0,1980-01-06T03:12:39,1633357800.5884678,2021-10-04T17:30:00
315965564,974969,764753,0.00457763671875,7.73199987411499,4,10,0,1980-01-06T03:12:44,1633357806.8270838,2021-10-04T17:30:06
315965573,647767,773426,0.0018310546875,7.783999919891357,82,10,0,1980-01-06T03:12:53,1633357816.986912,2021-10-04T17:30:16
315965579,444856,779223,nan,7.708000183105469,128,10,0,1980-01-06T03:12:59,1633357822.6373398,2021-10-04T17:30:22
315965588,145124,787923,nan,nan,206,10,0,1980-01-06T03:13:08,1633357830.1794128,2021-10-04T17:30:30
315965593,944996,793723,0.00457763671875,7.723999977111816,2,10,0,1980-01-06T03:13:13,1633357836.437021,2021-10-04T17:30:36
315965601,394539,801133,nan,nan,64,10,0,1980-01-06T03:13:21,1633357843.3188078,2021-10-04T17:30:43
315965607,177083,806916,nan,nan,116,10,0,1980-01-06T03:13:27,1633357849.547132,2021-10-04T17:30:49
315965615,926739,815666,0.0018310546875,7.5,194,10,0,1980-01-06T03:13:35,1633357856.9068758,2021-10-04T17:30:56
315965620,266726,820006,0.00457763671875,7.447999954223633,230,10,0,1980-01-06T03:13:40,1633357863.197121,2021-10-04T17:31:03
315965629,64453,828803,nan,nan,52,10,0,1980-01-06T03:13:49,1633357872.0870209,2021-10-04T17:31:12
315965634,924088,834663,0.0018310546875,7.75600004196167,98,10,0,1980-01-06T03:13:54,1633357878.367564,2021-10-04T17:31:18
315965642,154463,841893,nan,nan,166,10,0,1980-01-06T03:14:02,1633357885.747521,2021-10-04T17:31:25
315965649,444053,849183,0.0018310546875,7.739999771118164,228,10,0,1980-01-06T03:14:09,1633357891.997076,2021-10-04T17:31:31
315965656,816389,856555,0.00274658203125,7.684000015258789,34,10,0,1980-01-06T03:14:16,1633357898.788509,2021-10-04T17:31:38
315965662,824039,862563,0.00457763671875,7.703999996185303,86,10,0,1980-01-06T03:14:22,1633357905.646884,2021-10-04T17:31:45
315965670,93946,869833,0.00457763671875,7.696000099182129,148,10,0,1980-01-06T03:14:30,1633357912.478276,2021-10-04T17:31:52
315965677,416822,877156,0.00457763671875,7.736000061035156,216,10,0,1980-01-06T03:14:37,1633357918.687301,2021-10-04T17:31:58
315965684,713974,884453,0.0018310546875,7.688000202178955,22,10,0,1980-01-06T03:14:44,1633357925.4769719,2021-10-04T17:32:05
315965690,534053,890273,0.0018310546875,7.748000144958496,74,10,0,1980-01-06T03:14:50,1633357931.7268848,2021-10-04T17:32:11
315965697,884141,897623,nan,nan,136,10,0,1980-01-06T03:14:57,1633357941.216917,2021-10-04T17:32:21
315965705,104762,904844,0.00457763671875,7.627999782562256,198,10,0,1980-01-06T03:15:05,1633357947.467305,2021-10-04T17:32:27
315965711,66306,910805,0.0018310546875,7.679999828338623,250,10,0,1980-01-06T03:15:11,1633357954.3072798,2021-10-04T17:32:34
315965718,314077,918053,0.00457763671875,7.691999912261963,56,10,0,1980-01-06T03:15:18,1633357960.6171489,2021-10-04T17:32:40
315965725,546708,925286,0.00457763671875,7.736000061035156,124,10,0,1980-01-06T03:15:25,1633357967.437165,2021-10-04T17:32:47
315965731,363939,931103,0.00457763671875,7.611999988555908,170,10,0,1980-01-06T03:15:31,1633357973.688901,2021-10-04T17:32:53
315965738,734083,938473,0.00457763671875,7.684000015258789,238,10,0,1980-01-06T03:15:38,1633357981.157088,2021-10-04T17:33:01
315965746,4067,945743,0.00274658203125,7.73199987411499,44,10,0,1980-01-06T03:15:46,1633357987.397192,2021-10-04T17:33:07
315965753,313962,953053,0.0018310546875,7.736000061035156,106,10,0,1980-01-06T03:15:53,1633357996.937005,2021-10-04T17:33:16
315965766,464253,966203,nan,nan,220,10,0,1980-01-06T03:16:06,1633358010.037292,2021-10-04T17:33:30
315965773,706945,973446,0.0018310546875,7.627999782562256,26,10,0,1980-01-06T03:16:13,1633358016.236992,2021-10-04T17:33:36
315965781,26573,980765,0.00274658203125,7.656000137329102,94,10,0,1980-01-06T03:16:21,1633358023.027297,2021-10-04T17:33:43
315965786,894091,986633,0.00274658203125,7.659999847412109,140,10,0,1980-01-06T03:16:26,1633358029.247412,2021-10-04T17:33:49
315965794,194427,993933,nan,nan,208,10,0,1980-01-06T03:16:34,1633358036.626852,2021-10-04T17:33:56
315965801,619345,1001333,0.00274658203125,7.6519999504089355,14,10,0,1980-01-06T03:16:41,1633358042.826712,2021-10-04T17:34:02
315965807,469362,1007183,0.003662109375,7.6519999504089355,66,10,0,1980-01-06T03:16:47,1633358049.73728,2021-10-04T17:34:09
315965814,702066,1014416,0.00274658203125,7.703999996185303,128,10,0,1980-01-06T03:16:54,1633358055.9771168,2021-10-04T17:34:15
315965821,959226,1021673,0.0018310546875,7.639999866485596,190,10,0,1980-01-06T03:17:01,1633358062.837777,2021-10-04T17:34:22
315965829,261980,1028976,0.0018310546875,7.699999809265137,2,10,0,1980-01-06T03:17:09,1633358071.857033,2021-10-04T17:34:31
315965836,512068,1036226,0.00274658203125,7.644000053405762,64,10,0,1980-01-06T03:17:16,1633358078.7067559,2021-10-04T17:34:38
315965842,389383,1042103,0.0018310546875,7.703999996185303,116,10,0,1980-01-06T03:17:22,1633358084.916733,2021-10-04T17:34:44
315965849,741562,1049455,0.0018310546875,7.572000026702881,178,10,0,1980-01-06T03:17:29,1633358092.327584,2021-10-04T17:34:52
315965857,9219,1056723,0.00274658203125,7.639999866485596,240,10,0,1980-01-06T03:17:37,1633358098.5569758,2021-10-04T17:34:58
315965862,791447,1062505,nan,nan,36,10,0,1980-01-06T03:17:42,1633358105.386833,2021-10-04T17:35:05
315965870,42063,1069756,0.00274658203125,7.556000232696533,98,10,0,1980-01-06T03:17:50,1633358111.6367278,2021-10-04T17:35:11
315965877,309352,1077023,0.00274658203125,7.627999782562256,160,10,0,1980-01-06T03:17:57,1633358119.0567238,2021-10-04T17:35:19
315965883,139357,1082853,0.00274658203125,7.624000072479248,212,10,0,1980-01-06T03:18:03,1633358127.2370849,2021-10-04T17:35:27
315965893,359349,1093073,0.3314208984375,7.48799991607666,44,10,0,1980-01-06T03:18:13,1633358136.2775118,2021-10-04T17:35:36
315965899,346166,1098814,nan,nan,96,10,0,1980-01-06T03:18:19,1633358142.5174038,2021-10-04T17:35:42
315965906,574709,1106043,0.30029296875,7.4120001792907715,158,10,0,1980-01-06T03:18:26,1633358150.0167198,2021-10-04T17:35:50
315965912,435036,1111903,nan,nan,210,10,0,1980-01-06T03:18:32,1633358156.3167129,2021-10-04T17:35:56
315965921,237388,1120706,0.00274658203125,7.5960001945495605,32,10,0,1980-01-06T03:18:41,1633358163.167297,2021-10-04T17:36:03
315965927,96979,1126565,0.00274658203125,7.656000137329102,84,10,0,1980-01-06T03:18:47,1633358169.436781,2021-10-04T17:36:09
315965934,334664,1133803,0.00274658203125,7.51200008392334,146,10,0,1980-01-06T03:18:54,1633358176.3674319,2021-10-04T17:36:16
315965941,685101,1141153,0.00274658203125,7.5879998207092285,208,10,0,1980-01-06T03:19:01,1633358185.126905,2021-10-04T17:36:25
315965951,867433,1151336,0.0018310546875,7.584000110626221,40,10,0,1980-01-06T03:19:11,1633358194.736872,2021-10-04T17:36:34
315965957,625003,1157093,0.0018310546875,7.239999771118164,92,10,0,1980-01-06T03:19:17,1633358201.019008,2021-10-04T17:36:41
315965964,915103,1164383,nan,nan,154,10,0,1980-01-06T03:19:24,1633358207.856484,2021-10-04T17:36:47
315965972,94686,1171563,0.00274658203125,7.567999839782715,216,10,0,1980-01-06T03:19:32,1633358214.107004,2021-10-04T17:36:54
315965977,976921,1177445,0.0018310546875,7.636000156402588,12,10,0,1980-01-06T03:19:37,1633358221.5467808,2021-10-04T17:37:01
315965985,244666,1184713,0.003662109375,7.5,74,10,0,1980-01-06T03:19:45,1633358229.126857,2021-10-04T17:37:09
315965995,517302,1194986,0.00274658203125,7.443999767303467,162,10,0,1980-01-06T03:19:55,1633358236.566653,2021-10-04T17:37:16
315966001,351596,1200783,0.00274658203125,7.455999851226807,214,10,0,1980-01-06T03:20:01,1633358242.806733,2021-10-04T17:37:22
315966008,661052,1208093,0.00274658203125,7.383999824523926,20,10,0,1980-01-06T03:20:08,1633358249.688369,2021-10-04T17:37:29
315966014,423754,1213856,0.00274658203125,7.455999851226807,72,10,0,1980-01-06T03:20:14,1633358256.006805,2021-10-04T17:37:36
315966021,861044,1221293,0.0018310546875,7.611999988555908,140,10,0,1980-01-06T03:20:21,1633358262.8365319,2021-10-04T17:37:42
315966029,11494,1228443,0.0018310546875,7.5320000648498535,202,10,0,1980-01-06T03:20:29,1633358273.726769,2021-10-04T17:37:53
315966039,451377,1238883,nan,nan,34,10,0,1980-01-06T03:20:39,1633358281.196712,2021-10-04T17:38:01
315966045,290926,1244723,nan,nan,86,10,0,1980-01-06T03:20:45,1633358287.5766208,2021-10-04T17:38:07
315966052,521288,1251953,nan,nan,148,10,0,1980-01-06T03:20:52,1633358294.4562519,2021-10-04T17:38:14
315966058,393171,1257825,0.0018310546875,7.363999843597412,200,10,0,1980-01-06T03:20:58,1633358301.346477,2021-10-04T17:38:21
315966065,581036,1265013,0.00274658203125,7.331999778747559,6,10,0,1980-01-06T03:21:05,1633358308.2765129,2021-10-04T17:38:28
315966072,931025,1272363,0.00274658203125,7.380000114440918,68,10,0,1980-01-06T03:21:12,1633358314.5467439,2021-10-04T17:38:34
315966080,193364,1279625,0.00274658203125,7.415999889373779,136,10,0,1980-01-06T03:21:20,1633358321.456441,2021-10-04T17:38:41
315966085,997085,1285429,0.00274658203125,7.452000141143799,182,10,0,1980-01-06T03:21:25,1633358327.7861888,2021-10-04T17:38:47
315966093,321771,1292754,0.0018310546875,7.383999824523926,250,10,0,1980-01-06T03:21:33,1633358336.857869,2021-10-04T17:38:56
315966100,683663,1300116,0.0018310546875,7.443999767303467,56,10,0,1980-01-06T03:21:40,1633358343.7165408,2021-10-04T17:39:03
315966107,903903,1307336,0.003662109375,7.492000102996826,118,10,0,1980-01-06T03:21:47,1633358350.626864,2021-10-04T17:39:10
315966115,167045,1314599,0.0018310546875,7.4679999351501465,180,10,0,1980-01-06T03:21:55,1633358356.9268239,2021-10-04T17:39:16
315966122,353671,1321786,0.003662109375,7.480000019073486,248,10,0,1980-01-06T03:22:02,1633358363.757897,2021-10-04T17:39:23
315966128,274026,1327706,0.00274658203125,7.5320000648498535,44,10,0,1980-01-06T03:22:08,1633358370.566161,2021-10-04T17:39:30
315966135,523664,1334956,0.003662109375,7.392000198364258,106,10,0,1980-01-06T03:22:15,1633358377.436677,2021-10-04T17:39:37
315966142,801524,1342233,nan,nan,168,10,0,1980-01-06T03:22:22,1633358383.7565,2021-10-04T17:39:43
315966157,441051,1356873,0.0018310546875,7.447999954223633,36,10,0,1980-01-06T03:22:37,1633358399.66644,2021-10-04T17:39:59
315966163,271360,1362703,nan,nan,88,10,0,1980-01-06T03:22:43,1633358406.566257,2021-10-04T17:40:06
315966170,601028,1370033,0.003662109375,7.223999977111816,156,10,0,1980-01-06T03:22:50,1633358412.8159769,2021-10-04T17:40:12
315966177,977111,1377409,0.0018310546875,7.291999816894531,218,10,0,1980-01-06T03:22:57,1633358420.2460558,2021-10-04T17:40:20
315966183,791029,1383223,0.00274658203125,7.308000087738037,14,10,0,1980-01-06T03:23:03,1633358426.565904,2021-10-04T17:40:26
315966191,141193,1390573,0.0018310546875,7.363999843597412,76,10,0,1980-01-06T03:23:11,1633358433.455989,2021-10-04T17:40:33
315966198,614395,1397833,nan,nan,138,10,0,1980-01-06T03:23:18,1633358439.776113,2021-10-04T17:40:39
315966205,863898,1405083,0.003662109375,7.308000087738037,200,10,0,1980-01-06T03:23:25,1633358446.6958199,2021-10-04T17:40:46
315966211,666658,1410886,0.003662109375,7.291999816894531,252,10,0,1980-01-06T03:23:31,1633358452.9966009,2021-10-04T17:40:52
315966219,63901,1418283,0.0018310546875,7.260000228881836,64,10,0,1980-01-06T03:23:39,1633358462.646888,2021-10-04T17:41:02
315966226,264426,1425483,0.0018310546875,7.251999855041504,126,10,0,1980-01-06T03:23:46,1633358468.9369168,2021-10-04T17:41:08
315966233,656136,1432875,0.0018310546875,7.447999954223633,188,10,0,1980-01-06T03:23:53,1633358476.4359438,2021-10-04T17:41:16
315966239,466654,1438686,0.0018310546875,7.355999946594238,240,10,0,1980-01-06T03:23:59,1633358482.7761328,2021-10-04T17:41:22
315966248,144034,1447363,0.0018310546875,7.3480000495910645,62,10,0,1980-01-06T03:24:08,1633358489.716213,2021-10-04T17:41:29
315966253,974271,1453193,nan,nan,108,10,0,1980-01-06T03:24:13,1633358496.0258598,2021-10-04T17:41:36
315966261,356012,1460575,0.0018310546875,7.335999965667725,176,10,0,1980-01-06T03:24:21,1633358502.925861,2021-10-04T17:41:42
315966267,96331,1466315,0.0018310546875,7.308000087738037,222,10,0,1980-01-06T03:24:27,1633358509.235836,2021-10-04T17:41:49
315966275,794052,1475013,0.0018310546875,7.4039998054504395,44,10,0,1980-01-06T03:24:35,1633358516.7763638,2021-10-04T17:41:56
315966281,617089,1480836,0.00274658203125,7.251999855041504,96,10,0,1980-01-06T03:24:41,1633358523.125741,2021-10-04T17:42:03
315966288,964653,1488184,nan,nan,158,10,0,1980-01-06T03:24:48,1633358532.296424,2021-10-04T17:42:12
315966296,256654,1495476,0.0018310546875,7.25600004196167,220,10,0,1980-01-06T03:24:56,1633358538.560876,2021-10-04T17:42:18
315966303,627343,1502793,0.003662109375,7.072000026702881,32,10,0,1980-01-06T03:25:03,1633358545.466209,2021-10-04T17:42:25
315966309,507484,1508673,0.0018310546875,7.1479997634887695,84,10,0,1980-01-06T03:25:09,1633358551.8857489,2021-10-04T17:42:31
315966316,777453,1515943,0.003662109375,7.236000061035156,146,10,0,1980-01-06T03:25:16,1633358559.37724,2021-10-04T17:42:39
315966322,670231,1521836,0.003662109375,7.059999942779541,198,10,0,1980-01-06T03:25:22,1633358565.716157,2021-10-04T17:42:45
315966329,978092,1529144,nan,nan,4,10,0,1980-01-06T03:25:29,1633358572.65568,2021-10-04T17:42:52
315966337,280206,1536446,0.003662109375,7.136000156402588,66,10,0,1980-01-06T03:25:37,1633358578.4756808,2021-10-04T17:42:58
315966344,567484,1543733,0.0018310546875,7.052000045776367,134,10,0,1980-01-06T03:25:44,1633358585.3963718,2021-10-04T17:43:05
315966350,437335,1549603,0.003662109375,7.015999794006348,180,10,0,1980-01-06T03:25:50,1633358591.715744,2021-10-04T17:43:11
315966357,717618,1556883,0.0018310546875,7.26800012588501,248,10,0,1980-01-06T03:25:57,1633358598.5558,2021-10-04T17:43:18
315966363,607458,1562773,0.003662109375,7.228000164031982,38,10,0,1980-01-06T03:26:03,1633358604.866389,2021-10-04T17:43:24
315966370,870124,1570036,0.0018310546875,7.188000202178955,106,10,0,1980-01-06T03:26:10,1633358611.7591999,2021-10-04T17:43:31
315966376,747331,1575913,0.003662109375,7.111999988555908,158,10,0,1980-01-06T03:26:16,1633358618.125768,2021-10-04T17:43:38
315966384,47347,1583213,nan,nan,220,10,0,1980-01-06T03:26:24,1633358627.1574528,2021-10-04T17:43:47
315966391,360095,1590526,0.0018310546875,7.191999912261963,26,10,0,1980-01-06T03:26:31,1633358633.476717,2021-10-04T17:43:53
315966398,842811,1597803,0.003662109375,7.0879998207092285,88,10,0,1980-01-06T03:26:38,1633358641.0064878,2021-10-04T17:44:01
315966404,613616,1603574,nan,nan,140,10,0,1980-01-06T03:26:44,1633358646.716001,2021-10-04T17:44:06
315966411,942994,1610903,0.003662109375,6.984000205993652,202,10,0,1980-01-06T03:26:51,1633358654.226305,2021-10-04T17:44:14
315966417,882952,1616843,0.003662109375,6.923999786376953,254,10,0,1980-01-06T03:26:57,1633358659.9958248,2021-10-04T17:44:19
315966425,122945,1624083,0.0018310546875,7.039999961853027,60,10,0,1980-01-06T03:27:05,1633358666.936112,2021-10-04T17:44:26
315966430,986168,1629946,nan,nan,112,10,0,1980-01-06T03:27:10,1633358673.3058078,2021-10-04T17:44:33
315966438,318942,1637279,0.0018310546875,6.960000038146973,180,10,0,1980-01-06T03:27:18,1633358680.2062519,2021-10-04T17:44:40
315966445,785078,1644745,0.0018310546875,6.888000011444092,242,10,0,1980-01-06T03:27:25,1633358686.616736,2021-10-04T17:44:46
315966451,629709,1650590,nan,nan,38,10,0,1980-01-06T03:27:31,1633358693.526357,2021-10-04T17:44:53
315966458,825670,1657786,0.003662109375,6.923999786376953,100,10,0,1980-01-06T03:27:38,1633358699.875589,2021-10-04T17:44:59
315966464,713374,1663673,nan,nan,152,10,0,1980-01-06T03:27:44,1633358706.2262318,2021-10-04T17:45:06
315966472,52921,1671013,0.003662109375,6.9679999351501465,214,10,0,1980-01-06T03:27:52,1633358712.557837,2021-10-04T17:45:12
315966479,375553,1678336,0.0018310546875,7.176000118255615,20,10,0,1980-01-06T03:27:59,1633358719.516125,2021-10-04T17:45:19
315966485,255578,1684216,0.0018310546875,7.064000129699707,72,10,0,1980-01-06T03:28:05,1633358725.845968,2021-10-04T17:45:25
315966494,2952,1692963,0.003662109375,6.952000141143799,150,10,0,1980-01-06T03:28:14,1633358735.538225,2021-10-04T17:45:35
315966500,105657,1698885,0.0018310546875,7.159999847412109,202,10,0,1980-01-06T03:28:20,1633358741.92618,2021-10-04T17:45:41
315966507,494212,1706274,0.00274658203125,6.940000057220459,8,10,0,1980-01-06T03:28:27,1633358748.82622,2021-10-04T17:45:48
315966513,405461,1712185,0.0018310546875,6.980000019073486,60,10,0,1980-01-06T03:28:33,1633358755.156272,2021-10-04T17:45:55
315966519,246046,1718026,0.0018310546875,7.067999839782715,112,10,0,1980-01-06T03:28:39,1633358762.106472,2021-10-04T17:46:02
315966526,675521,1725455,0.00274658203125,6.748000144958496,174,10,0,1980-01-06T03:28:46,1633358768.4462478,2021-10-04T17:46:08
315966533,873234,1732653,0.003662109375,6.728000164031982,236,10,0,1980-01-06T03:28:53,1633358777.2458959,2021-10-04T17:46:17
315966541,255518,1740035,0.0018310546875,6.808000087738037,48,10,0,1980-01-06T03:29:01,1633358783.6154199,2021-10-04T17:46:23
315966548,575984,1747356,0.00457763671875,6.835999965667725,110,10,0,1980-01-06T03:29:08,1633358790.535229,2021-10-04T17:46:30
315966555,826924,1754606,nan,nan,172,10,0,1980-01-06T03:29:15,1633358796.8944159,2021-10-04T17:46:36
315966561,693702,1760473,nan,nan,224,10,0,1980-01-06T03:29:21,1633358803.2141888,2021-10-04T17:46:43
315966568,985837,1767765,0.0018310546875,6.823999881744385,30,10,0,1980-01-06T03:29:28,1633358809.5835729,2021-10-04T17:46:49
315966576,363352,1775143,0.0018310546875,6.9039998054504395,98,10,0,1980-01-06T03:29:36,1633358816.523236,2021-10-04T17:46:56
315966583,693563,1782473,0.0018310546875,6.76800012588501,160,10,0,1980-01-06T03:29:43,1633358825.6438448,2021-10-04T17:47:05
315966591,43396,1789823,0.003662109375,6.776000022888184,222,10,0,1980-01-06T03:29:51,1633358832.6124048,2021-10-04T17:47:12
315966596,913221,1795693,0.0018310546875,7.0279998779296875,18,10,0,1980-01-06T03:29:56,1633358838.942432,2021-10-04T17:47:18
315966604,213338,1802993,0.0018310546875,6.808000087738037,80,10,0,1980-01-06T03:30:04,1633358845.871625,2021-10-04T17:47:25
315966610,23361,1808803,0.0018310546875,6.9120001792907715,132,10,0,1980-01-06T03:30:10,1633358852.2311409,2021-10-04T17:47:32
315966617,406085,1816186,0.00274658203125,6.992000102996826,194,10,0,1980-01-06T03:30:17,1633358859.120736,2021-10-04T17:47:39
315966624,593360,1823373,0.00457763671875,6.763999938964844,6,10,0,1980-01-06T03:30:24,1633358865.4902608,2021-10-04T17:47:45
315966630,393687,1829173,nan,nan,52,10,0,1980-01-06T03:30:30,1633358871.890261,2021-10-04T17:47:51
315966636,303327,1835083,0.003662109375,6.875999927520752,104,10,0,1980-01-06T03:30:36,1633358878.280529,2021-10-04T17:47:58
315966643,625996,1842406,0.003662109375,6.828000068664551,166,10,0,1980-01-06T03:30:43,1633358885.2397718,2021-10-04T17:48:05
315966651,25483,1849805,0.0018310546875,6.763999938964844,234,10,0,1980-01-06T03:30:51,1633358891.588768,2021-10-04T17:48:11
315966658,355987,1857136,0.003662109375,6.4720001220703125,40,10,0,1980-01-06T03:30:58,1633358898.5388129,2021-10-04T17:48:18
315966664,154037,1862934,nan,nan,92,10,0,1980-01-06T03:31:04,1633358904.928156,2021-10-04T17:48:24
315966671,536004,1870316,0.0018310546875,6.624000072479248,154,10,0,1980-01-06T03:31:11,1633358914.700584,2021-10-04T17:48:34
315966677,336606,1876116,nan,nan,206,10,0,1980-01-06T03:31:17,1633358921.008348,2021-10-04T17:48:41
315966684,603412,1883383,0.0018310546875,6.739999771118164,12,10,0,1980-01-06T03:31:24,1633358927.990108,2021-10-04T17:48:47
315966691,953376,1890733,0.0018310546875,6.607999801635742,74,10,0,1980-01-06T03:31:31,1633358934.356765,2021-10-04T17:48:54
315966699,314236,1898056,0.003662109375,6.611999988555908,142,10,0,1980-01-06T03:31:39,1633358941.288029,2021-10-04T17:49:01
315966705,174782,1903916,nan,nan,194,10,0,1980-01-06T03:31:45,1633358947.626529,2021-10-04T17:49:07
315966712,541495,1911283,0.00274658203125,6.455999851226807,0,10,0,1980-01-06T03:31:52,1633358953.99684,2021-10-04T17:49:13
315966718,311507,1917053,0.003662109375,6.452000141143799,52,10,0,1980-01-06T03:31:58,1633358960.335608,2021-10-04T17:49:20
315966725,577715,1924319,nan,nan,114,10,0,1980-01-06T03:32:05,1633358967.325477,2021-10-04T17:49:27
315966732,861504,1931603,nan,nan,176,10,0,1980-01-06T03:32:12,1633358975.614825,2021-10-04T17:49:35
315966741,674854,1940416,0.00274658203125,6.736000061035156,254,10,0,1980-01-06T03:32:21,1633358982.5345519,2021-10-04T17:49:42
315966747,451504,1946193,0.003662109375,6.73199987411499,50,10,0,1980-01-06T03:32:27,1633358988.907181,2021-10-04T17:49:48
315966754,723734,1953465,0.0018310546875,6.639999866485596,112,10,0,1980-01-06T03:32:34,1633358995.8937519,2021-10-04T17:49:55
315966761,971522,1960713,0.00274658203125,6.708000183105469,174,10,0,1980-01-06T03:32:41,1633359002.823828,2021-10-04T17:50:02
315966769,182121,1967924,nan,nan,236,10,0,1980-01-06T03:32:49,1633359012.0037558,2021-10-04T17:50:12
315966775,54142,1973796,0.0018310546875,6.6519999504089355,32,10,0,1980-01-06T03:32:55,1633359015.62286,2021-10-04T17:50:15
315966782,382083,1981123,nan,nan,100,10,0,1980-01-06T03:33:02,1633359025.403432,2021-10-04T17:50:25
315966788,221489,1986963,0.0018310546875,6.440000057220459,146,10,0,1980-01-06T03:33:08,1633359031.173424,2021-10-04T17:50:31
315966795,481512,1994223,0.0018310546875,6.455999851226807,214,10,0,1980-01-06T03:33:15,1633359038.1219919,2021-10-04T17:50:38
315966802,933314,2001583,0.0018310546875,6.539999961853027,20,10,0,1980-01-06T03:33:22,1633359044.482245,2021-10-04T17:50:44
315966810,385545,2009035,nan,nan,82,10,0,1980-01-06T03:33:30,1633359051.3420808,2021-10-04T17:50:51
315966816,133670,2014783,nan,nan,134,10,0,1980-01-06T03:33:36,1633359057.661121,2021-10-04T17:50:57
315966823,413720,2022063,nan,nan,196,10,0,1980-01-06T03:33:43,1633359064.61344,2021-10-04T17:51:04
315966829,245232,2027895,0.00274658203125,6.311999797821045,248,10,0,1980-01-06T03:33:49,1633359070.980921,2021-10-04T17:51:10
315966836,433346,2035083,0.00274658203125,6.388000011444092,54,10,0,1980-01-06T03:33:56,1633359077.9107568,2021-10-04T17:51:17
315966842,293201,2040943,0.00274658203125,6.4120001792907715,106,10,0,1980-01-06T03:34:02,1633359084.2707288,2021-10-04T17:51:24
315966851,193338,2049843,0.00274658203125,6.420000076293945,184,10,0,1980-01-06T03:34:11,1633359091.8700929,2021-10-04T17:51:31
315966856,986010,2055636,0.003662109375,6.432000160217285,236,10,0,1980-01-06T03:34:16,1633359097.6114929,2021-10-04T17:51:37
315966864,263902,2062913,nan,nan,42,10,0,1980-01-06T03:34:24,1633359104.559644,2021-10-04T17:51:44
315966870,133350,2068783,0.003662109375,6.415999889373779,94,10,0,1980-01-06T03:34:30,1633359112.779204,2021-10-04T17:51:52
315966880,256312,2078906,0.0018310546875,6.676000118255615,182,10,0,1980-01-06T03:34:40,1633359122.4592369,2021-10-04T17:52:02
315966886,143688,2084793,nan,nan,234,10,0,1980-01-06T03:34:46,1633359128.199316,2021-10-04T17:52:08
315966893,346170,2091996,nan,nan,40,10,0,1980-01-06T03:34:53,1633359135.138556,2021-10-04T17:52:15
315966899,340521,2097963,0.0018310546875,6.228000164031982,92,10,0,1980-01-06T03:34:59,1633359143.3980439,2021-10-04T17:52:23
315966909,463270,2108086,0.00274658203125,6.184000015258789,180,10,0,1980-01-06T03:35:09,1633359150.9080079,2021-10-04T17:52:30
315966915,320524,2113943,0.003662109375,6.164000034332275,226,10,0,1980-01-06T03:35:15,1633359156.627629,2021-10-04T17:52:36
315966922,592954,2121215,0.0018310546875,6.383999824523926,38,10,0,1980-01-06T03:35:22,1633359163.577548,2021-10-04T17:52:43
315966928,363154,2126985,nan,nan,84,10,0,1980-01-06T03:35:28,1633359169.9872608,2021-10-04T17:52:49
315966935,600681,2134223,0.003662109375,6.144000053405762,152,10,0,1980-01-06T03:35:35,1633359176.937041,2021-10-04T17:52:56
315966943,638,2141623,0.0018310546875,6.300000190734863,214,10,0,1980-01-06T03:35:43,1633359183.286916,2021-10-04T17:53:03
315966950,250772,2148873,0.003662109375,6.124000072479248,20,10,0,1980-01-06T03:35:50,1633359190.20648,2021-10-04T17:53:10
315966956,142843,2154765,0.0018310546875,6.144000053405762,72,10,0,1980-01-06T03:35:56,1633359196.536733,2021-10-04T17:53:16
315966963,490528,2162113,nan,nan,134,10,0,1980-01-06T03:36:03,1633359203.446557,2021-10-04T17:53:23
315966969,320637,2167943,0.00274658203125,6.283999919891357,186,10,0,1980-01-06T03:36:09,1633359209.796213,2021-10-04T17:53:29
315966976,620528,2175243,0.0018310546875,6.4120001792907715,254,10,0,1980-01-06T03:36:16,1633359218.9262168,2021-10-04T17:53:38
315966982,520532,2181143,0.0018310546875,6.567999839782715,44,10,0,1980-01-06T03:36:22,1633359225.2464318,2021-10-04T17:53:45
315966989,711001,2188333,nan,nan,112,10,0,1980-01-06T03:36:29,1633359232.177417,2021-10-04T17:53:52
315966996,991237,2195613,nan,nan,174,10,0,1980-01-06T03:36:36,1633359238.5247889,2021-10-04T17:53:58
315967002,980989,2201416,0.0018310546875,6.539999961853027,226,10,0,1980-01-06T03:36:42,1633359245.4247608,2021-10-04T17:54:05
315967010,248243,2208683,0.003662109375,6.423999786376953,32,10,0,1980-01-06T03:36:50,1633359251.7646558,2021-10-04T17:54:11
315967016,130706,2214565,nan,nan,84,10,0,1980-01-06T03:36:56,1633359258.7344809,2021-10-04T17:54:18
315967023,318219,2221753,0.003662109375,5.960000038146973,146,10,0,1980-01-06T03:37:03,1633359265.074324,2021-10-04T17:54:25
315967030,611421,2229046,0.0018310546875,6.171999931335449,208,10,0,1980-01-06T03:37:10,1633359272.044008,2021-10-04T17:54:32
315967037,838469,2236273,nan,nan,14,10,0,1980-01-06T03:37:17,1633359278.383493,2021-10-04T17:54:38
315967045,140354,2243575,0.00274658203125,6.251999855041504,82,10,0,1980-01-06T03:37:25,1633359285.3335478,2021-10-04T17:54:45
315967051,20963,2249456,0.00274658203125,6.188000202178955,128,10,0,1980-01-06T03:37:31,1633359291.643493,2021-10-04T17:54:51
315967058,290925,2256726,0.003662109375,6.0279998779296875,196,10,0,1980-01-06T03:37:38,1633359298.6131248,2021-10-04T17:54:58
315967064,150433,2262585,0.0018310546875,6.156000137329102,242,10,0,1980-01-06T03:37:44,1633359304.943245,2021-10-04T17:55:04
315967072,790877,2271226,0.0018310546875,6.28000020980835,64,10,0,1980-01-06T03:37:52,1633359314.0534399,2021-10-04T17:55:14
315967078,668803,2277103,nan,nan,116,10,0,1980-01-06T03:37:58,1633359320.3549209,2021-10-04T17:55:20
315967085,948566,2284383,nan,nan,178,10,0,1980-01-06T03:38:05,1633359327.325309,2021-10-04T17:55:27
315967091,758257,2290193,0.0018310546875,6.460000038146973,230,10,0,1980-01-06T03:38:11,1633359333.692564,2021-10-04T17:55:33
315967099,230869,2297666,0.0018310546875,6.168000221252441,36,10,0,1980-01-06T03:38:19,1633359340.592645,2021-10-04T17:55:40
315967105,75509,2303395,nan,nan,88,10,0,1980-01-06T03:38:25,1633359346.971585,2021-10-04T17:55:46
315967112,453408,2310773,0.003662109375,6.320000171661377,156,10,0,1980-01-06T03:38:32,1633359353.2516558,2021-10-04T17:55:53
315967119,763401,2318083,0.003662109375,6.156000137329102,218,10,0,1980-01-06T03:38:39,1633359360.212072,2021-10-04T17:56:00
315967127,183437,2325503,0.0018310546875,6.303999900817871,24,10,0,1980-01-06T03:38:47,1633359367.121748,2021-10-04T17:56:07
315967133,26052,2331346,0.00274658203125,6.315999984741211,76,10,0,1980-01-06T03:38:53,1633359373.450996,2021-10-04T17:56:13
315967140,333548,2338653,0.0018310546875,5.915999889373779,138,10,0,1980-01-06T03:39:00,1633359380.350893,2021-10-04T17:56:20
315967146,156271,2344476,0.0018310546875,5.883999824523926,190,10,0,1980-01-06T03:39:06,1633359386.6609209,2021-10-04T17:56:26
315967153,426050,2351746,0.00274658203125,5.888000011444092,252,10,0,1980-01-06T03:39:13,1633359393.690441,2021-10-04T17:56:33
315967159,345556,2357665,0.00274658203125,6.1479997634887695,48,10,0,1980-01-06T03:39:19,1633359400.001917,2021-10-04T17:56:40
315967166,673554,2364993,0.0018310546875,6.199999809265137,110,10,0,1980-01-06T03:39:26,1633359409.1110969,2021-10-04T17:56:49
315967172,573419,2370893,0.0018310546875,5.9679999351501465,162,10,0,1980-01-06T03:39:32,1633359412.679816,2021-10-04T17:56:52
315967179,833419,2378153,nan,nan,230,10,0,1980-01-06T03:39:39,1633359422.350389,2021-10-04T17:57:02
315967185,753445,2384073,0.0018310546875,6.184000015258789,20,10,0,1980-01-06T03:39:45,1633359428.7499049,2021-10-04T17:57:08
315967192,967396,2391287,nan,nan,88,10,0,1980-01-06T03:39:52,1633359435.159777,2021-10-04T17:57:15
315967200,215630,2398535,nan,nan,150,10,0,1980-01-06T03:40:00,1633359441.499632,2021-10-04T17:57:21
315967214,990643,2413184,nan,nan,18,10,0,1980-01-06T03:40:14,1633359455.388888,2021-10-04T17:57:35
315967222,420078,2420613,0.0018310546875,6.323999881744385,86,10,0,1980-01-06T03:40:22,1633359462.3387759,2021-10-04T17:57:42
315967228,159860,2426353,0.0018310546875,6.343999862670898,138,10,0,1980-01-06T03:40:28,1633359468.738848,2021-10-04T17:57:48
315967235,432528,2433626,0.00457763671875,6.0879998207092285,200,10,0,1980-01-06T03:40:35,1633359475.7385728,2021-10-04T17:57:55
315967241,339739,2439533,0.00457763671875,6.059999942779541,252,10,0,1980-01-06T03:40:41,1633359482.058236,2021-10-04T17:58:02
315967248,679750,2446873,0.00274658203125,6.236000061035156,58,10,0,1980-01-06T03:40:48,1633359488.3781369,2021-10-04T17:58:08
315967256,79739,2454273,0.0018310546875,6.372000217437744,120,10,0,1980-01-06T03:40:56,1633359495.319005,2021-10-04T17:58:15
315967261,932684,2460126,0.0018310546875,6.203999996185303,172,10,0,1980-01-06T03:41:01,1633359501.657876,2021-10-04T17:58:21
315967267,833278,2466026,nan,nan,224,10,0,1980-01-06T03:41:07,1633359507.967936,2021-10-04T17:58:27
315967275,72569,2473266,0.0018310546875,6.3480000495910645,30,10,0,1980-01-06T03:41:15,1633359517.068193,2021-10-04T17:58:37
315967282,332489,2480526,0.0018310546875,6.184000015258789,92,10,0,1980-01-06T03:41:22,1633359523.438297,2021-10-04T17:58:43
315967289,589881,2487783,0.003662109375,5.668000221252441,160,10,0,1980-01-06T03:41:29,1633359530.3380358,2021-10-04T17:58:50
315967296,840536,2495034,nan,nan,222,10,0,1980-01-06T03:41:36,1633359537.2577848,2021-10-04T17:58:57
315967302,680196,2500873,nan,nan,18,10,0,1980-01-06T03:41:42,1633359544.216948,2021-10-04T17:59:04
315967308,529861,2506723,0.003662109375,5.78000020980835,64,10,0,1980-01-06T03:41:48,1633359550.027184,2021-10-04T17:59:10
315967315,923011,2514116,nan,nan,132,10,0,1980-01-06T03:41:55,1633359557.516716,2021-10-04T17:59:17
315967321,762496,2519956,0.003662109375,5.97599983215332,184,10,0,1980-01-06T03:42:01,1633359563.308797,2021-10-04T17:59:23
315967329,122200,2527315,0.0018310546875,5.895999908447266,246,10,0,1980-01-06T03:42:09,1633359570.867981,2021-10-04T17:59:30
315967336,342493,2534536,0.00274658203125,5.952000141143799,52,10,0,1980-01-06T03:42:16,1633359576.6093569,2021-10-04T17:59:36
315967343,501763,2541695,0.00274658203125,5.960000038146973,114,10,0,1980-01-06T03:42:23,1633359583.5364408,2021-10-04T17:59:43
315967349,322497,2547516,0.00274658203125,5.9079999923706055,166,10,0,1980-01-06T03:42:29,1633359589.866044,2021-10-04T17:59:49
315967356,669735,2554863,0.003662109375,5.78000020980835,228,10,0,1980-01-06T03:42:36,1633359596.8267,2021-10-04T17:59:56
315967363,920214,2562113,nan,nan,40,10,0,1980-01-06T03:42:43,1633359603.215749,2021-10-04T18:00:03
315967371,252496,2569446,0.0018310546875,6.131999969482422,102,10,0,1980-01-06T03:42:51,1633359612.2866728,2021-10-04T18:00:12
315967377,143119,2575336,nan,nan,154,10,0,1980-01-06T03:42:57,1633359618.576385,2021-10-04T18:00:18
315967384,482496,2582676,0.00274658203125,6.283999919891357,216,10,0,1980-01-06T03:43:04,1633359625.5558689,2021-10-04T18:00:25
315967390,389850,2588583,0.0018310546875,6.300000190734863,12,10,0,1980-01-06T03:43:10,1633359631.875229,2021-10-04T18:00:31
315967397,910662,2595865,0.0018310546875,6.052000045776367,74,10,0,1980-01-06T03:43:17,1633359638.765421,2021-10-04T18:00:38
315967403,738954,2601693,nan,nan,126,10,0,1980-01-06T03:43:23,1633359645.12556,2021-10-04T18:00:45
315967411,150934,2609105,0.0018310546875,6.1519999504089355,188,10,0,1980-01-06T03:43:31,1633359652.0751488,2021-10-04T18:00:52
315967418,359039,2616313,nan,nan,250,10,0,1980-01-06T03:43:38,1633359658.384744,2021-10-04T18:00:58
315967425,629129,2623583,nan,nan,62,10,0,1980-01-06T03:43:45,1633359665.274556,2021-10-04T18:01:05
315967431,568759,2629523,0.003662109375,6.139999866485596,114,10,0,1980-01-06T03:43:51,1633359671.594672,2021-10-04T18:01:11
315967438,931722,2636886,nan,nan,176,10,0,1980-01-06T03:43:58,1633359678.5346918,2021-10-04T18:01:18
315967444,801368,2642756,0.00274658203125,5.515999794006348,228,10,0,1980-01-06T03:44:04,1633359684.814697,2021-10-04T18:01:24
315967452,158618,2650113,nan,5.815999984741211,34,10,0,1980-01-06T03:44:12,1633359691.8241,2021-10-04T18:01:31
315967458,11401,2655966,0.00274658203125,5.920000076293945,86,10,0,1980-01-06T03:44:18,1633359698.133957,2021-10-04T18:01:38
315967465,268756,2663223,0.0018310546875,6.0320000648498535,148,10,0,1980-01-06T03:44:25,1633359707.3144,2021-10-04T18:01:47
315967471,181622,2669136,nan,nan,200,10,0,1980-01-06T03:44:31,1633359710.8237169,2021-10-04T18:01:50
315967479,891363,2677846,0.003662109375,5.9039998054504395,22,10,0,1980-01-06T03:44:39,1633359720.5344489,2021-10-04T18:02:00
315967485,728820,2683683,0.0018310546875,6.039999961853027,74,10,0,1980-01-06T03:44:45,1633359726.884141,2021-10-04T18:02:06
315967492,920703,2690875,0.0018310546875,5.880000114440918,136,10,0,1980-01-06T03:44:52,1633359733.793629,2021-10-04T18:02:13
315967498,855977,2696693,0.0018310546875,5.796000003814697,188,10,0,1980-01-06T03:44:58,1633359740.114153,2021-10-04T18:02:20
315967506,257500,2704095,0.0018310546875,6.191999912261963,250,10,0,1980-01-06T03:45:06,1633359746.9829159,2021-10-04T18:02:26
315967513,425258,2711263,0.00274658203125,6.116000175476074,56,10,0,1980-01-06T03:45:13,1633359753.3532078,2021-10-04T18:02:33
315967520,838008,2718676,0.003662109375,6.059999942779541,118,10,0,1980-01-06T03:45:20,1633359760.313016,2021-10-04T18:02:40
315967526,698008,2724536,0.003662109375,6.0920000076293945,170,10,0,1980-01-06T03:45:26,1633359766.682621,2021-10-04T18:02:46
315967534,38718,2731876,0.0018310546875,6.124000072479248,238,10,0,1980-01-06T03:45:34,1633359773.672605,2021-10-04T18:02:53
315967539,968013,2737806,0.00274658203125,5.9720001220703125,28,10,0,1980-01-06T03:45:39,1633359779.972776,2021-10-04T18:02:59
315967547,225354,2745063,0.003662109375,5.935999870300293,96,10,0,1980-01-06T03:45:47,1633359786.992573,2021-10-04T18:03:06
315967553,137493,2750975,0.0018310546875,6.111999988555908,148,10,0,1980-01-06T03:45:53,1633359792.732084,2021-10-04T18:03:12
315967560,478011,2758316,0.0018310546875,6.260000228881836,210,10,0,1980-01-06T03:46:00,1633359802.3828318,2021-10-04T18:03:22
315967567,745397,2765583,0.0018310546875,6.099999904632568,16,10,0,1980-01-06T03:46:07,1633359808.743396,2021-10-04T18:03:28
315967575,55396,2772893,0.003662109375,6.196000099182129,84,10,0,1980-01-06T03:46:15,1633359815.6522279,2021-10-04T18:03:35
315967580,878328,2778716,0.0018310546875,6.25600004196167,130,10,0,1980-01-06T03:46:20,1633359821.9824,2021-10-04T18:03:41
315967588,137291,2785975,0.0018310546875,5.955999851226807,198,10,0,1980-01-06T03:46:28,1633359828.952724,2021-10-04T18:03:48
315967593,976106,2791814,0.0018310546875,6.0920000076293945,244,10,0,1980-01-06T03:46:33,1633359835.2515888,2021-10-04T18:03:55
315967601,384012,2799136,0.00274658203125,5.627999782562256,56,10,0,1980-01-06T03:46:41,1633359842.15188,2021-10-04T18:04:02
315967607,223482,2804975,0.0018310546875,5.955999851226807,102,10,0,1980-01-06T03:46:47,1633359847.871408,2021-10-04T18:04:07
315967614,533870,2812286,0.003662109375,5.664000034332275,170,10,0,1980-01-06T03:46:54,1633359854.811153,2021-10-04T18:04:14
315967620,453408,2818205,nan,nan,222,10,0,1980-01-06T03:47:00,1633359861.1413329,2021-10-04T18:04:21
315967627,632421,2825384,nan,nan,28,10,0,1980-01-06T03:47:07,1633359868.011209,2021-10-04T18:04:28
315967633,483874,2831236,0.003662109375,5.699999809265137,80,10,0,1980-01-06T03:47:13,1633359874.34114,2021-10-04T18:04:34
315967640,844344,2838596,nan,nan,142,10,0,1980-01-06T03:47:20,1633359881.201076,2021-10-04T18:04:41
315967648,191914,2845944,nan,nan,204,10,0,1980-01-06T03:47:28,1633359887.530752,2021-10-04T18:04:47
315967655,471277,2853223,0.0018310546875,6.007999897003174,10,10,0,1980-01-06T03:47:35,1633359897.261277,2021-10-04T18:04:57
315967661,344108,2859096,nan,nan,62,10,0,1980-01-06T03:47:41,1633359903.6209638,2021-10-04T18:05:03
315967668,634533,2866386,nan,nan,130,10,0,1980-01-06T03:47:48,1633359909.961717,2021-10-04T18:05:09
315967674,531124,2872283,nan,6.203999996185303,176,10,0,1980-01-06T03:47:54,1633359916.810837,2021-10-04T18:05:16
315967681,901250,2879653,0.0018310546875,6.059999942779541,244,10,0,1980-01-06T03:48:01,1633359923.170008,2021-10-04T18:05:23
315967689,111632,2886863,0.003662109375,5.9120001792907715,50,10,0,1980-01-06T03:48:09,1633359929.500149,2021-10-04T18:05:29
315967696,451227,2894203,nan,nan,112,10,0,1980-01-06T03:48:16,1633359936.391932,2021-10-04T18:05:36
315967702,263097,2900016,0.00274658203125,6.0960001945495605,164,10,0,1980-01-06T03:48:22,1633359942.739933,2021-10-04T18:05:42
315967709,590235,2907343,0.0018310546875,6.044000148773193,226,10,0,1980-01-06T03:48:29,1633359949.651636,2021-10-04T18:05:49
315967715,380915,2913134,nan,nan,22,10,0,1980-01-06T03:48:35,1633359956.0002248,2021-10-04T18:05:56
315967722,812347,2920565,0.003662109375,6.1519999504089355,84,10,0,1980-01-06T03:48:42,1633359962.9593399,2021-10-04T18:06:02
315967728,602539,2926355,0.0018310546875,6.035999774932861,136,10,0,1980-01-06T03:48:48,1633359969.359297,2021-10-04T18:06:09
315967735,850247,2933603,nan,nan,198,10,0,1980-01-06T03:48:55,1633359976.249692,2021-10-04T18:06:16
315967743,130563,2940883,nan,nan,10,10,0,1980-01-06T03:49:03,1633359982.60934,2021-10-04T18:06:22
315967750,461342,2948214,nan,nan,72,10,0,1980-01-06T03:49:10,1633359989.60922,2021-10-04T18:06:29
315967756,260503,2954013,nan,nan,124,10,0,1980-01-06T03:49:16,1633359995.948932,2021-10-04T18:06:35
315967763,520230,2961273,0.0018310546875,6.179999828338623,186,10,0,1980-01-06T03:49:23,1633360005.0998008,2021-10-04T18:06:45
315967770,810552,2968563,0.0018310546875,6.039999961853027,248,10,0,1980-01-06T03:49:30,1633360011.439604,2021-10-04T18:06:51
315967778,60674,2975813,0.003662109375,6.079999923706055,54,10,0,1980-01-06T03:49:38,1633360018.369001,2021-10-04T18:06:58
315967784,20235,2981773,0.0018310546875,6.21999979019165,106,10,0,1980-01-06T03:49:44,1633360024.738808,2021-10-04T18:07:04
315967791,270243,2989023,nan,nan,174,10,0,1980-01-06T03:49:51,1633360031.668808,2021-10-04T18:07:11
315967797,100243,2994853,0.003662109375,5.9079999923706055,220,10,0,1980-01-06T03:49:57,1633360037.990149,2021-10-04T18:07:17
315967804,459605,3002033,0.0018310546875,6.1519999504089355,26,10,0,1980-01-06T03:50:04,1633360044.928541,2021-10-04T18:07:24
315967810,302299,3007876,nan,nan,78,10,0,1980-01-06T03:50:10,1633360051.278216,2021-10-04T18:07:31
315967817,691554,3015265,0.00274658203125,6.015999794006348,146,10,0,1980-01-06T03:50:17,1633360058.1686199,2021-10-04T18:07:38
315967825,166,3022574,nan,nan,208,10,0,1980-01-06T03:50:25,1633360064.4881759,2021-10-04T18:07:44
315967832,349440,3029923,nan,nan,14,10,0,1980-01-06T03:50:32,1633360071.3779569,2021-10-04T18:07:51
315967838,212073,3035786,0.003662109375,6.0879998207092285,66,10,0,1980-01-06T03:50:38,1633360077.7179,2021-10-04T18:07:57
315967845,569733,3043143,nan,nan,128,10,0,1980-01-06T03:50:45,1633360084.689697,2021-10-04T18:08:04
315967851,529450,3049103,0.003662109375,6.079999923706055,180,10,0,1980-01-06T03:50:51,1633360091.0380719,2021-10-04T18:08:11
315967858,770066,3056344,nan,nan,242,10,0,1980-01-06T03:50:58,1633360100.1285288,2021-10-04T18:08:20
315967866,69428,3063643,0.0018310546875,6.059999942779541,54,10,0,1980-01-06T03:51:06,1633360106.508436,2021-10-04T18:08:26
315967873,309423,3070883,0.00274658203125,6.079999923706055,116,10,0,1980-01-06T03:51:13,1633360113.417644,2021-10-04T18:08:33
315967877,589929,3075163,nan,nan,152,10,0,1980-01-06T03:51:17,1633360119.1676528,2021-10-04T18:08:39
315967884,789314,3082363,nan,6.228000164031982,214,10,0,1980-01-06T03:51:24,1633360126.0277169,2021-10-04T18:08:46
315967892,92091,3089666,0.003662109375,5.923999786376953,26,10,0,1980-01-06T03:51:32,1633360132.3796718,2021-10-04T18:08:52
315967899,391611,3096965,0.003662109375,6.164000034332275,88,10,0,1980-01-06T03:51:39,1633360139.3375049,2021-10-04T18:08:59
315967905,300828,3102853,0.0018310546875,6.139999866485596,140,10,0,1980-01-06T03:51:45,1633360145.618109,2021-10-04T18:09:05
315967912,632970,3110185,0.0018310546875,5.964000225067139,202,10,0,1980-01-06T03:51:52,1633360153.13674,2021-10-04T18:09:13
315967920,750,3117553,0.003662109375,5.535999774932861,8,10,0,1980-01-06T03:52:00,1633360159.5373359,2021-10-04T18:09:19
315967925,882955,3123435,0.0018310546875,5.636000156402588,60,10,0,1980-01-06T03:52:05,1633360166.466568,2021-10-04T18:09:26
315967933,213503,3130766,0.003662109375,5.872000217437744,122,10,0,1980-01-06T03:52:13,1633360172.806452,2021-10-04T18:09:32
315967938,933512,3136486,0.003662109375,6.056000232696533,174,10,0,1980-01-06T03:52:18,1633360179.666745,2021-10-04T18:09:39
315967946,261220,3143813,nan,nan,242,10,0,1980-01-06T03:52:26,1633360185.996477,2021-10-04T18:09:45
315967953,651874,3151204,0.0018310546875,6.039999961853027,48,10,0,1980-01-06T03:52:33,1633360192.326305,2021-10-04T18:09:52
315967959,613519,3157166,0.0018310546875,6.184000015258789,100,10,0,1980-01-06T03:52:39,1633360201.401576,2021-10-04T18:10:01
315967966,910849,3164463,0.0018310546875,6.211999893188477,162,10,0,1980-01-06T03:52:46,1633360207.687016,2021-10-04T18:10:07
315967972,790848,3170343,0.0018310546875,6.216000080108643,214,10,0,1980-01-06T03:52:52,1633360214.0367289,2021-10-04T18:10:14
315967980,243520,3177796,0.0018310546875,6.047999858856201,20,10,0,1980-01-06T03:53:00,1633360220.9273648,2021-10-04T18:10:20
315967986,93510,3183646,0.0018310546875,6.211999893188477,72,10,0,1980-01-06T03:53:06,1633360227.315768,2021-10-04T18:10:27
315967993,410849,3190963,0.003662109375,6.0879998207092285,134,10,0,1980-01-06T03:53:13,1633360234.195653,2021-10-04T18:10:34
315968000,790884,3198343,0.003662109375,6.0279998779296875,202,10,0,1980-01-06T03:53:20,1633360240.4862409,2021-10-04T18:10:40
315968006,701297,3204163,0.003662109375,5.9079999923706055,248,10,0,1980-01-06T03:53:26,1633360247.975689,2021-10-04T18:10:47
315968014,24039,3211486,0.0018310546875,6.127999782562256,60,10,0,1980-01-06T03:53:34,1633360254.305728,2021-10-04T18:10:54
315968021,413439,3218875,0.0018310546875,6.067999839782715,122,10,0,1980-01-06T03:53:41,1633360260.656049,2021-10-04T18:11:00
315968027,221299,3224683,0.0018310546875,6.02400016784668,174,10,0,1980-01-06T03:53:47,1633360266.955669,2021-10-04T18:11:06
315968034,501306,3231963,nan,nan,236,10,0,1980-01-06T03:53:54,1633360273.915185,2021-10-04T18:11:13
315968040,343994,3237806,0.0018310546875,6.064000129699707,32,10,0,1980-01-06T03:54:00,1633360280.2765799,2021-10-04T18:11:20
315968047,624133,3245086,nan,nan,94,10,0,1980-01-06T03:54:07,1633360287.24494,2021-10-04T18:11:27
315968054,881598,3252343,0.0018310546875,6.0279998779296875,156,10,0,1980-01-06T03:54:14,1633360293.574813,2021-10-04T18:11:33
315968062,63936,3259526,0.0018310546875,6.199999809265137,224,10,0,1980-01-06T03:54:22,1633360302.7154129,2021-10-04T18:11:42
315968067,871196,3265333,0.0018310546875,6.199999809265137,14,10,0,1980-01-06T03:54:27,1633360309.075105,2021-10-04T18:11:49
315968075,123933,3272586,0.0018310546875,6.035999774932861,82,10,0,1980-01-06T03:54:35,1633360315.9750519,2021-10-04T18:11:55
315968081,51179,3278513,0.0018310546875,5.343999862670898,128,10,0,1980-01-06T03:54:41,1633360322.2948809,2021-10-04T18:12:02
315968088,314857,3285776,0.00274658203125,5.684000015258789,196,10,0,1980-01-06T03:54:48,1633360329.1862159,2021-10-04T18:12:09
315968095,719023,3293181,nan,nan,2,10,0,1980-01-06T03:54:55,1633360336.185492,2021-10-04T18:12:16
315968103,93197,3300426,0.00274658203125,5.875999927520752,64,10,0,1980-01-06T03:55:03,1633360342.5941758,2021-10-04T18:12:22
315968108,970452,3306303,0.00274658203125,6.047999858856201,116,10,0,1980-01-06T03:55:08,1633360348.9041479,2021-10-04T18:12:28
315968116,290334,3313623,0.003662109375,6.156000137329102,178,10,0,1980-01-06T03:55:16,1633360355.8041089,2021-10-04T18:12:35
315968122,140471,3319473,0.00274658203125,5.895999908447266,230,10,0,1980-01-06T03:55:22,1633360362.214164,2021-10-04T18:12:42
315968129,482768,3326815,0.0018310546875,5.98799991607666,36,10,0,1980-01-06T03:55:29,1633360369.134265,2021-10-04T18:12:49
315968136,690475,3334023,0.003662109375,6.064000129699707,104,10,0,1980-01-06T03:55:36,1633360375.434085,2021-10-04T18:12:55
315968144,40460,3341373,0.0018310546875,6.203999996185303,166,10,0,1980-01-06T03:55:44,1633360382.35408,2021-10-04T18:13:02
315968148,422763,3345755,0.00274658203125,6.01200008392334,202,10,0,1980-01-06T03:55:48,1633360388.063561,2021-10-04T18:13:08
315968163,438,3360333,0.0018310546875,6.199999809265137,76,10,0,1980-01-06T03:56:03,1633360403.263772,2021-10-04T18:13:23
315968171,680461,3369013,nan,nan,148,10,0,1980-01-06T03:56:11,1633360412.963376,2021-10-04T18:13:32
315968177,603224,3374936,0.0018310546875,6.039999961853027,200,10,0,1980-01-06T03:56:17,1633360418.676216,2021-10-04T18:13:38
315968186,330452,3383663,0.003662109375,6.072000026702881,22,10,0,1980-01-06T03:56:26,1633360426.254516,2021-10-04T18:13:46
315968192,210476,3389543,0.00274658203125,6.076000213623047,74,10,0,1980-01-06T03:56:32,1633360432.513293,2021-10-04T18:13:52
315968199,441112,3396774,0.003662109375,5.915999889373779,136,10,0,1980-01-06T03:56:39,1633360439.412889,2021-10-04T18:13:59
315968205,310474,3402643,0.00274658203125,6.059999942779541,188,10,0,1980-01-06T03:56:45,1633360445.7130249,2021-10-04T18:14:05
315968212,570456,3409903,0.003662109375,6.072000026702881,250,10,0,1980-01-06T03:56:52,1633360452.632853,2021-10-04T18:14:12
315968219,912698,3417245,0.0018310546875,5.992000102996826,56,10,0,1980-01-06T03:56:59,1633360458.9537609,2021-10-04T18:14:18
315968227,220450,3424553,0.003662109375,5.892000198364258,124,10,0,1980-01-06T03:57:07,1633360465.852645,2021-10-04T18:14:25
315968233,92622,3430425,0.003662109375,6.159999847412109,176,10,0,1980-01-06T03:57:13,1633360472.2032409,2021-10-04T18:14:32
315968239,20331,3436353,nan,6.084000110626221,228,10,0,1980-01-06T03:57:19,1633360479.142773,2021-10-04T18:14:39
315968245,20330,3442353,0.003662109375,5.9039998054504395,24,10,0,1980-01-06T03:57:25,1633360485.4423969,2021-10-04T18:14:45
315968252,370449,3449703,0.003662109375,6.064000129699707,86,10,0,1980-01-06T03:57:32,1633360494.5629559,2021-10-04T18:14:54
315968259,670458,3457003,0.0018310546875,5.616000175476074,148,10,0,1980-01-06T03:57:39,1633360498.082617,2021-10-04T18:14:58
315968267,70706,3464403,nan,nan,210,10,0,1980-01-06T03:57:47,1633360507.112776,2021-10-04T18:15:07
315968272,910460,3470243,0.0018310546875,6.01200008392334,6,10,0,1980-01-06T03:57:52,1633360513.4032328,2021-10-04T18:15:13
315968280,160437,3477493,0.0018310546875,6.0879998207092285,68,10,0,1980-01-06T03:58:00,1633360520.932332,2021-10-04T18:15:20
315968287,592607,3484925,0.0018310546875,6.0920000076293945,136,10,0,1980-01-06T03:58:07,1633360527.2622569,2021-10-04T18:15:27
315968294,803955,3492136,nan,nan,198,10,0,1980-01-06T03:58:14,1633360534.2327368,2021-10-04T18:15:34
315968300,928240,3498043,nan,nan,250,10,0,1980-01-06T03:58:20,1633360540.511749,2021-10-04T18:15:40
315968308,258512,3505373,nan,nan,56,10,0,1980-01-06T03:58:28,1633360547.421808,2021-10-04T18:15:47
315968314,148791,3511263,nan,nan,108,10,0,1980-01-06T03:58:34,1633360553.752056,2021-10-04T18:15:53
315968320,40416,3517155,nan,nan,160,10,0,1980-01-06T03:58:40,1633360560.681532,2021-10-04T18:16:00
315968327,248699,3524363,nan,nan,222,10,0,1980-01-06T03:58:47,1633360566.381424,2021-10-04T18:16:06
315968334,468620,3531583,nan,nan,28,10,0,1980-01-06T03:58:54,1633360573.312104,2021-10-04T18:16:13
315968340,328214,3537443,0.00274658203125,6.0920000076293945,80,10,0,1980-01-06T03:59:00,1633360579.641388,2021-10-04T18:16:19
315968347,650496,3544765,0.003662109375,5.9720001220703125,142,10,0,1980-01-06T03:59:07,1633360586.5830839,2021-10-04T18:16:26
315968353,460371,3550575,0.00274658203125,6.1519999504089355,194,10,0,1980-01-06T03:59:13,1633360592.840965,2021-10-04T18:16:32
315968360,738096,3557853,0.0018310546875,6.203999996185303,0,10,0,1980-01-06T03:59:20,1633360601.951628,2021-10-04T18:16:41
315968367,990845,3565106,0.0018310546875,6.211999893188477,68,10,0,1980-01-06T03:59:27,1633360608.8913078,2021-10-04T18:16:48
315968375,261596,3572376,0.0018310546875,6.015999794006348,130,10,0,1980-01-06T03:59:35,1633360615.841104,2021-10-04T18:16:55
315968382,720385,3579835,0.00274658203125,6.168000221252441,192,10,0,1980-01-06T03:59:42,1633360622.1410038,2021-10-04T18:17:02
315968388,458205,3585573,0.0018310546875,6.196000099182129,244,10,0,1980-01-06T03:59:48,1633360629.0507839,2021-10-04T18:17:09
315968394,308219,3591423,0.003662109375,6.171999931335449,40,10,0,1980-01-06T03:59:54,1633360635.4109368,2021-10-04T18:17:15
315968401,867831,3598806,0.0018310546875,6.035999774932861,102,10,0,1980-01-06T04:00:01,1633360642.3804839,2021-10-04T18:17:22
315968409,94352,3606033,0.00274658203125,6.0920000076293945,164,10,0,1980-01-06T04:00:09,1633360648.1110358,2021-10-04T18:17:28
315968416,484347,3613423,0.00274658203125,6.208000183105469,232,10,0,1980-01-06T04:00:16,1633360655.050449,2021-10-04T18:17:35
315968422,404226,3619343,nan,5.935999870300293,22,10,0,1980-01-06T04:00:22,1633360661.340348,2021-10-04T18:17:41
315968429,724222,3626663,nan,6.099999904632568,90,10,0,1980-01-06T04:00:29,1633360668.220489,2021-10-04T18:17:48
315968435,564578,3632503,0.003662109375,5.395999908447266,142,10,0,1980-01-06T04:00:35,1633360674.531128,2021-10-04T18:17:54
315968443,24925,3639963,nan,nan,204,10,0,1980-01-06T04:00:43,1633360681.4201438,2021-10-04T18:18:01
315968448,904229,3645843,0.00274658203125,5.888000011444092,0,10,0,1980-01-06T04:00:48,1633360687.7298849,2021-10-04T18:18:07
315968456,234253,3653173,0.0018310546875,6.196000099182129,62,10,0,1980-01-06T04:00:56,1633360696.8006399,2021-10-04T18:18:16
315968462,14367,3658953,0.0018310546875,6.203999996185303,114,10,0,1980-01-06T04:01:02,1633360703.1400728,2021-10-04T18:18:23
315968469,356979,3666296,0.0018310546875,6.216000080108643,176,10,0,1980-01-06T04:01:09,1633360710.029541,2021-10-04T18:18:30
315968476,614367,3673553,0.0018310546875,5.984000205993652,238,10,0,1980-01-06T04:01:16,1633360716.3898358,2021-10-04T18:18:36
315968484,66457,3681005,0.00274658203125,6.168000221252441,50,10,0,1980-01-06T04:01:24,1633360723.329512,2021-10-04T18:18:43
315968489,826655,3686765,0.00274658203125,6.203999996185303,102,10,0,1980-01-06T04:01:29,1633360729.649633,2021-10-04T18:18:49
315968497,127273,3694066,0.003662109375,5.952000141143799,164,10,0,1980-01-06T04:01:37,1633360736.5794048,2021-10-04T18:18:56
315968503,184409,3699975,nan,nan,216,10,0,1980-01-06T04:01:43,1633360742.8923879,2021-10-04T18:19:02
315968510,522245,3707313,0.00274658203125,6.107999801635742,22,10,0,1980-01-06T04:01:50,1633360749.769196,2021-10-04T18:19:09
315968516,374452,3713165,0.0018310546875,6.223999977111816,74,10,0,1980-01-06T04:01:56,1633360756.0395448,2021-10-04T18:19:16
315968523,662653,3720453,0.00274658203125,5.960000038146973,136,10,0,1980-01-06T04:02:03,1633360762.949185,2021-10-04T18:19:22
315968529,558679,3726349,nan,nan,188,10,0,1980-01-06T04:02:09,1633360769.2324438,2021-10-04T18:19:29
315968536,742283,3733533,0.0018310546875,6.124000072479248,250,10,0,1980-01-06T04:02:16,1633360776.099201,2021-10-04T18:19:36
315968544,22490,3740813,nan,nan,56,10,0,1980-01-06T04:02:24,1633360782.479048,2021-10-04T18:19:42
315968551,345093,3748136,nan,nan,124,10,0,1980-01-06T04:02:31,1633360791.509172,2021-10-04T18:19:51
315968557,252291,3754043,0.0018310546875,6.239999771118164,176,10,0,1980-01-06T04:02:37,1633360797.841225,2021-10-04T18:19:57
315968564,553922,3761345,nan,nan,238,10,0,1980-01-06T04:02:44,1633360804.7487888,2021-10-04T18:20:04
315968571,842156,3768633,0.0018310546875,5.980000019073486,44,10,0,1980-01-06T04:02:51,1633360811.0887249,2021-10-04T18:20:11
315968577,694540,3774485,0.0018310546875,6.099999904632568,96,10,0,1980-01-06T04:02:57,1633360817.968837,2021-10-04T18:20:17
315968585,2281,3781793,0.00274658203125,6.131999969482422,158,10,0,1980-01-06T04:03:05,1633360824.278184,2021-10-04T18:20:24
315968592,212280,3789003,0.0018310546875,6.079999923706055,220,10,0,1980-01-06T04:03:12,1633360831.1688719,2021-10-04T18:20:31
315968596,608296,3793399,0.0018310546875,6.107999801635742,6,10,0,1980-01-06T04:03:16,1633360837.4783049,2021-10-04T18:20:37
315968603,944481,3800706,0.0018310546875,6.119999885559082,68,10,0,1980-01-06T04:03:23,1633360843.798125,2021-10-04T18:20:43
315968611,281774,3808043,0.0018310546875,6.119999885559082,130,10,0,1980-01-06T04:03:31,1633360850.7277489,2021-10-04T18:20:50
315968618,704428,3815466,0.00274658203125,6.0879998207092285,198,10,0,1980-01-06T04:03:38,1633360857.087944,2021-10-04T18:20:57
315968624,561998,3821323,0.0018310546875,5.964000225067139,250,10,0,1980-01-06T04:03:44,1633360863.4983768,2021-10-04T18:21:03
315968631,903884,3828665,0.0018310546875,5.960000038146973,56,10,0,1980-01-06T04:03:51,1633360871.017608,2021-10-04T18:21:11
315968639,121781,3835883,0.0018310546875,6.079999923706055,118,10,0,1980-01-06T04:03:59,1633360877.3876798,2021-10-04T18:21:17
315968646,462020,3843223,0.0018310546875,6.223999977111816,180,10,0,1980-01-06T04:04:06,1633360886.558172,2021-10-04T18:21:26
315968652,331781,3849093,0.0018310546875,6.228000164031982,232,10,0,1980-01-06T04:04:12,1633360892.929301,2021-10-04T18:21:32
315968659,511767,3856273,0.0018310546875,6.079999923706055,38,10,0,1980-01-06T04:04:19,1633360899.847293,2021-10-04T18:21:39
315968666,842657,3863604,0.00640869140625,6.067999839782715,106,10,0,1980-01-06T04:04:26,1633360906.197397,2021-10-04T18:21:46
315968672,684416,3869446,0.0018310546875,6.236000061035156,158,10,0,1980-01-06T04:04:32,1633360913.108088,2021-10-04T18:21:53
315968678,711664,3875473,0.0018310546875,6.079999923706055,210,10,0,1980-01-06T04:04:38,1633360919.48686,2021-10-04T18:21:59
315968686,123927,3882885,0.00640869140625,5.9039998054504395,16,10,0,1980-01-06T04:04:46,1633360926.488916,2021-10-04T18:22:06
315968691,894016,3888655,nan,nan,68,10,0,1980-01-06T04:04:51,1633360932.2874398,2021-10-04T18:22:12
315968699,214766,3895976,0.00274658203125,5.943999767303467,130,10,0,1980-01-06T04:04:59,1633360939.2275279,2021-10-04T18:22:19
315968706,493847,3903256,0.0018310546875,6.044000148773193,192,10,0,1980-01-06T04:05:06,1633360945.636873,2021-10-04T18:22:25
315968713,733785,3910496,0.003662109375,6.107999801635742,254,10,0,1980-01-06T04:05:13,1633360952.576885,2021-10-04T18:22:32
315968721,33481,3917795,0.0018310546875,5.995999813079834,66,10,0,1980-01-06T04:05:21,1633360959.506788,2021-10-04T18:22:39
315968728,383807,3925146,0.0018310546875,6.052000045776367,128,10,0,1980-01-06T04:05:28,1633360966.49698,2021-10-04T18:22:46
315968734,253542,3931015,0.00274658203125,6.064000129699707,180,10,0,1980-01-06T04:05:34,1633360972.2875369,2021-10-04T18:22:52
315968740,23193,3936785,0.0018310546875,6.107999801635742,232,10,0,1980-01-06T04:05:40,1633360982.0277078,2021-10-04T18:23:02
315968747,321725,3944083,nan,nan,38,10,0,1980-01-06T04:05:47,1633360985.606256,2021-10-04T18:23:05
315968754,681541,3951443,nan,nan,100,10,0,1980-01-06T04:05:54,1633360994.7968678,2021-10-04T18:23:14
315968760,574445,3957336,0.0018310546875,6.191999912261963,152,10,0,1980-01-06T04:06:00,1633361001.2175798,2021-10-04T18:23:21
315968767,851035,3964613,0.0018310546875,6.0320000648498535,214,10,0,1980-01-06T04:06:07,1633361008.196349,2021-10-04T18:23:28
315968775,113881,3971876,0.00274658203125,5.688000202178955,20,10,0,1980-01-06T04:06:15,1633361014.6064239,2021-10-04T18:23:34
315968782,423336,3979185,nan,nan,88,10,0,1980-01-06T04:06:22,1633361021.526533,2021-10-04T18:23:41
315968788,291188,3985053,0.00274658203125,6.156000137329102,140,10,0,1980-01-06T04:06:28,1633361027.895716,2021-10-04T18:23:47
315968795,633381,3992395,0.0018310546875,5.895999908447266,202,10,0,1980-01-06T04:06:35,1633361034.865869,2021-10-04T18:23:54
315968801,517162,3998279,0.0018310546875,5.947999954223633,254,10,0,1980-01-06T04:06:41,1633361041.185636,2021-10-04T18:24:01
315968810,456158,4007093,0.00274658203125,5.980000019073486,76,10,0,1980-01-06T04:06:50,1633361048.736224,2021-10-04T18:24:08
315968814,918313,4011555,0.0018310546875,5.9039998054504395,112,10,0,1980-01-06T04:06:54,1633361054.4756238,2021-10-04T18:24:14
315968822,136061,4018773,nan,6.019999980926514,174,10,0,1980-01-06T04:07:02,1633361062.075681,2021-10-04T18:24:22
315968829,576164,4026213,0.00274658203125,5.823999881744385,242,10,0,1980-01-06T04:07:09,1633361067.875725,2021-10-04T18:24:27
315968836,958893,4033596,0.0018310546875,5.960000038146973,48,10,0,1980-01-06T04:07:16,1633361074.905637,2021-10-04T18:24:34
315968842,788510,4039425,0.00274658203125,6.007999897003174,100,10,0,1980-01-06T04:07:22,1633361081.335876,2021-10-04T18:24:41
315968850,8817,4046646,0.0018310546875,6.119999885559082,162,10,0,1980-01-06T04:07:30,1633361090.5867798,2021-10-04T18:24:50
315968857,246186,4053883,0.0018310546875,5.952000141143799,224,10,0,1980-01-06T04:07:37,1633361096.9566488,2021-10-04T18:24:56
315968864,488822,4061126,0.003662109375,6.0320000648498535,30,10,0,1980-01-06T04:07:44,1633361103.9152808,2021-10-04T18:25:03
315968870,316058,4066953,0.0018310546875,6.104000091552734,82,10,0,1980-01-06T04:07:50,1633361110.3071089,2021-10-04T18:25:10
315968877,538918,4074176,0.00457763671875,5.791999816894531,150,10,0,1980-01-06T04:07:57,1633361117.275449,2021-10-04T18:25:17
315968883,448602,4080085,0.0018310546875,6.084000110626221,196,10,0,1980-01-06T04:08:03,1633361123.675485,2021-10-04T18:25:23
315968890,709705,4087346,0.00274658203125,5.964000225067139,8,10,0,1980-01-06T04:08:10,1633361130.6849399,2021-10-04T18:25:30
315968898,48475,4094685,0.0018310546875,5.76800012588501,70,10,0,1980-01-06T04:08:18,1633361137.074693,2021-10-04T18:25:37
315968905,264651,4101954,0.00274658203125,5.935999870300293,132,10,0,1980-01-06T04:08:25,1633361144.124672,2021-10-04T18:25:44
315968911,76900,4107766,0.00274658203125,5.940000057220459,184,10,0,1980-01-06T04:08:31,1633361150.5245888,2021-10-04T18:25:50
315968918,456307,4115145,0.0018310546875,5.823999881744385,246,10,0,1980-01-06T04:08:38,1633361157.4646928,2021-10-04T18:25:57
315968925,786618,4122476,0.00274658203125,5.900000095367432,58,10,0,1980-01-06T04:08:45,1633361163.854828,2021-10-04T18:26:03
315968933,94002,4129783,0.0018310546875,6.035999774932861,120,10,0,1980-01-06T04:08:53,1633361170.804489,2021-10-04T18:26:10
315968938,954038,4135643,0.0018310546875,5.843999862670898,172,10,0,1980-01-06T04:08:58,1633361177.20472,2021-10-04T18:26:17
315968946,246863,4142936,nan,nan,234,10,0,1980-01-06T04:09:06,1633361186.46572,2021-10-04T18:26:26
315968952,164019,4148853,0.0018310546875,6.007999897003174,30,10,0,1980-01-06T04:09:12,1633361192.826289,2021-10-04T18:26:32
315968959,476777,4156166,0.0018310546875,5.828000068664551,92,10,0,1980-01-06T04:09:19,1633361199.8445039,2021-10-04T18:26:39
315968965,314298,4162003,nan,nan,144,10,0,1980-01-06T04:09:25,1633361206.246469,2021-10-04T18:26:46
315968972,586680,4169276,0.0018310546875,5.992000102996826,206,10,0,1980-01-06T04:09:32,1633361212.6142719,2021-10-04T18:26:52
315968979,814009,4176503,0.003662109375,5.6519999504089355,18,10,0,1980-01-06T04:09:39,1633361219.0143409,2021-10-04T18:26:59
315968987,186724,4183876,0.003662109375,5.828000068664551,80,10,0,1980-01-06T04:09:47,1633361226.614076,2021-10-04T18:27:06
315968992,956740,4189646,0.00274658203125,5.464000225067139,132,10,0,1980-01-06T04:09:52,1633361233.024169,2021-10-04T18:27:13
315969000,336175,4197025,0.00274658203125,5.708000183105469,194,10,0,1980-01-06T04:10:00,1633361239.964304,2021-10-04T18:27:19
315969007,704167,4204393,0.003662109375,5.776000022888184,0,10,0,1980-01-06T04:10:07,1633361246.2941968,2021-10-04T18:27:26
315969015,24033,4211713,0.003662109375,5.791999816894531,68,10,0,1980-01-06T04:10:15,1633361253.264361,2021-10-04T18:27:33
315969019,416151,4216105,0.00274658203125,5.52400016784668,104,10,0,1980-01-06T04:10:19,1633361259.6244729,2021-10-04T18:27:39
