time_s,time_us,time_steady,temperature,pressure,humidity,altitude,seq,srcSystem,srcComponent,time_gregorian,log_timestamp,log_timestamp_gregorian
315965014,562200,215152,11.329874590769418,102414.63853867062,63.481523166427976,-90.31253814697266,236,13,1,1980-01-06T03:03:34,1633357257.155241,2021-10-04T17:20:57
315965021,562200,222152,11.217257059882922,101830.78023161388,62.07496447278205,-42.01839065551758,64,13,1,1980-01-06T03:03:41,1633357263.944869,2021-10-04T17:21:03
315965027,562300,228152,11.061496147649654,101303.21565656531,60.937336705870415,1.8140411376953125,135,13,1,1980-01-06T03:03:47,1633357270.745544,2021-10-04T17:21:10
315965035,562200,236152,10.936506937669787,100572.91446031081,60.08976958323438,62.79562759399414,229,13,1,1980-01-06T03:03:55,1633357277.525836,2021-10-04T17:21:17
315965042,562200,243152,10.799463133623817,100069.08691545518,59.651091005546334,105.0765380859375,57,13,1,1980-01-06T03:04:02,1633357284.3654358,2021-10-04T17:21:24
315965056,562200,257152,10.99551197419662,99035.58809498188,58.72614154903972,192.3498992919922,222,13,1,1980-01-06T03:04:16,1633357299.435184,2021-10-04T17:21:39
315965069,562200,270152,10.170396727529532,97992.41121766518,57.94102872546915,281.19384765625,122,13,1,1980-01-06T03:04:29,1633357312.4462929,2021-10-04T17:21:52
315965076,562200,277152,10.094579141828422,97500.05911276116,57.72478605258004,323.39373779296875,204,13,1,1980-01-06T03:04:36,1633357319.235972,2021-10-04T17:21:59
315965082,562200,283152,9.9772047648534,97042.20219050725,57.27663225313519,362.7919006347656,19,13,1,1980-01-06T03:04:42,1633357326.005684,2021-10-04T17:22:06
315965089,562200,290152,9.733891349384157,96491.53973033928,56.31146360649384,410.3763732910156,102,13,1,1980-01-06T03:04:49,1633357332.7959728,2021-10-04T17:22:12
315965097,562200,298152,9.52008063415742,95919.8265270268,55.58978477973036,460.01361083984375,197,13,1,1980-01-06T03:04:57,1633357339.005493,2021-10-04T17:22:19
315965104,562200,305152,9.357343744521154,95390.02967709175,55.715861942417234,506.2289123535156,24,13,1,1980-01-06T03:05:04,1633357345.785497,2021-10-04T17:22:25
315965110,562200,311152,9.190483228767722,94892.66944696593,55.87040284465643,549.8018798828125,95,13,1,1980-01-06T03:05:10,1633357352.025569,2021-10-04T17:22:32
315965117,562200,318152,9.510881074912891,94423.04618461385,56.03233459168309,591.1174926757812,179,13,1,1980-01-06T03:05:17,1633357358.7555249,2021-10-04T17:22:38
315965124,562200,325152,9.363371031394582,93904.3578262929,56.16457324841798,636.9437866210938,6,13,1,1980-01-06T03:05:24,1633357368.1860769,2021-10-04T17:22:48
315965131,562200,332152,8.756203247030863,93241.33239360797,55.807600183863336,695.8223266601562,88,13,1,1980-01-06T03:05:31,1633357374.406164,2021-10-04T17:22:54
315965138,562200,339152,8.530657654503035,92703.53074001444,54.6680860828098,743.8311157226562,173,13,1,1980-01-06T03:05:38,1633357381.2160928,2021-10-04T17:23:01
315965145,562200,346152,8.057997165841176,92146.90390949481,53.18826619885073,793.7586059570312,255,13,1,1980-01-06T03:05:45,1633357387.9561799,2021-10-04T17:23:07
315965151,562200,352152,8.15189461906632,91762.56901831608,52.15259396797657,828.3751220703125,70,13,1,1980-01-06T03:05:51,1633357394.146021,2021-10-04T17:23:14
315965159,562200,360152,7.922226700157466,91122.83707337322,51.135687405950556,886.2584228515625,166,13,1,1980-01-06T03:05:59,1633357400.9659328,2021-10-04T17:23:20
315965166,562200,367152,7.460354899535583,90603.01197229393,50.69255622666674,933.53515625,248,13,1,1980-01-06T03:06:06,1633357407.786581,2021-10-04T17:23:27
315965173,562300,374152,7.754100010240677,90152.07114297523,50.517050537261646,974.7265014648438,75,13,1,1980-01-06T03:06:13,1633357414.6460679,2021-10-04T17:23:34
315965179,562200,380152,7.400400563683888,89624.05119755543,50.53038766868851,1023.171142578125,146,13,1,1980-01-06T03:06:19,1633357421.003401,2021-10-04T17:23:41
315965186,562200,387152,7.168196852496567,89080.51434039547,50.638635174394516,1073.2823486328125,230,13,1,1980-01-06T03:06:26,1633357429.7267249,2021-10-04T17:23:49
315965199,725500,400152,6.890314523415964,88044.7919236779,50.59085996706114,1169.4622802734375,128,13,1,1980-01-06T03:06:39,1633357443.326681,2021-10-04T17:24:03
315965206,725500,407152,6.199736303262966,87538.3151705298,50.63454584766243,1216.8309326171875,210,13,1,1980-01-06T03:06:46,1633357449.5378208,2021-10-04T17:24:09
315965215,725500,416152,5.7477070832756,86770.87873182367,50.8559315879491,1289.0303955078125,61,13,1,1980-01-06T03:06:55,1633357456.9361439,2021-10-04T17:24:16
315965221,725500,422152,5.448576033691848,86364.76709859456,51.05840898696351,1327.4476318359375,132,13,1,1980-01-06T03:07:01,1633357463.117061,2021-10-04T17:24:23
315965228,725500,429152,5.915512748845709,85970.38304148092,51.386254246350425,1364.89599609375,217,13,1,1980-01-06T03:07:08,1633357469.926148,2021-10-04T17:24:29
315965234,725600,435152,5.730894812954671,85437.40632572264,51.4320953411932,1415.726318359375,32,13,1,1980-01-06T03:07:14,1633357476.746724,2021-10-04T17:24:36
315965241,725500,442152,5.421613051320674,84901.03178012777,51.51401667659881,1467.1416015625,114,13,1,1980-01-06T03:07:21,1633357485.6581879,2021-10-04T17:24:45
315965255,725600,456152,4.725336527815512,83880.49276496752,51.561013731331364,1565.6998291015625,25,13,1,1980-01-06T03:07:35,1633357498.7284288,2021-10-04T17:24:58
315965262,725500,463152,4.038581677826369,83310.73081938075,50.87431053707653,1621.14794921875,107,13,1,1980-01-06T03:07:42,1633357504.9662719,2021-10-04T17:25:04
315965269,725500,470152,4.057296866387537,82810.8388005517,47.06780247034168,1670.0521240234375,190,13,1,1980-01-06T03:07:49,1633357511.766324,2021-10-04T17:25:11
315965275,725500,476152,4.080135745925349,82344.4177532517,45.18868098416851,1715.8992919921875,5,13,1,1980-01-06T03:07:55,1633357517.946301,2021-10-04T17:25:17
315965283,725500,484152,4.168953666819493,81780.07677260111,43.46304880016929,1771.6522216796875,101,13,1,1980-01-06T03:08:03,1633357525.2863529,2021-10-04T17:25:25
315965289,725500,490152,3.994489978047045,81374.26433877951,42.429211697336825,1811.93798828125,172,13,1,1980-01-06T03:08:09,1633357531.5077128,2021-10-04T17:25:31
315965296,725500,497152,3.838741775523613,80877.43066957749,41.418839982397785,1861.4820556640625,254,13,1,1980-01-06T03:08:16,1633357538.346361,2021-10-04T17:25:38
315965303,725500,504152,4.296470980518848,80422.21894875966,40.554789254986986,1907.0936279296875,83,13,1,1980-01-06T03:08:23,1633357545.166745,2021-10-04T17:25:45
315965310,725500,511152,4.349444644950563,80017.29873480032,39.795737905775674,1947.842041015625,165,13,1,1980-01-06T03:08:30,1633357554.046473,2021-10-04T17:25:54
315965317,725500,518152,4.233981129704989,79526.26729202233,38.79049285934553,1997.48193359375,247,13,1,1980-01-06T03:08:37,1633357560.297029,2021-10-04T17:26:00
315965324,725500,525152,3.661423890814535,78970.07189169008,38.15095284770202,2054.010498046875,76,13,1,1980-01-06T03:08:44,1633357567.6666,2021-10-04T17:26:07
315965330,725500,531152,3.5678484061325433,78550.84226846723,37.23276748604277,2096.832763671875,147,13,1,1980-01-06T03:08:50,1633357573.886921,2021-10-04T17:26:13
315965338,725500,539152,3.4615848401057745,78090.89658715164,36.30908535845904,2144.028564453125,241,13,1,1980-01-06T03:08:58,1633357580.686712,2021-10-04T17:26:20
315965344,725500,545152,3.3978267617305393,77764.55869225612,35.81315597096853,2177.65087890625,56,13,1,1980-01-06T03:09:04,1633357586.9665048,2021-10-04T17:26:26
315965351,725500,552152,3.4523859105396695,77328.49237344315,34.96277663350436,2222.759521484375,140,13,1,1980-01-06T03:09:11,1633357593.797288,2021-10-04T17:26:33
315965358,725500,559152,3.447627843897885,76835.03232366889,34.15818374992317,2274.05419921875,223,13,1,1980-01-06T03:09:18,1633357600.057132,2021-10-04T17:26:40
315965365,725500,566152,3.212262466637026,76364.34570697845,34.770637091892645,2323.231201171875,49,13,1,1980-01-06T03:09:25,1633357607.4565449,2021-10-04T17:26:47
315965371,725600,572152,2.9848277843288997,75965.07611500633,35.667171364131185,2365.14013671875,120,13,1,1980-01-06T03:09:31,1633357613.746553,2021-10-04T17:26:53
315965385,725500,586152,3.512337572142701,75196.87177248283,33.83220316721498,2446.280029296875,31,13,1,1980-01-06T03:09:45,1633357628.856557,2021-10-04T17:27:08
315965393,725500,594152,2.788479484054028,74608.85277289554,32.682293630458275,2508.843994140625,127,13,1,1980-01-06T03:09:53,1633357636.2672238,2021-10-04T17:27:16
315965399,725500,600152,2.6758728201853956,74238.05604244825,32.36451921689007,2548.502685546875,198,13,1,1980-01-06T03:09:59,1633357642.516924,2021-10-04T17:27:22
315965407,993700,608152,2.4934820488753986,73711.21160445247,31.495100589381185,2605.129150390625,35,13,1,1980-01-06T03:10:07,1633357649.9166129,2021-10-04T17:27:29
315965413,993700,614152,2.5347181903746105,73357.17380254211,30.605248129309164,2643.366943359375,107,13,1,1980-01-06T03:10:13,1633357656.156772,2021-10-04T17:27:36
315965421,993700,622152,2.889349800383593,72921.87159413322,29.366440816980933,2690.585693359375,202,13,1,1980-01-06T03:10:21,1633357662.958592,2021-10-04T17:27:42
315965427,993700,628152,2.9686504442534214,72464.24306378483,28.685411751550603,2740.475830078125,17,13,1,1980-01-06T03:10:27,1633357669.2167609,2021-10-04T17:27:49
315965434,993800,635152,2.884591764010929,72071.76097126988,28.247650923442002,2783.46875,100,13,1,1980-01-06T03:10:34,1633357676.0277638,2021-10-04T17:27:56
315965440,993700,641152,2.718695055759986,71731.63258695947,28.09736065481025,2820.87939453125,171,13,1,1980-01-06T03:10:40,1633357682.1978278,2021-10-04T17:28:02
315965454,993800,655152,2.526153759405497,70820.09819903955,28.792065433228892,2921.85546875,82,13,1,1980-01-06T03:10:54,1633357697.907052,2021-10-04T17:28:17
315965462,993700,663152,1.238960927756216,70192.11180929476,29.098101985175774,2992.037841796875,177,13,1,1980-01-06T03:11:02,1633357704.696684,2021-10-04T17:28:24
315965468,993700,669152,1.2332513906119857,69794.15966444189,29.149390275304103,3036.776611328125,249,13,1,1980-01-06T03:11:08,1633357710.9468958,2021-10-04T17:28:30
315965475,993800,676152,1.1327001579368017,69365.28973270855,29.145739783207283,3085.223388671875,75,13,1,1980-01-06T03:11:15,1633357718.358556,2021-10-04T17:28:38
315965482,993700,683152,0.8757716595975807,68936.47129216767,29.094110705763526,3133.908447265625,157,13,1,1980-01-06T03:11:22,1633357724.5167449,2021-10-04T17:28:44
315965489,993700,690152,1.0353209973312913,68568.24944887603,29.01699218529143,3175.909912109375,242,13,1,1980-01-06T03:11:29,1633357731.930016,2021-10-04T17:28:51
315965495,993800,696152,0.933501207834911,68222.83785723946,28.859973853590795,3215.47705078125,57,13,1,1980-01-06T03:11:35,1633357737.5271518,2021-10-04T17:28:57
315965503,993700,704152,1.73664366423111,67870.83511311703,28.364865002761626,3255.966064453125,151,13,1,1980-01-06T03:11:43,1633357747.0674129,2021-10-04T17:29:07
315965510,993700,711152,1.4648051369106725,67395.53816958782,27.93842330578881,3310.907958984375,235,13,1,1980-01-06T03:11:50,1633357753.317013,2021-10-04T17:29:13
315965517,993800,718152,0.5931511729381782,66936.60657068137,27.577956020000308,3364.259521484375,61,13,1,1980-01-06T03:11:57,1633357760.1388118,2021-10-04T17:29:20
315965523,993700,724152,1.4492624692184335,66714.82460719431,27.261515718315735,3390.147216796875,133,13,1,1980-01-06T03:12:03,1633357766.3669438,2021-10-04T17:29:26
315965530,993700,731152,0.7146366362925847,66252.60276000199,26.89890827575711,3444.32958984375,215,13,1,1980-01-06T03:12:10,1633357773.7568479,2021-10-04T17:29:33
315965536,993800,737152,1.2605302936252882,65982.25762908801,26.742733904570404,3476.160888671875,30,13,1,1980-01-06T03:12:16,1633357780.0767999,2021-10-04T17:29:40
315965544,993700,745152,1.0502292006405924,65535.759823251545,26.69130549264767,3528.965576171875,126,13,1,1980-01-06T03:12:24,1633357786.887593,2021-10-04T17:29:46
315965551,993700,752152,0.019665910998537584,65025.21725428448,26.644125400848644,3589.7041015625,208,13,1,1980-01-06T03:12:31,1633357793.146977,2021-10-04T17:29:53
315965558,993800,759152,-0.02664413051061274,64657.90934789972,26.367321393859005,3633.643798828125,37,13,1,1980-01-06T03:12:38,1633357800.5884678,2021-10-04T17:30:00
315965564,993700,765152,-0.3073585894924463,64252.817094559905,25.824704500497635,3682.337890625,108,13,1,1980-01-06T03:12:44,1633357806.238816,2021-10-04T17:30:06
315965572,993700,773152,0.41806014576586675,63912.23339341533,25.208100780127733,3723.47119140625,201,13,1,1980-01-06T03:12:52,1633357816.3672478,2021-10-04T17:30:16
315965578,993800,779152,0.3263912497696083,63580.687574426745,24.869956883926815,3763.684326171875,17,13,1,1980-01-06T03:12:58,1633357822.6373398,2021-10-04T17:30:22
315965586,993700,787152,-0.5826799283982609,63048.11678282011,24.562663113170736,3828.63720703125,112,13,1,1980-01-06T03:13:06,1633357829.567188,2021-10-04T17:30:29
315965593,993700,794152,-0.5297091843472117,62690.2361389761,24.54403977540243,3872.536376953125,195,13,1,1980-01-06T03:13:13,1633357835.856981,2021-10-04T17:30:35
315965600,993800,801152,-0.6556335958462796,62343.139938846754,24.462857281958907,3915.306640625,23,13,1,1980-01-06T03:13:20,1633357842.7191448,2021-10-04T17:30:42
315965607,120800,807152,-0.6895728902053634,61946.937182958456,24.361879899006585,3964.365478515625,94,13,1,1980-01-06T03:13:27,1633357848.947249,2021-10-04T17:30:48
315965614,120800,814152,-1.2601951518710621,61530.97242733403,24.339839942567608,4016.14599609375,177,13,1,1980-01-06T03:13:34,1633357856.327329,2021-10-04T17:30:56
315965620,120800,820152,-1.4638293316542104,61198.5625719885,24.640272686782644,4057.729736328125,248,13,1,1980-01-06T03:13:40,1633357862.577172,2021-10-04T17:31:02
315965628,120800,828152,-1.9827454657406407,60706.609788081296,24.966516950394546,4119.60986328125,87,13,1,1980-01-06T03:13:48,1633357869.3970609,2021-10-04T17:31:09
315965635,120800,835152,-1.438454381537099,60428.05747676755,25.120352323488916,4154.82958984375,170,13,1,1980-01-06T03:13:55,1633357875.676853,2021-10-04T17:31:15
315965648,120800,848152,-1.7943373923595345,59705.530998999166,25.062778347661872,4246.80078125,67,13,1,1980-01-06T03:14:08,1633357890.7973878,2021-10-04T17:31:30
315965655,120800,855152,-1.8504792339589584,59328.88937101048,25.143510529594234,4295.1025390625,152,13,1,1980-01-06T03:14:15,1633357897.598268,2021-10-04T17:31:37
315965661,120800,861152,-1.9649831055779714,59067.65037309913,25.237177306930725,4328.7509765625,223,13,1,1980-01-06T03:14:21,1633357904.4277449,2021-10-04T17:31:44
315965669,120800,869152,-2.925096997318815,58567.49004289712,25.247334969754032,4393.51318359375,61,13,1,1980-01-06T03:14:29,1633357911.286849,2021-10-04T17:31:51
315965677,120800,877152,-3.0795642985074436,58076.803052697614,25.403782001712198,4457.48583984375,156,13,1,1980-01-06T03:14:37,1633357918.107748,2021-10-04T17:31:58
315965684,120900,884152,-3.5296430493806836,57755.872939908884,25.292341946154803,4499.564453125,239,13,1,1980-01-06T03:14:44,1633357924.898653,2021-10-04T17:32:04
315965690,120800,890152,-3.3653439538952625,57473.427360661335,25.33282785753602,4536.75537109375,54,13,1,1980-01-06T03:14:50,1633357931.136968,2021-10-04T17:32:11
315965697,120800,897152,-2.777924615582651,57126.23265471958,25.136072634126858,4582.6748046875,138,13,1,1980-01-06T03:14:57,1633357937.967164,2021-10-04T17:32:17
315965703,120800,903152,-2.9428591647686515,56824.889039229376,25.022381148778948,4622.71484375,209,13,1,1980-01-06T03:15:03,1633357946.8779159,2021-10-04T17:32:26
315965718,120800,918152,-3.369150113998967,55966.6473243461,25.011997377719656,4737.70263671875,131,13,1,1980-01-06T03:15:18,1633357959.997292,2021-10-04T17:32:39
315965725,120900,925152,-3.561995344976367,55617.5322497733,24.989330266441968,4784.88818359375,214,13,1,1980-01-06T03:15:25,1633357966.846873,2021-10-04T17:32:46
315965731,120800,931152,-4.4849823252789065,55270.750353982614,24.931148667841086,4831.99560546875,29,13,1,1980-01-06T03:15:31,1633357973.0990438,2021-10-04T17:32:53
315965738,120800,938152,-4.671798793442372,54921.9791643489,24.74555394204194,4879.61572265625,111,13,1,1980-01-06T03:15:38,1633357979.987764,2021-10-04T17:32:59
315965744,120800,944152,-4.899213214764222,54637.86883165961,24.3929515019342,4918.5908203125,183,13,1,1980-01-06T03:15:44,1633357986.7973318,2021-10-04T17:33:06
315965752,120800,952152,-4.9680400583094295,54231.438363019464,24.159337580312965,4974.63232421875,22,13,1,1980-01-06T03:15:52,1633357993.6193209,2021-10-04T17:33:13
315965760,120800,960152,-4.728890334911535,53888.21661608625,24.03988685525342,5022.22412109375,118,13,1,1980-01-06T03:16:00,1633358000.527173,2021-10-04T17:33:20
315965767,120900,967152,-5.01942227527195,53536.762928138,23.93646888578347,5071.21240234375,200,13,1,1980-01-06T03:16:07,1633358009.419441,2021-10-04T17:33:29
315965780,120800,980152,-5.661063126321824,52774.07545726638,23.30045889507546,5178.4287109375,98,13,1,1980-01-06T03:16:20,1633358022.427129,2021-10-04T17:33:42
315965786,120800,986152,-5.83614177943673,52498.88871937637,22.981180038906082,5217.421875,169,13,1,1980-01-06T03:16:26,1633358029.247412,2021-10-04T17:33:49
315965793,120800,993152,-6.617648064717651,52053.91258890633,22.65980245560645,5280.8271484375,253,13,1,1980-01-06T03:16:33,1633358036.0473719,2021-10-04T17:33:56
315965800,120800,1000152,-7.003323947545141,51706.8679428283,22.365264644089432,5330.58447265625,80,13,1,1980-01-06T03:16:40,1633358042.217108,2021-10-04T17:34:02
315965808,120900,1008152,-6.934815854298359,51346.55321050287,22.00537154821997,5382.5322265625,175,13,1,1980-01-06T03:16:48,1633358049.1472728,2021-10-04T17:34:09
315965814,120800,1014152,-7.02711146751642,50992.27211385512,21.785081401244422,5433.8994140625,247,13,1,1980-01-06T03:16:54,1633358055.377121,2021-10-04T17:34:15
315965821,120800,1021152,-7.405173593107588,50686.358986221305,21.586156464649797,5478.48681640625,73,13,1,1980-01-06T03:17:01,1633358062.256793,2021-10-04T17:34:22
315965827,120800,1027152,-7.664297455918495,50381.092778941915,21.478141662784992,5523.19921875,144,13,1,1980-01-06T03:17:07,1633358068.5368,2021-10-04T17:34:28
315965835,120800,1035152,-7.176496946754105,49967.050101228575,21.365830815212952,5584.197265625,240,13,1,1980-01-06T03:17:15,1633358078.127373,2021-10-04T17:34:38
315965841,120800,1041152,-7.223120388634174,49742.6888488313,21.35633714663818,5617.421875,55,13,1,1980-01-06T03:17:21,1633358084.3371608,2021-10-04T17:34:44
315965850,120900,1050152,-8.023009898580653,49226.54483587062,21.357062005135287,5694.3203125,162,13,1,1980-01-06T03:17:30,1633358091.746917,2021-10-04T17:34:51
315965856,120800,1056152,-7.589446577160561,48934.039865138,21.29134437714718,5738.18994140625,233,13,1,1980-01-06T03:17:36,1633358097.977233,2021-10-04T17:34:57
315965863,120800,1063152,-8.557745641201086,48599.93303656157,21.286996712747307,5788.56103515625,59,13,1,1980-01-06T03:17:43,1633358104.7971559,2021-10-04T17:35:04
315965869,120900,1069152,-8.60976009613421,48361.00900413926,21.27771534937986,5824.755859375,131,13,1,1980-01-06T03:17:49,1633358111.0567079,2021-10-04T17:35:11
315965876,120800,1076152,-8.85746266015767,48020.57510467751,21.264286023466102,5876.578125,213,13,1,1980-01-06T03:17:56,1633358118.4767919,2021-10-04T17:35:18
315965883,120800,1083152,-8.505413994099944,47787.1759214654,21.246156491574922,5912.27978515625,41,13,1,1980-01-06T03:18:03,1633358126.637953,2021-10-04T17:35:26
315965893,120800,1093152,-8.752482528831365,47300.41397350841,21.243849947864163,5987.19580078125,159,13,1,1980-01-06T03:18:13,1633358133.537353,2021-10-04T17:35:33
315965899,392100,1099152,-8.875857957353583,47047.792883299546,21.19818621581974,6026.3232421875,231,13,1,1980-01-06T03:18:19,1633358139.798745,2021-10-04T17:35:39
315965906,392100,1106152,-9.551723897546594,46693.155336789656,21.03342021126764,6081.5390625,57,13,1,1980-01-06T03:18:26,1633358149.426885,2021-10-04T17:35:49
315965912,392200,1112152,-9.966882537212223,46401.04071905843,20.91513866729551,6127.2783203125,128,13,1,1980-01-06T03:18:32,1633358155.136977,2021-10-04T17:35:55
315965921,392100,1121152,-10.748986646196045,45940.34365253159,20.832461371425378,6199.888671875,235,13,1,1980-01-06T03:18:41,1633358162.5872319,2021-10-04T17:36:02
315965927,392100,1127152,-10.738520578454494,45671.17693031289,20.75455104704349,6242.587890625,50,13,1,1980-01-06T03:18:47,1633358168.856988,2021-10-04T17:36:08
315965934,392100,1134152,-10.780384841992396,45428.114113204,20.661918875879053,6281.32080078125,135,13,1,1980-01-06T03:18:54,1633358175.77682,2021-10-04T17:36:15
315965941,392100,1141152,-10.53998221043455,45162.74466300907,20.586653065979913,6323.8017578125,217,13,1,1980-01-06T03:19:01,1633358184.536609,2021-10-04T17:36:24
315965950,392100,1150152,-11.657309748432363,44670.30421233069,20.527910176522276,6403.171875,68,13,1,1980-01-06T03:19:10,1633358191.437001,2021-10-04T17:36:31
315965957,392100,1157152,-12.070238466536102,44347.34442243126,20.432509754000403,6455.61279296875,150,13,1,1980-01-06T03:19:17,1633358198.266733,2021-10-04T17:36:38
315965965,392200,1165152,-11.696319225893216,43966.40166978477,20.324869367131956,6517.86767578125,246,13,1,1980-01-06T03:19:25,1633358207.276968,2021-10-04T17:36:47
315965971,392100,1171152,-11.892952102458889,43702.02123874013,20.260313063066427,6561.33203125,61,13,1,1980-01-06T03:19:31,1633358213.5175278,2021-10-04T17:36:53
315965978,392100,1178152,-11.93513296905212,43388.79010270471,20.20112034418333,6613.10498046875,143,13,1,1980-01-06T03:19:38,1633358220.356741,2021-10-04T17:37:00
315965984,392100,1184152,-12.140328326440407,43109.530947950974,20.13145423881045,6659.51806640625,215,13,1,1980-01-06T03:19:44,1633358229.126857,2021-10-04T17:37:09
315965994,392100,1194152,-13.286495804200944,42636.470991065704,20.014244377018883,6738.70263671875,79,13,1,1980-01-06T03:19:54,1633358235.987032,2021-10-04T17:37:15
315966000,392100,1200152,-13.564948195811462,42425.43961808602,19.942059526898383,6774.2578125,150,13,1,1980-01-06T03:20:00,1633358242.2064478,2021-10-04T17:37:22
315966008,392100,1208152,-14.078401959358235,42074.817064772826,19.845748580806973,6833.6494140625,243,13,1,1980-01-06T03:20:08,1633358249.086196,2021-10-04T17:37:29
315966014,392100,1214152,-13.943933812694377,41867.003618443014,19.769262361536736,6869.0400390625,59,13,1,1980-01-06T03:20:14,1633358256.006805,2021-10-04T17:37:36
315966021,392100,1221152,-14.224921263846682,41557.02752038503,19.70290082332912,6922.095703125,143,13,1,1980-01-06T03:20:21,1633358262.236644,2021-10-04T17:37:42
315966027,392200,1227152,-14.599464097232135,41256.7186098754,19.667577814718634,6973.8046875,214,13,1,1980-01-06T03:20:27,1633358269.1083689,2021-10-04T17:37:49
315966038,392100,1238152,-14.321014961653578,40859.183113466555,19.53626378262969,7042.7255859375,87,13,1,1980-01-06T03:20:38,1633358280.618105,2021-10-04T17:38:00
315966044,392100,1244152,-14.441528362526856,40599.11828497789,19.48593668878489,7088.10888671875,159,13,1,1980-01-06T03:20:44,1633358286.986253,2021-10-04T17:38:06
315966052,392100,1252152,-15.695492271616398,40212.853171030976,19.396538739173952,7155.953125,254,13,1,1980-01-06T03:20:52,1633358293.8765318,2021-10-04T17:38:13
315966058,392100,1258152,-15.770336292870685,39943.83036187876,19.322760639838286,7203.5166015625,69,13,1,1980-01-06T03:20:58,1633358300.766913,2021-10-04T17:38:20
315966065,392100,1265152,-16.1026937240458,39696.17016459053,19.23148322472373,7247.53466796875,152,13,1,1980-01-06T03:21:05,1633358307.6864848,2021-10-04T17:38:27
315966073,392100,1273152,-15.502039211468922,39427.940686601854,19.11536679929577,7295.4609375,247,13,1,1980-01-06T03:21:13,1633358313.947429,2021-10-04T17:38:33
315966080,392100,1280152,-15.883870746606567,39096.00600648345,19.05349692549918,7355.13720703125,74,13,1,1980-01-06T03:21:20,1633358320.856468,2021-10-04T17:38:40
315966086,392100,1286152,-16.60249605990573,38802.14019808133,18.966489168179756,7408.31298828125,145,13,1,1980-01-06T03:21:26,1633358327.1862679,2021-10-04T17:38:47
315966093,392100,1293152,-15.985671068658757,38562.84580526411,18.827665714246173,7451.85693359375,229,13,1,1980-01-06T03:21:33,1633358336.857869,2021-10-04T17:38:56
315966100,392100,1300152,-16.116964768990876,38330.34485999985,18.734366082717756,7494.3759765625,56,13,1,1980-01-06T03:21:40,1633358343.128409,2021-10-04T17:39:03
315966107,392100,1307152,-16.33927563854156,37998.255895779126,18.633797982820663,7555.47021484375,138,13,1,1980-01-06T03:21:47,1633358350.026444,2021-10-04T17:39:10
315966114,392100,1314152,-17.337923423528174,37670.40234578013,18.53134687872824,7616.212890625,223,13,1,1980-01-06T03:21:54,1633358356.3270118,2021-10-04T17:39:16
315966121,392100,1321152,-18.837935272967663,37326.376625059725,18.486930185758855,7680.41357421875,49,13,1,1980-01-06T03:22:01,1633358363.177964,2021-10-04T17:39:23
315966128,392100,1328152,-19.0900489327041,37026.86032296511,18.431632698690173,7736.70263671875,131,13,1,1980-01-06T03:22:08,1633358369.986117,2021-10-04T17:39:29
315966135,392100,1335152,-19.378630982020674,36709.37488376246,18.356111744379838,7796.77197265625,216,13,1,1980-01-06T03:22:15,1633358376.846696,2021-10-04T17:39:36
315966142,392100,1342152,-19.86287588792293,36415.221132661034,18.315476545090593,7852.80517578125,42,13,1,1980-01-06T03:22:22,1633358383.1576478,2021-10-04T17:39:43
315966149,392100,1349152,-19.019964578646523,36189.40976959806,18.26596248437222,7896.0703125,125,13,1,1980-01-06T03:22:29,1633358390.627928,2021-10-04T17:39:50
315966155,392100,1355152,-20.207268490852492,35878.8856071829,18.291068380661205,7955.9248046875,196,13,1,1980-01-06T03:22:35,1633358396.8971078,2021-10-04T17:39:56
315966163,392100,1363152,-19.67292027813962,35563.77022121962,18.226689053622316,8017.095703125,35,13,1,1980-01-06T03:22:43,1633358405.956528,2021-10-04T17:40:05
315966170,392100,1370152,-20.257056260824335,35264.159860499356,18.20097899200383,8075.666015625,118,13,1,1980-01-06T03:22:50,1633358412.2376928,2021-10-04T17:40:12
315966177,392100,1377152,-21.04668020361985,34927.22555574791,18.17792419191151,8142.01708984375,202,13,1,1980-01-06T03:22:57,1633358419.076156,2021-10-04T17:40:19
315966183,392200,1383152,-22.509844251107438,34567.20992491665,18.22406240287215,8213.4912109375,17,13,1,1980-01-06T03:23:03,1633358425.976404,2021-10-04T17:40:25
315966190,392100,1390152,-22.099501162706453,34268.02401087054,18.186624370045063,8273.3505859375,100,13,1,1980-01-06T03:23:10,1633358432.8761609,2021-10-04T17:40:32
315966196,392100,1396152,-22.650007373730272,34035.14720831493,18.197181374555445,8320.2353515625,171,13,1,1980-01-06T03:23:16,1633358439.1670809,2021-10-04T17:40:39
315966205,642200,1405152,-22.844713243380262,33697.623360035046,18.156274644039247,8388.65625,22,13,1,1980-01-06T03:23:25,1633358446.1063359,2021-10-04T17:40:46
315966211,642200,1411152,-23.250613352532106,33485.54415060891,18.123578339295047,8431.9326171875,93,13,1,1980-01-06T03:23:31,1633358452.416133,2021-10-04T17:40:52
315966218,642200,1418152,-21.728795453137717,33274.129764141355,18.04272818115171,8475.2958984375,175,13,1,1980-01-06T03:23:38,1633358459.8562958,2021-10-04T17:40:59
315966225,642200,1425152,-22.04368928182464,32984.259995056986,18.006573652682878,8535.1142578125,4,13,1,1980-01-06T03:23:45,1633358466.176081,2021-10-04T17:41:06
315966232,642300,1432152,-22.445470615836893,32713.724609874484,17.973867491310088,8591.330078125,86,13,1,1980-01-06T03:23:52,1633358475.8259249,2021-10-04T17:41:15
315966239,642200,1439152,-22.56026494749303,32385.19142332864,17.9460724645687,8660.1064453125,169,13,1,1980-01-06T03:23:59,1633358482.188124,2021-10-04T17:41:22
315966247,642200,1447152,-24.383318492905506,31977.235585373404,17.95806153247182,8746.3037109375,8,13,1,1980-01-06T03:24:07,1633358489.1160889,2021-10-04T17:41:29
315966253,642200,1453152,-24.93349338733815,31722.736534027074,17.941816088305785,8800.529296875,79,13,1,1980-01-06T03:24:13,1633358495.4457679,2021-10-04T17:41:35
315966261,642200,1461152,-24.529186521646057,31411.321803142593,17.872629359851608,8867.3662109375,175,13,1,1980-01-06T03:24:21,1633358502.3357959,2021-10-04T17:41:42
315966267,642200,1467152,-24.973448318427835,31198.971740797453,17.782823384205,8913.25,246,13,1,1980-01-06T03:24:27,1633358508.6162128,2021-10-04T17:41:48
315966275,642300,1475152,-27.24101962900147,30829.01934489655,17.78488110673581,8993.796875,84,13,1,1980-01-06T03:24:35,1633358516.1563609,2021-10-04T17:41:56
315966281,641700,1481152,-25.72085588518528,30617.97044910735,17.715652620276238,9040.09765625,151,13,1,1980-01-06T03:24:41,1633358522.5257769,2021-10-04T17:42:02
315966288,641700,1488152,-27.438886329695173,30229.989660137275,17.749883827783812,9125.8984375,233,13,1,1980-01-06T03:24:48,1633358529.515864,2021-10-04T17:42:09
315966295,641700,1495152,-27.011760061629683,30040.61235580921,17.6323669608291,9168.1025390625,53,13,1,1980-01-06T03:24:55,1633358535.796308,2021-10-04T17:42:15
315966301,641700,1501152,-26.962927379913072,30000.0,17.6251544890843,9177.1826171875,118,13,1,1980-01-06T03:25:01,1633358544.8761919,2021-10-04T17:42:24
315966307,641700,1507152,-28.18722433567907,30000.0,17.6562728009929,9177.1826171875,183,13,1,1980-01-06T03:25:07,1633358551.286293,2021-10-04T17:42:31
315966316,641700,1516152,-28.724057826818534,30000.0,17.60781466985015,9177.1826171875,25,13,1,1980-01-06T03:25:16,1633358558.206176,2021-10-04T17:42:38
315966322,641700,1522152,-27.929746041348675,30000.0,17.53487628518254,9177.1826171875,90,13,1,1980-01-06T03:25:22,1633358564.53618,2021-10-04T17:42:44
315966329,641700,1529152,-27.898671024098597,30000.0,17.523052784279795,9177.1826171875,166,13,1,1980-01-06T03:25:29,1633358571.476481,2021-10-04T17:42:51
315966336,641700,1536152,-29.218398366483576,30000.0,17.552505220376823,9177.1826171875,243,13,1,1980-01-06T03:25:36,1633358577.8758008,2021-10-04T17:42:57
315966343,641700,1543152,-29.518996650931307,30000.0,17.542788996896775,9177.1826171875,62,13,1,1980-01-06T03:25:43,1633358584.8061569,2021-10-04T17:43:04
315966349,641700,1549152,-28.18151669688448,30000.0,17.47557115828379,9177.1826171875,128,13,1,1980-01-06T03:25:49,1633358591.126904,2021-10-04T17:43:11
315966356,641700,1556152,-29.53041175552096,30000.0,17.50618833907321,9177.1826171875,203,13,1,1980-01-06T03:25:56,1633358597.976744,2021-10-04T17:43:17
315966363,641700,1563152,-29.592243546443115,30000.0,17.482102625659873,9177.1826171875,24,13,1,1980-01-06T03:26:03,1633358604.276432,2021-10-04T17:43:24
315966369,641700,1569152,-29.7181265974428,30000.0,17.45517709421573,9177.1826171875,90,13,1,1980-01-06T03:26:09,1633358611.1757128,2021-10-04T17:43:31
315966375,641700,1575152,-28.708203369937745,30000.0,17.37925082152176,9177.1826171875,155,13,1,1980-01-06T03:26:15,1633358617.5065129,2021-10-04T17:43:37
315966383,641700,1583152,-30.177582358824658,30000.0,17.40932060575898,9177.1826171875,240,13,1,1980-01-06T03:26:23,1633358624.386152,2021-10-04T17:43:44
315966389,641700,1589152,-28.866747810847937,30000.0,17.342987444394687,9177.1826171875,50,13,1,1980-01-06T03:26:29,1633358630.7061288,2021-10-04T17:43:50
315966396,641700,1596152,-28.99960783344884,30000.0,17.31634912606509,9177.1826171875,127,13,1,1980-01-06T03:26:36,1633358637.0359209,2021-10-04T17:43:57
315966403,900900,1603152,-29.287840465983663,30000.0,17.27987624359653,9177.1826171875,202,13,1,1980-01-06T03:26:43,1633358646.1266608,2021-10-04T17:44:06
315966411,900900,1611152,-29.622683796863477,30000.0,17.239959895059258,9177.1826171875,34,13,1,1980-01-06T03:26:51,1633358653.035965,2021-10-04T17:44:13
315966417,900900,1617152,-30.884359542765537,30000.0,17.26222079056798,9177.1826171875,99,13,1,1980-01-06T03:26:57,1633358659.3959239,2021-10-04T17:44:19
315966424,900900,1624152,-31.323199061329227,30000.0,17.23687636399434,9177.1826171875,175,13,1,1980-01-06T03:27:04,1633358666.3463569,2021-10-04T17:44:26
315966430,900900,1630152,-30.393199146477492,30000.0,17.16415531001246,9177.1826171875,240,13,1,1980-01-06T03:27:10,1633358672.705893,2021-10-04T17:44:32
315966437,900900,1637152,-31.791524671522986,30000.0,17.170589140621615,9177.1826171875,59,13,1,1980-01-06T03:27:17,1633358679.6073809,2021-10-04T17:44:39
315966444,900900,1644152,-31.29751559458673,30000.0,17.088421346139338,9177.1826171875,137,13,1,1980-01-06T03:27:24,1633358686.016185,2021-10-04T17:44:46
315966450,900900,1650152,-32.673948652222656,30000.0,17.125483759320637,9177.1826171875,202,13,1,1980-01-06T03:27:30,1633358692.9364839,2021-10-04T17:44:52
315966457,900900,1657152,-32.54616735617228,30000.0,17.10486066260667,9177.1826171875,21,13,1,1980-01-06T03:27:37,1633358699.2960958,2021-10-04T17:44:59
315966464,900900,1664152,-32.51287443234012,30000.0,17.066829139180843,9177.1826171875,97,13,1,1980-01-06T03:27:44,1633358706.2262318,2021-10-04T17:45:06
315966470,900900,1670152,-33.34329133268875,30000.0,17.030394101600326,9177.1826171875,162,13,1,1980-01-06T03:27:50,1633358711.957676,2021-10-04T17:45:11
315966478,900900,1678152,-33.67082666747517,30000.0,16.99051401486387,9177.1826171875,249,13,1,1980-01-06T03:27:58,1633358719.516125,2021-10-04T17:45:19
315966484,900900,1684152,-33.659412097313705,30000.0,16.974375637954843,9177.1826171875,59,13,1,1980-01-06T03:28:04,1633358725.845968,2021-10-04T17:45:25
315966492,900900,1692152,-32.70121709347984,30000.0,16.90609792153726,9177.1826171875,146,13,1,1980-01-06T03:28:12,1633358734.9467878,2021-10-04T17:45:34
315966500,81400,1699152,-32.90985209830903,30000.0,16.882682237298482,9177.1826171875,222,13,1,1980-01-06T03:28:20,1633358741.316841,2021-10-04T17:45:41
315966507,81400,1706152,-34.089359889277304,30000.0,16.907079058000544,9177.1826171875,41,13,1,1980-01-06T03:28:27,1633358748.2362928,2021-10-04T17:45:48
315966513,81400,1712152,-33.996775438115016,30000.0,16.87215238852524,9177.1826171875,106,13,1,1980-01-06T03:28:33,1633358754.5569808,2021-10-04T17:45:54
315966519,81400,1718152,-33.36548640821411,30000.0,16.826904436048338,9177.1826171875,171,13,1,1980-01-06T03:28:39,1633358761.5062559,2021-10-04T17:46:01
315966526,81400,1725152,-33.38292539221891,30000.0,16.81185832066742,9177.1826171875,249,13,1,1980-01-06T03:28:46,1633358767.835944,2021-10-04T17:46:07
315966533,81400,1732152,-34.65088885016157,30000.0,16.82925497101964,9177.1826171875,68,13,1,1980-01-06T03:28:53,1633358776.6663198,2021-10-04T17:46:16
315966541,81400,1740152,-34.073189324314356,30000.0,16.770477923580785,9177.1826171875,156,13,1,1980-01-06T03:29:01,1633358782.994989,2021-10-04T17:46:22
315966548,81400,1747152,-34.98444360858375,30000.0,16.75850479893138,9177.1826171875,231,13,1,1980-01-06T03:29:08,1633358789.3462799,2021-10-04T17:46:29
315966555,81400,1754152,-35.161049563443314,30000.0,16.765264357562096,9177.1826171875,51,13,1,1980-01-06T03:29:15,1633358796.314252,2021-10-04T17:46:36
315966562,81400,1761152,-35.192756160721885,30000.0,16.756044157854312,9177.1826171875,128,13,1,1980-01-06T03:29:22,1633358802.634013,2021-10-04T17:46:42
315966568,81400,1767152,-35.17404926970257,30000.0,16.73968813610392,9177.1826171875,193,13,1,1980-01-06T03:29:28,1633358809.0036,2021-10-04T17:46:49
315966576,81400,1775152,-34.720009616376686,30000.0,16.706583827660854,9177.1826171875,23,13,1,1980-01-06T03:29:36,1633358815.933265,2021-10-04T17:46:55
315966582,81400,1781152,-35.3230701561537,30000.0,16.719325629717744,9177.1826171875,88,13,1,1980-01-06T03:29:42,1633358822.8525798,2021-10-04T17:47:02
315966590,81400,1789152,-34.42767279580585,30000.0,16.64304166387696,9177.1826171875,176,13,1,1980-01-06T03:29:50,1633358832.0332398,2021-10-04T17:47:12
315966596,81400,1795152,-34.58208509802405,30000.0,16.622913471213675,9177.1826171875,241,13,1,1980-01-06T03:29:56,1633358835.55224,2021-10-04T17:47:15
315966603,81400,1802152,-34.78500845274591,30000.0,16.599454262072438,9177.1826171875,60,13,1,1980-01-06T03:30:03,1633358845.292408,2021-10-04T17:47:25
315966609,81400,1808152,-34.72127788681164,30000.0,16.59697545882621,9177.1826171875,125,13,1,1980-01-06T03:30:09,1633358851.6410449,2021-10-04T17:47:31
315966617,81400,1816152,-36.3024799032011,30000.0,16.611037889192136,9177.1826171875,213,13,1,1980-01-06T03:30:17,1633358858.5309439,2021-10-04T17:47:38
315966623,81400,1822152,-36.13633929218556,30000.0,16.604676976633513,9177.1826171875,22,13,1,1980-01-06T03:30:23,1633358864.310612,2021-10-04T17:47:44
315966630,81400,1829152,-35.89885913635953,30000.0,16.585145302427403,9177.1826171875,98,13,1,1980-01-06T03:30:30,1633358871.890261,2021-10-04T17:47:51
315966637,81400,1836152,-36.13760754230695,30000.0,16.57870899061838,9177.1826171875,175,13,1,1980-01-06T03:30:37,1633358877.690089,2021-10-04T17:47:57
315966644,81400,1843152,-36.08719458597252,30000.0,16.55595936625533,9177.1826171875,250,13,1,1980-01-06T03:30:44,1633358884.641425,2021-10-04T17:48:04
315966650,81400,1849152,-35.92834602616783,30000.0,16.5394308537854,9177.1826171875,60,13,1,1980-01-06T03:30:50,1633358890.98946,2021-10-04T17:48:10
315966657,81400,1856152,-36.50317988149536,30000.0,16.525157000924086,9177.1826171875,135,13,1,1980-01-06T03:30:57,1633358897.958992,2021-10-04T17:48:17
315966664,81400,1863152,-36.52442298050043,30000.0,16.499987811944724,9177.1826171875,212,13,1,1980-01-06T03:31:04,1633358904.328361,2021-10-04T17:48:24
315966671,81400,1870152,-36.522520613633404,30000.0,16.46352970749858,9177.1826171875,32,13,1,1980-01-06T03:31:11,1633358911.8977768,2021-10-04T17:48:31
315966677,81400,1876152,-36.36684345296781,30000.0,16.457516961208064,9177.1826171875,97,13,1,1980-01-06T03:31:17,1633358917.638048,2021-10-04T17:48:37
315966685,81400,1884152,-35.574185634957395,30000.0,16.426736345931836,9177.1826171875,185,13,1,1980-01-06T03:31:25,1633358927.398357,2021-10-04T17:48:47
315966691,81400,1890152,-35.64552512954558,30000.0,16.419103765622996,9177.1826171875,250,13,1,1980-01-06T03:31:31,1633358930.9871569,2021-10-04T17:48:50
315966698,81400,1897152,-35.6509152223537,30000.0,16.40368111266434,9177.1826171875,69,13,1,1980-01-06T03:31:38,1633358940.0872009,2021-10-04T17:49:00
315966705,81400,1904152,-35.97463725269861,30000.0,16.37465708563992,9177.1826171875,145,13,1,1980-01-06T03:31:45,1633358946.4668279,2021-10-04T17:49:06
315966712,81400,1911152,-36.10780365964526,30000.0,16.348620784797173,9177.1826171875,222,13,1,1980-01-06T03:31:52,1633358953.4062529,2021-10-04T17:49:13
315966718,81400,1917152,-36.078950955158504,30000.0,16.352703877430983,9177.1826171875,31,13,1,1980-01-06T03:31:58,1633358959.7356129,2021-10-04T17:49:19
315966726,81400,1925152,-36.23240918738266,30000.0,16.332673785293185,9177.1826171875,117,13,1,1980-01-06T03:32:06,1633358966.745813,2021-10-04T17:49:26
315966732,81400,1931152,-37.19088298751046,30000.0,16.359514092412326,9177.1826171875,182,13,1,1980-01-06T03:32:12,1633358975.0352368,2021-10-04T17:49:35
315966741,81400,1940152,-36.181045097984224,30000.0,16.309858857281398,9177.1826171875,24,13,1,1980-01-06T03:32:21,1633358981.954768,2021-10-04T17:49:41
315966747,81400,1946152,-37.257148241722824,30000.0,16.336132982251403,9177.1826171875,89,13,1,1980-01-06T03:32:27,1633358988.3240159,2021-10-04T17:49:48
315966755,81400,1954152,-36.65156440667479,30000.0,16.29704179849614,9177.1826171875,177,13,1,1980-01-06T03:32:35,1633358995.30374,2021-10-04T17:49:55
315966761,81400,1960152,-37.341485766171445,30000.0,16.313462217740607,9177.1826171875,242,13,1,1980-01-06T03:32:41,1633359002.243533,2021-10-04T17:50:02
315966768,81400,1967152,-36.326259545271384,30000.0,16.263531672689513,9177.1826171875,61,13,1,1980-01-06T03:32:48,1633359009.203785,2021-10-04T17:50:09
315966775,81400,1974152,-37.48796653850259,30000.0,16.293205874417705,9177.1826171875,139,13,1,1980-01-06T03:32:55,1633359015.62286,2021-10-04T17:50:15
315966782,81400,1981152,-36.46893726340049,30000.0,16.232722842808016,9177.1826171875,214,13,1,1980-01-06T03:33:02,1633359024.8033729,2021-10-04T17:50:24
315966788,81400,1987152,-37.544085731143035,30000.0,16.253903361648312,9177.1826171875,23,13,1,1980-01-06T03:33:08,1633359028.392549,2021-10-04T17:50:28
315966796,81400,1995152,-36.63476018876188,30000.0,16.213237079034684,9177.1826171875,111,13,1,1980-01-06T03:33:16,1633359037.523161,2021-10-04T17:50:37
315966802,212100,2001152,-36.67058804574108,30000.0,16.193862002442515,9177.1826171875,176,13,1,1980-01-06T03:33:22,1633359043.902868,2021-10-04T17:50:43
315966809,212100,2008152,-36.806289885688514,30000.0,16.178409183052473,9177.1826171875,251,13,1,1980-01-06T03:33:29,1633359050.7514,2021-10-04T17:50:50
315966816,212300,2015152,-36.728293059206045,30000.0,16.17534180479874,9177.1826171875,71,13,1,1980-01-06T03:33:36,1633359057.081384,2021-10-04T17:50:57
315966823,212300,2022152,-37.625252410031294,30000.0,16.19485867389818,9177.1826171875,148,13,1,1980-01-06T03:33:43,1633359064.023237,2021-10-04T17:51:04
315966829,212300,2028152,-37.58783965323762,30000.0,16.18303082405505,9177.1826171875,213,13,1,1980-01-06T03:33:49,1633359070.391912,2021-10-04T17:51:10
315966837,212300,2036152,-36.7561943708919,30000.0,16.145269349101767,9177.1826171875,43,13,1,1980-01-06T03:33:57,1633359077.330813,2021-10-04T17:51:17
315966842,212300,2041152,-36.86970188903497,30000.0,16.139344988375207,9177.1826171875,98,13,1,1980-01-06T03:34:02,1633359083.680733,2021-10-04T17:51:23
315966850,212300,2049152,-36.97211217841448,30000.0,16.12260731667373,9177.1826171875,186,13,1,1980-01-06T03:34:10,1633359090.650264,2021-10-04T17:51:30
315966856,212300,2055152,-37.974331691445606,30000.0,16.135926122191655,9177.1826171875,251,13,1,1980-01-06T03:34:16,1633359097.021548,2021-10-04T17:51:37
315966864,212300,2063152,-37.0123787302975,30000.0,16.093040665980038,9177.1826171875,80,13,1,1980-01-06T03:34:24,1633359103.9601529,2021-10-04T17:51:43
315966870,212300,2069152,-38.21783031977602,30000.0,16.12988257972653,9177.1826171875,146,13,1,1980-01-06T03:34:30,1633359112.179297,2021-10-04T17:51:52
315966879,212300,2078152,-37.06183998153101,30000.0,16.06903277994563,9177.1826171875,243,13,1,1980-01-06T03:34:39,1633359119.099488,2021-10-04T17:51:59
315966885,212300,2084152,-38.03996224712334,30000.0,16.102240058579426,9177.1826171875,53,13,1,1980-01-06T03:34:45,1633359125.39908,2021-10-04T17:52:05
315966893,212300,2092152,-37.04598701940476,30000.0,16.05283522765827,9177.1826171875,140,13,1,1980-01-06T03:34:53,1633359134.5589159,2021-10-04T17:52:14
315966908,212300,2107152,-37.116374149540206,30000.0,16.034850500493768,9177.1826171875,47,13,1,1980-01-06T03:35:08,1633359149.7397249,2021-10-04T17:52:29
315966915,212300,2114152,-38.315483227129064,30000.0,16.05607214188929,9177.1826171875,123,13,1,1980-01-06T03:35:15,1633359156.017824,2021-10-04T17:52:36
315966922,212300,2121152,-38.060253810034354,30000.0,16.04090398904132,9177.1826171875,200,13,1,1980-01-06T03:35:22,1633359162.987653,2021-10-04T17:52:42
315966928,212300,2127152,-38.24699938132026,30000.0,16.03269197551653,9177.1826171875,9,13,1,1980-01-06T03:35:28,1633359169.4070919,2021-10-04T17:52:49
315966935,212300,2134152,-38.21846442991191,30000.0,16.02122421447973,9177.1826171875,85,13,1,1980-01-06T03:35:35,1633359176.347076,2021-10-04T17:52:56
315966942,212300,2141152,-37.36621630320114,30000.0,15.977288211710773,9177.1826171875,160,13,1,1980-01-06T03:35:42,1633359183.286916,2021-10-04T17:53:03
315966949,212300,2148152,-38.260632743742256,30000.0,16.0073533774545,9177.1826171875,237,13,1,1980-01-06T03:35:49,1633359189.626725,2021-10-04T17:53:09
315966955,212300,2154152,-37.334193427008884,30000.0,15.960457665096907,9177.1826171875,47,13,1,1980-01-06T03:35:55,1633359196.536733,2021-10-04T17:53:16
315966963,212300,2162152,-37.41377500881781,30000.0,15.948048928080176,9177.1826171875,132,13,1,1980-01-06T03:36:03,1633359202.846652,2021-10-04T17:53:22
315966969,212300,2168152,-38.47591276936582,30000.0,15.974411365534804,9177.1826171875,197,13,1,1980-01-06T03:36:09,1633359209.196117,2021-10-04T17:53:29
315966976,212300,2175152,-37.40489738571114,30000.0,15.932140986782262,9177.1826171875,19,13,1,1980-01-06T03:36:16,1633359216.156188,2021-10-04T17:53:36
315966982,212300,2181152,-38.28758240746165,30000.0,15.951491006479412,9177.1826171875,84,13,1,1980-01-06T03:36:22,1633359222.4664319,2021-10-04T17:53:42
315966990,212300,2189152,-37.39601976171316,30000.0,15.911037836443398,9177.1826171875,170,13,1,1980-01-06T03:36:30,1633359231.5858848,2021-10-04T17:53:51
315966996,212300,2195152,-37.440407872790004,30000.0,15.907613996029763,9177.1826171875,235,13,1,1980-01-06T03:36:36,1633359237.945453,2021-10-04T17:53:57
315967003,428100,2202152,-37.53964692624265,30000.0,15.890817080558879,9177.1826171875,56,13,1,1980-01-06T03:36:43,1633359244.8248808,2021-10-04T17:54:04
315967010,428100,2209152,-38.45562130184262,30000.0,15.916718901064705,9177.1826171875,132,13,1,1980-01-06T03:36:50,1633359251.184861,2021-10-04T17:54:11
315967016,428100,2215152,-37.50540470952144,30000.0,15.873902140606406,9177.1826171875,197,13,1,1980-01-06T03:36:56,1633359258.11458,2021-10-04T17:54:18
315967022,428100,2221152,-37.502551190862775,30000.0,15.86860800656476,9177.1826171875,6,13,1,1980-01-06T03:37:02,1633359264.4840648,2021-10-04T17:54:24
315967030,428100,2229152,-37.64364172536459,30000.0,15.858670771370956,9177.1826171875,94,13,1,1980-01-06T03:37:10,1633359271.4542289,2021-10-04T17:54:31
315967037,428100,2236152,-38.626830412959315,30000.0,15.892441892311098,9177.1826171875,169,13,1,1980-01-06T03:37:17,1633359277.7839289,2021-10-04T17:54:37
315967044,428100,2243152,-37.77426916559159,30000.0,15.843142946626546,9177.1826171875,244,13,1,1980-01-06T03:37:24,1633359284.743453,2021-10-04T17:54:44
315967051,428100,2250152,-38.377308875704855,30000.0,15.872244110975133,9177.1826171875,66,13,1,1980-01-06T03:37:31,1633359291.065532,2021-10-04T17:54:51
315967058,428100,2257152,-38.39664919792112,30000.0,15.857489054948374,9177.1826171875,141,13,1,1980-01-06T03:37:38,1633359298.0232449,2021-10-04T17:54:58
315967064,428100,2263152,-38.44357324079747,30000.0,15.854178927385849,9177.1826171875,206,13,1,1980-01-06T03:37:44,1633359304.342865,2021-10-04T17:55:04
315967071,428100,2270152,-37.645861125232386,30000.0,15.806922495596393,9177.1826171875,26,13,1,1980-01-06T03:37:51,1633359311.26276,2021-10-04T17:55:11
315967078,428100,2277152,-37.687078541224764,30000.0,15.793019831365841,9177.1826171875,103,13,1,1980-01-06T03:37:58,1633359317.562736,2021-10-04T17:55:17
315967085,428100,2284152,-37.62271595244381,30000.0,15.795634215962128,9177.1826171875,179,13,1,1980-01-06T03:38:05,1633359326.7329679,2021-10-04T17:55:26
315967090,428100,2289152,-37.636349411121046,30000.0,15.785813709846128,9177.1826171875,234,13,1,1980-01-06T03:38:10,1633359333.112813,2021-10-04T17:55:33
315967098,428100,2297152,-37.72893005165061,30000.0,15.763603924252356,9177.1826171875,63,13,1,1980-01-06T03:38:18,1633359339.432852,2021-10-04T17:55:39
315967105,543800,2304152,-37.65251932450153,30000.0,15.765720880445175,9177.1826171875,141,13,1,1980-01-06T03:38:25,1633359346.3716688,2021-10-04T17:55:46
315967111,543800,2310152,-37.674079204409075,30000.0,15.7510398108714,9177.1826171875,206,13,1,1980-01-06T03:38:31,1633359353.2516558,2021-10-04T17:55:53
315967118,543800,2317152,-38.24953582099979,30000.0,15.774034810122041,9177.1826171875,25,13,1,1980-01-06T03:38:38,1633359359.611445,2021-10-04T17:55:59
315967126,543800,2325152,-38.5241049860706,30000.0,15.7746168643484,9177.1826171875,113,13,1,1980-01-06T03:38:46,1633359366.5213518,2021-10-04T17:56:06
315967132,543800,2331152,-38.73399446567119,30000.0,15.762279176405281,9177.1826171875,178,13,1,1980-01-06T03:38:52,1633359372.871017,2021-10-04T17:56:12
315967139,543800,2338152,-39.20386608666595,30000.0,15.765402585467154,9177.1826171875,253,13,1,1980-01-06T03:38:59,1633359379.770768,2021-10-04T17:56:19
315967146,543800,2345152,-38.88174114194116,30000.0,15.752638963049021,9177.1826171875,73,13,1,1980-01-06T03:39:06,1633359386.081161,2021-10-04T17:56:26
315967152,543800,2351152,-37.70895546960016,30000.0,15.70578898627418,9177.1826171875,138,13,1,1980-01-06T03:39:12,1633359393.0824518,2021-10-04T17:56:33
315967159,543800,2358152,-38.491131366952324,30000.0,15.737099781352821,9177.1826171875,215,13,1,1980-01-06T03:39:19,1633359399.4206169,2021-10-04T17:56:39
315967165,543800,2364152,-37.589741997185385,30000.0,15.695813052528072,9177.1826171875,25,13,1,1980-01-06T03:39:25,1633359406.310453,2021-10-04T17:56:46
315967172,543800,2371152,-38.54027473710628,30000.0,15.72354686492575,9177.1826171875,100,13,1,1980-01-06T03:39:32,1633359412.679816,2021-10-04T17:56:52
315967179,543800,2378152,-37.60464369002693,30000.0,15.680858107036741,9177.1826171875,175,13,1,1980-01-06T03:39:39,1633359421.7504408,2021-10-04T17:57:01
315967185,543800,2384152,-38.535835982214465,30000.0,15.702681483727005,9177.1826171875,241,13,1,1980-01-06T03:39:45,1633359428.1606278,2021-10-04T17:57:08
315967193,543800,2392152,-37.58688848124839,30000.0,15.664588678580303,9177.1826171875,72,13,1,1980-01-06T03:39:53,1633359434.5702639,2021-10-04T17:57:14
315967199,543800,2398152,-37.72417419919073,30000.0,15.649393127600732,9177.1826171875,137,13,1,1980-01-06T03:39:59,1633359441.499632,2021-10-04T17:57:21
315967214,670900,2413152,-38.73811615741249,30000.0,15.674572205164118,9177.1826171875,44,13,1,1980-01-06T03:40:14,1633359454.809265,2021-10-04T17:57:34
315967221,670900,2420152,-38.208318667191996,30000.0,15.648169054143613,9177.1826171875,120,13,1,1980-01-06T03:40:21,1633359461.748765,2021-10-04T17:57:41
315967226,670900,2425152,-38.79708803359424,30000.0,15.661423504606095,9177.1826171875,175,13,1,1980-01-06T03:40:26,1633359468.1488888,2021-10-04T17:57:48
315967235,670900,2434152,-38.74445722125472,30000.0,15.643808949986743,9177.1826171875,17,13,1,1980-01-06T03:40:35,1633359475.128496,2021-10-04T17:57:55
315967241,670900,2440152,-38.73240919956568,30000.0,15.63815520782562,9177.1826171875,82,13,1,1980-01-06T03:40:41,1633359481.458245,2021-10-04T17:58:01
315967247,670900,2446152,-38.00984194984112,30000.0,15.603934971638573,9177.1826171875,147,13,1,1980-01-06T03:40:47,1633359487.788132,2021-10-04T17:58:07
315967254,670900,2453152,-38.517446852431725,30000.0,15.624370018343061,9177.1826171875,222,13,1,1980-01-06T03:40:54,1633359494.1386878,2021-10-04T17:58:14
315967261,670900,2460152,-38.510471664272316,30000.0,15.618915672032006,9177.1826171875,44,13,1,1980-01-06T03:41:01,1633359501.657876,2021-10-04T17:58:21
315967267,670900,2466152,-37.703882559154565,30000.0,15.586378674431216,9177.1826171875,109,13,1,1980-01-06T03:41:07,1633359507.358028,2021-10-04T17:58:27
315967274,670900,2473152,-38.59861263783239,30000.0,15.601768676457944,9177.1826171875,184,13,1,1980-01-06T03:41:14,1633359514.309309,2021-10-04T17:58:34
315967281,670900,2480152,-37.69120028176728,30000.0,15.559948601204674,9177.1826171875,4,13,1,1980-01-06T03:41:21,1633359520.6179008,2021-10-04T17:58:40
315967288,670900,2487152,-37.74700228866529,30000.0,15.551849844051992,9177.1826171875,81,13,1,1980-01-06T03:41:28,1633359529.7482119,2021-10-04T17:58:49
315967293,670900,2492152,-37.72100363074203,30000.0,15.550795487578524,9177.1826171875,134,13,1,1980-01-06T03:41:33,1633359536.0881479,2021-10-04T17:58:56
315967302,670900,2501152,-39.00222108148118,30000.0,15.581798676833268,9177.1826171875,232,13,1,1980-01-06T03:41:42,1633359543.627056,2021-10-04T17:59:03
315967308,670900,2507152,-37.858923253171,30000.0,15.525303379035346,9177.1826171875,41,13,1,1980-01-06T03:41:48,1633359549.419468,2021-10-04T17:59:09
315967315,670900,2514152,-38.70133797815995,30000.0,15.549029874689353,9177.1826171875,119,13,1,1980-01-06T03:41:55,1633359556.927312,2021-10-04T17:59:16
315967322,670900,2521152,-38.05581503104547,30000.0,15.502221807732623,9177.1826171875,194,13,1,1980-01-06T03:42:02,1633359562.686641,2021-10-04T17:59:22
315967329,670900,2528152,-38.926128507186874,30000.0,15.52191051350957,9177.1826171875,13,13,1,1980-01-06T03:42:09,1633359570.2767289,2021-10-04T17:59:30
315967335,670900,2534152,-38.0948128673982,30000.0,15.48309670511519,9177.1826171875,79,13,1,1980-01-06T03:42:15,1633359576.028612,2021-10-04T17:59:36
315967342,670900,2541152,-39.11065288670716,30000.0,15.52417538266226,9177.1826171875,156,13,1,1980-01-06T03:42:22,1633359582.946084,2021-10-04T17:59:42
315967349,670900,2548152,-38.7577734538432,30000.0,15.50995265688925,9177.1826171875,231,13,1,1980-01-06T03:42:29,1633359589.2862039,2021-10-04T17:59:49
315967356,670900,2555152,-37.86811788701741,30000.0,15.473867403947946,9177.1826171875,51,13,1,1980-01-06T03:42:36,1633359596.226764,2021-10-04T17:59:56
315967362,670900,2561152,-38.90013019596072,30000.0,15.505362987890072,9177.1826171875,116,13,1,1980-01-06T03:42:42,1633359602.6061969,2021-10-04T18:00:02
315967370,670900,2569152,-37.80819422165651,30000.0,15.46105981700682,9177.1826171875,204,13,1,1980-01-06T03:42:50,1633359609.506008,2021-10-04T18:00:09
315967376,670900,2575152,-37.80787716511802,30000.0,15.455870093454662,9177.1826171875,13,13,1,1980-01-06T03:42:56,1633359615.795924,2021-10-04T18:00:15
315967382,670900,2581152,-37.77141565560951,30000.0,15.444014584318968,9177.1826171875,78,13,1,1980-01-06T03:43:02,1633359624.946352,2021-10-04T18:00:24
315967390,670900,2589152,-37.70451667297618,30000.0,15.441284485733647,9177.1826171875,166,13,1,1980-01-06T03:43:10,1633359631.296128,2021-10-04T18:00:31
315967397,670900,2596152,-37.76126984159409,30000.0,15.433234774518885,9177.1826171875,241,13,1,1980-01-06T03:43:17,1633359638.175137,2021-10-04T18:00:38
315967403,911200,2602152,-37.82499821656927,30000.0,15.420292682541028,9177.1826171875,50,13,1,1980-01-06T03:43:23,1633359644.535476,2021-10-04T18:00:44
315967410,911200,2609152,-37.74922168593876,30000.0,15.417199805856404,9177.1826171875,126,13,1,1980-01-06T03:43:30,1633359651.474777,2021-10-04T18:00:51
315967417,911200,2616152,-38.67692486796723,30000.0,15.444646626119496,9177.1826171875,203,13,1,1980-01-06T03:43:37,1633359657.77454,2021-10-04T18:00:57
315967424,911200,2623152,-38.71053252440724,30000.0,15.440839693713084,9177.1826171875,22,13,1,1980-01-06T03:43:44,1633359664.686213,2021-10-04T18:01:04
315967430,911200,2629152,-38.62270871603048,30000.0,15.437280305032242,9177.1826171875,88,13,1,1980-01-06T03:43:50,1633359670.994884,2021-10-04T18:01:10
315967437,911200,2636152,-38.72162938929448,30000.0,15.425782924592514,9177.1826171875,163,13,1,1980-01-06T03:43:57,1633359677.9542608,2021-10-04T18:01:17
315967443,911200,2642152,-38.758724613237064,30000.0,15.432458452094563,9177.1826171875,228,13,1,1980-01-06T03:44:03,1633359684.234205,2021-10-04T18:01:24
315967450,911200,2649152,-38.49715539444003,30000.0,15.406314781698207,9177.1826171875,50,13,1,1980-01-06T03:44:10,1633359691.235045,2021-10-04T18:01:31
315967456,911200,2655152,-37.71212603848087,30000.0,15.374215331563812,9177.1826171875,115,13,1,1980-01-06T03:44:16,1633359697.5441759,2021-10-04T18:01:37
315967464,911200,2663152,-38.47718098593141,30000.0,15.395157708754365,9177.1826171875,200,13,1,1980-01-06T03:44:24,1633359703.945708,2021-10-04T18:01:43
315967470,911200,2669152,-38.58371111250271,30000.0,15.399494338370848,9177.1826171875,10,13,1,1980-01-06T03:44:30,1633359710.243556,2021-10-04T18:01:50
315967478,911200,2677152,-37.68042034455791,30000.0,15.346989862589318,9177.1826171875,97,13,1,1980-01-06T03:44:38,1633359719.954421,2021-10-04T18:01:59
315967491,911200,2690152,-37.61574069370306,30000.0,15.339144827641357,9177.1826171875,238,13,1,1980-01-06T03:44:51,1633359733.193184,2021-10-04T18:02:13
315967497,911200,2696152,-37.57325501494504,30000.0,15.332213988389922,9177.1826171875,47,13,1,1980-01-06T03:44:57,1633359739.513152,2021-10-04T18:02:19
315967506,28700,2704152,-38.44325618653727,30000.0,15.367905667450023,9177.1826171875,135,13,1,1980-01-06T03:45:06,1633359746.383245,2021-10-04T18:02:26
315967512,28700,2710152,-38.372236003603554,30000.0,15.35982648981855,9177.1826171875,200,13,1,1980-01-06T03:45:12,1633359752.773344,2021-10-04T18:02:32
315967519,28700,2717152,-37.460382515504875,30000.0,15.317185537040233,9177.1826171875,19,13,1,1980-01-06T03:45:19,1633359759.1229649,2021-10-04T18:02:39
315967525,28700,2723152,-38.34592047490723,30000.0,15.338057575614737,9177.1826171875,84,13,1,1980-01-06T03:45:25,1633359766.0829399,2021-10-04T18:02:46
315967533,28700,2731152,-37.61700892260594,30000.0,15.292540249293463,9177.1826171875,172,13,1,1980-01-06T03:45:33,1633359772.4930038,2021-10-04T18:02:52
315967539,28700,2737152,-38.581174682409255,30000.0,15.321818916083027,9177.1826171875,237,13,1,1980-01-06T03:45:39,1633359778.7825198,2021-10-04T18:02:58
315967546,28700,2744152,-37.719735403330716,30000.0,15.27086515182012,9177.1826171875,57,13,1,1980-01-06T03:45:46,1633359785.802268,2021-10-04T18:03:05
315967553,28700,2751152,-38.513008096393946,30000.0,15.303511116049998,9177.1826171875,134,13,1,1980-01-06T03:45:53,1633359792.152093,2021-10-04T18:03:12
315967560,28700,2758152,-38.59005218741804,30000.0,15.301500878239272,9177.1826171875,209,13,1,1980-01-06T03:46:00,1633359799.022316,2021-10-04T18:03:19
315967567,28700,2765152,-37.60052194544967,30000.0,15.25556070601847,9177.1826171875,29,13,1,1980-01-06T03:46:07,1633359805.932009,2021-10-04T18:03:25
315967573,28700,2771152,-37.55010982315143,30000.0,15.248288251837238,9177.1826171875,94,13,1,1980-01-06T03:46:13,1633359815.062577,2021-10-04T18:03:35
315967580,28700,2778152,-37.54091515623693,30000.0,15.247907838316488,9177.1826171875,171,13,1,1980-01-06T03:46:20,1633359821.402801,2021-10-04T18:03:41
315967587,28700,2785152,-37.56723092451348,30000.0,15.233444442280721,9177.1826171875,247,13,1,1980-01-06T03:46:27,1633359828.3716478,2021-10-04T18:03:48
315967593,28700,2791152,-37.51047763135391,30000.0,15.236272749642348,9177.1826171875,56,13,1,1980-01-06T03:46:33,1633359834.651589,2021-10-04T18:03:54
315967601,28700,2799152,-38.462596494328956,30000.0,15.265232692820536,9177.1826171875,144,13,1,1980-01-06T03:46:41,1633359840.9917638,2021-10-04T18:04:00
315967607,28700,2805152,-37.47433305694701,30000.0,15.214027166305556,9177.1826171875,209,13,1,1980-01-06T03:46:47,1633359847.871408,2021-10-04T18:04:07
315967614,28700,2812152,-38.43089106950274,30000.0,15.24841084804662,9177.1826171875,28,13,1,1980-01-06T03:46:54,1633359854.2216358,2021-10-04T18:04:14
315967620,28700,2818152,-38.36748018574426,30000.0,15.245797180790307,9177.1826171875,93,13,1,1980-01-06T03:47:00,1633359860.5519998,2021-10-04T18:04:20
315967628,28700,2826152,-38.39252749026252,30000.0,15.23647838248722,9177.1826171875,181,13,1,1980-01-06T03:47:08,1633359867.4214518,2021-10-04T18:04:27
315967634,28700,2832152,-38.404258503863005,30000.0,15.242135264763727,9177.1826171875,246,13,1,1980-01-06T03:47:14,1633359873.750756,2021-10-04T18:04:33
315967641,28700,2839152,-38.124616080333,30000.0,15.225429574885862,9177.1826171875,66,13,1,1980-01-06T03:47:21,1633359880.6226969,2021-10-04T18:04:40
315967647,28700,2845152,-38.12778663430936,30000.0,15.220380901995654,9177.1826171875,131,13,1,1980-01-06T03:47:27,1633359886.9410129,2021-10-04T18:04:46
315967655,28700,2853152,-38.136981240197905,30000.0,15.21558261170116,9177.1826171875,218,13,1,1980-01-06T03:47:35,1633359894.470969,2021-10-04T18:04:54
315967661,28700,2859152,-38.01554895432455,30000.0,15.21055730816242,9177.1826171875,28,13,1,1980-01-06T03:47:41,1633359900.8303728,2021-10-04T18:05:00
315967668,28700,2866152,-37.129056509373186,30000.0,15.168505570665893,9177.1826171875,103,13,1,1980-01-06T03:47:48,1633359907.180436,2021-10-04T18:05:07
315967675,28700,2873152,-37.102423551623,30000.0,15.162203948572522,9177.1826171875,178,13,1,1980-01-06T03:47:55,1633359916.2109768,2021-10-04T18:05:16
315967682,28700,2880152,-37.11066708702192,30000.0,15.152163633397658,9177.1826171875,0,13,1,1980-01-06T03:48:02,1633359922.5916278,2021-10-04T18:05:22
315967688,28700,2886152,-37.09100942441728,30000.0,15.151338435216386,9177.1826171875,65,13,1,1980-01-06T03:48:08,1633359928.92066,2021-10-04T18:05:28
315967695,28700,2893152,-37.09671648820431,30000.0,15.14119992912977,9177.1826171875,140,13,1,1980-01-06T03:48:15,1633359935.810113,2021-10-04T18:05:35
315967702,28700,2900152,-37.92899268008766,30000.0,15.170710726665076,9177.1826171875,216,13,1,1980-01-06T03:48:22,1633359942.1211278,2021-10-04T18:05:42
315967709,28700,2907152,-38.01491484273347,30000.0,15.169098150307734,9177.1826171875,37,13,1,1980-01-06T03:48:29,1633359949.049744,2021-10-04T18:05:49
315967714,28700,2912152,-37.03710935937261,30000.0,15.123119412556266,9177.1826171875,90,13,1,1980-01-06T03:48:34,1633359955.399852,2021-10-04T18:05:55
315967723,28700,2921152,-38.25968157899033,30000.0,15.168889531413148,9177.1826171875,188,13,1,1980-01-06T03:48:43,1633359962.339341,2021-10-04T18:06:02
315967728,28700,2926152,-37.85733797137671,30000.0,15.147007142454475,9177.1826171875,243,13,1,1980-01-06T03:48:48,1633359968.729413,2021-10-04T18:06:08
315967736,28700,2934152,-37.85702091501444,30000.0,15.14180932671583,9177.1826171875,75,13,1,1980-01-06T03:48:56,1633359975.669276,2021-10-04T18:06:15
315967743,28700,2941152,-36.97020982117899,30000.0,15.083962782350119,9177.1826171875,150,13,1,1980-01-06T03:49:03,1633359982.01928,2021-10-04T18:06:22
315967750,28700,2948152,-37.907749918516494,30000.0,15.112836942659676,9177.1826171875,225,13,1,1980-01-06T03:49:10,1633359989.009081,2021-10-04T18:06:29
315967756,28700,2954152,-36.957210378974466,30000.0,15.0730248835052,9177.1826171875,35,13,1,1980-01-06T03:49:16,1633359995.3298368,2021-10-04T18:06:35
315967763,28700,2961152,-38.19024652446349,30000.0,15.114245637059781,9177.1826171875,112,13,1,1980-01-06T03:49:23,1633360002.2895849,2021-10-04T18:06:42
315967770,28700,2968152,-36.889676660670716,30000.0,15.059798843457731,9177.1826171875,187,13,1,1980-01-06T03:49:30,1633360008.65902,2021-10-04T18:06:48
315967777,28700,2975152,-36.87287248800858,30000.0,15.053896030207358,9177.1826171875,7,13,1,1980-01-06T03:49:37,1633360017.790957,2021-10-04T18:06:57
315967783,28700,2981152,-36.86494599036139,30000.0,15.048363333006124,9177.1826171875,72,13,1,1980-01-06T03:49:43,1633360024.1524649,2021-10-04T18:07:04
315967791,28700,2989152,-37.96386884473411,30000.0,15.089279919886625,9177.1826171875,160,13,1,1980-01-06T03:49:51,1633360031.078848,2021-10-04T18:07:11
315967796,28700,2994152,-36.82467937134061,30000.0,15.031079148146825,9177.1826171875,215,13,1,1980-01-06T03:49:56,1633360037.398293,2021-10-04T18:07:17
315967804,295100,3002152,-37.779976185279494,30000.0,15.066047909103624,9177.1826171875,44,13,1,1980-01-06T03:50:04,1633360044.3482769,2021-10-04T18:07:24
315967810,295100,3008152,-37.83958281333887,30000.0,15.063357865071692,9177.1826171875,109,13,1,1980-01-06T03:50:10,1633360050.688485,2021-10-04T18:07:30
315967817,295100,3015152,-37.72575948337244,30000.0,15.048224927670992,9177.1826171875,187,13,1,1980-01-06T03:50:17,1633360057.5687199,2021-10-04T18:07:37
315967823,295100,3021152,-37.10305766975789,30000.0,15.022049498329629,9177.1826171875,252,13,1,1980-01-06T03:50:23,1633360063.309017,2021-10-04T18:07:43
315967831,295100,3029152,-37.61764303705056,30000.0,15.028141332597128,9177.1826171875,82,13,1,1980-01-06T03:50:31,1633360070.7987568,2021-10-04T18:07:50
315967837,295100,3035152,-37.59354668495814,30000.0,15.021938889810473,9177.1826171875,147,13,1,1980-01-06T03:50:37,1633360077.137861,2021-10-04T18:07:57
315967844,295100,3042152,-37.655689895405864,30000.0,15.024555923048535,9177.1826171875,224,13,1,1980-01-06T03:50:44,1633360083.507652,2021-10-04T18:08:03
315967850,295100,3048152,-37.791073166951534,30000.0,15.019870296559827,9177.1826171875,33,13,1,1980-01-06T03:50:50,1633360090.4574919,2021-10-04T18:08:10
315967858,295100,3056152,-36.56849446812994,30000.0,14.96825135354524,9177.1826171875,119,13,1,1980-01-06T03:50:58,1633360097.347488,2021-10-04T18:08:17
315967864,295100,3062152,-37.44135904635493,30000.0,15.005166449036146,9177.1826171875,184,13,1,1980-01-06T03:51:04,1633360103.117657,2021-10-04T18:08:23
315967871,295100,3069152,-36.4736931833733,30000.0,14.964225781532187,9177.1826171875,6,13,1,1980-01-06T03:51:11,1633360110.068564,2021-10-04T18:08:30
315967877,295100,3075152,-37.35955808237357,30000.0,14.991342072630188,9177.1826171875,71,13,1,1980-01-06T03:51:17,1633360116.3986409,2021-10-04T18:08:36
315967885,295100,3083152,-36.44579178254787,30000.0,14.947435480355246,9177.1826171875,156,13,1,1980-01-06T03:51:25,1633360125.4382439,2021-10-04T18:08:45
315967891,295100,3089152,-36.39950080266751,30000.0,14.94026301023594,9177.1826171875,222,13,1,1980-01-06T03:51:31,1633360131.778465,2021-10-04T18:08:51
315967898,295100,3096152,-36.417890372918535,30000.0,14.930642507824773,9177.1826171875,43,13,1,1980-01-06T03:51:38,1633360138.7373118,2021-10-04T18:08:58
315967905,295100,3103152,-37.6090824916645,30000.0,14.970744074248056,9177.1826171875,118,13,1,1980-01-06T03:51:45,1633360145.036828,2021-10-04T18:09:05
315967912,295100,3110152,-36.575786870439856,30000.0,14.906176711374982,9177.1826171875,194,13,1,1980-01-06T03:51:52,1633360151.9567518,2021-10-04T18:09:11
315967918,295100,3116152,-37.57230384279892,30000.0,14.943267825693319,9177.1826171875,3,13,1,1980-01-06T03:51:58,1633360158.9367208,2021-10-04T18:09:18
315967925,295100,3123152,-37.250807071219604,30000.0,14.934860044919704,9177.1826171875,80,13,1,1980-01-06T03:52:05,1633360165.8767369,2021-10-04T18:09:25
315967932,295100,3130152,-37.4771865765163,30000.0,14.923688182089723,9177.1826171875,156,13,1,1980-01-06T03:52:12,1633360172.1966128,2021-10-04T18:09:32
315967939,295100,3137152,-36.701342920241565,30000.0,14.885531967521782,9177.1826171875,231,13,1,1980-01-06T03:52:19,1633360179.0767329,2021-10-04T18:09:39
315967945,295100,3143152,-37.51333114975678,30000.0,14.904470519535751,9177.1826171875,40,13,1,1980-01-06T03:52:25,1633360184.7863479,2021-10-04T18:09:44
315967953,295100,3151152,-37.51396526494491,30000.0,14.90449533331656,9177.1826171875,128,13,1,1980-01-06T03:52:33,1633360191.736804,2021-10-04T18:09:51
315967959,295100,3157152,-36.85131241274612,30000.0,14.865947245884493,9177.1826171875,193,13,1,1980-01-06T03:52:39,1633360198.056164,2021-10-04T18:09:58
315967966,295100,3164152,-36.502545759058556,30000.0,14.845850162713289,9177.1826171875,13,13,1,1980-01-06T03:52:46,1633360204.9261038,2021-10-04T18:10:04
315967972,295100,3170152,-36.48859506429835,30000.0,14.840047538473398,9177.1826171875,78,13,1,1980-01-06T03:52:52,1633360211.246297,2021-10-04T18:10:11
315967980,295100,3178152,-36.395696063517406,30000.0,14.836063318144475,9177.1826171875,165,13,1,1980-01-06T03:53:00,1633360220.350005,2021-10-04T18:10:20
315967985,295100,3183152,-36.36050221861806,30000.0,14.829353507060455,9177.1826171875,220,13,1,1980-01-06T03:53:05,1633360226.736641,2021-10-04T18:10:26
315967992,295100,3190152,-36.34084438924392,30000.0,14.823312972565803,9177.1826171875,40,13,1,1980-01-06T03:53:12,1633360233.616096,2021-10-04T18:10:33
315967999,295100,3197152,-36.36208752724813,30000.0,14.813813893096809,9177.1826171875,115,13,1,1980-01-06T03:53:19,1633360239.326268,2021-10-04T18:10:39
315968007,408700,3205152,-37.098301783635335,30000.0,14.834935454280979,9177.1826171875,203,13,1,1980-01-06T03:53:27,1633360247.375933,2021-10-04T18:10:47
315968013,408700,3211152,-36.2276532544325,30000.0,14.802835492042082,9177.1826171875,12,13,1,1980-01-06T03:53:33,1633360253.115713,2021-10-04T18:10:53
315968020,408700,3218152,-37.133812393841595,30000.0,14.82606803429234,9177.1826171875,87,13,1,1980-01-06T03:53:40,1633360260.075268,2021-10-04T18:11:00
315968027,408700,3225152,-37.14586063335007,30000.0,14.8213847622493,9177.1826171875,165,13,1,1980-01-06T03:53:47,1633360266.3654408,2021-10-04T18:11:06
315968034,408700,3232152,-36.13190041661744,30000.0,14.783100900746005,9177.1826171875,240,13,1,1980-01-06T03:53:54,1633360273.295389,2021-10-04T18:11:13
315968039,408700,3237152,-36.62366306197428,30000.0,14.79384633598526,9177.1826171875,39,13,1,1980-01-06T03:53:59,1633360279.6852689,2021-10-04T18:11:19
315968047,408700,3245152,-36.80026574300534,30000.0,14.796220485996301,9177.1826171875,125,13,1,1980-01-06T03:54:07,1633360286.6554399,2021-10-04T18:11:26
315968053,408700,3251152,-36.981306904475694,30000.0,14.798778481297813,9177.1826171875,190,13,1,1980-01-06T03:54:13,1633360292.974845,2021-10-04T18:11:32
315968061,408700,3259152,-36.05231768112244,30000.0,14.753633041286491,9177.1826171875,22,13,1,1980-01-06T03:54:21,1633360299.904785,2021-10-04T18:11:39
315968066,408700,3264152,-36.976868071324134,30000.0,14.788198328415227,9177.1826171875,77,13,1,1980-01-06T03:54:26,1633360306.324668,2021-10-04T18:11:46
315968074,408700,3272152,-35.952759895234976,30000.0,14.738920924388347,9177.1826171875,162,13,1,1980-01-06T03:54:34,1633360315.3852758,2021-10-04T18:11:55
315968080,408700,3278152,-35.96036941148841,30000.0,14.734042710152718,9177.1826171875,227,13,1,1980-01-06T03:54:40,1633360321.7052839,2021-10-04T18:12:01
315968087,408700,3285152,-35.926443646476926,30000.0,14.727363535472064,9177.1826171875,49,13,1,1980-01-06T03:54:47,1633360328.5968769,2021-10-04T18:12:08
315968095,408700,3293152,-36.81833816982362,30000.0,14.75022524746065,9177.1826171875,134,13,1,1980-01-06T03:54:55,1633360334.9842758,2021-10-04T18:12:14
315968102,408700,3300152,-36.82943527217992,30000.0,14.74550755344255,9177.1826171875,212,13,1,1980-01-06T03:55:02,1633360341.9948409,2021-10-04T18:12:21
315968108,538600,3306152,-35.87793295053043,30000.0,14.704429888311122,9177.1826171875,21,13,1,1980-01-06T03:55:08,1633360348.2943408,2021-10-04T18:12:28
315968115,538600,3313152,-36.74604844038841,30000.0,14.731527572205685,9177.1826171875,96,13,1,1980-01-06T03:55:15,1633360355.2041008,2021-10-04T18:12:35
315968122,538600,3320152,-36.83292293263285,30000.0,14.730070675544896,9177.1826171875,172,13,1,1980-01-06T03:55:22,1633360361.594065,2021-10-04T18:12:41
315968135,538600,3333152,-36.633809006520366,30000.0,14.716302446841262,9177.1826171875,58,13,1,1980-01-06T03:55:35,1633360374.853852,2021-10-04T18:12:54
315968143,538600,3341152,-35.7476197727912,30000.0,14.66229173752975,9177.1826171875,144,13,1,1980-01-06T03:55:43,1633360381.7638688,2021-10-04T18:13:01
315968148,538600,3346152,-36.91567556302523,30000.0,14.707656994961834,9177.1826171875,199,13,1,1980-01-06T03:55:48,1633360388.063561,2021-10-04T18:13:08
315968156,538600,3354152,-35.77520433008749,30000.0,14.647867658080118,9177.1826171875,31,13,1,1980-01-06T03:55:56,1633360395.0239038,2021-10-04T18:13:15
315968162,538600,3360152,-36.74002429360114,30000.0,14.684491386393926,9177.1826171875,96,13,1,1980-01-06T03:56:02,1633360403.263772,2021-10-04T18:13:23
315968171,538600,3369152,-35.65820770033586,30000.0,14.632344925191916,9177.1826171875,194,13,1,1980-01-06T03:56:11,1633360412.383828,2021-10-04T18:13:32
315968177,538600,3375152,-35.67691448893129,30000.0,14.633154464645042,9177.1826171875,3,13,1,1980-01-06T03:56:17,1633360418.676216,2021-10-04T18:13:38
315968185,538600,3383152,-35.65376880076617,30000.0,14.616512701661145,9177.1826171875,88,13,1,1980-01-06T03:56:25,1633360425.6633608,2021-10-04T18:13:45
315968192,538600,3390152,-36.50286282027753,30000.0,14.648242242212431,9177.1826171875,166,13,1,1980-01-06T03:56:32,1633360431.933533,2021-10-04T18:13:51
315968199,538600,3397152,-36.532983630895615,30000.0,14.649545381022055,9177.1826171875,241,13,1,1980-01-06T03:56:39,1633360438.804196,2021-10-04T18:13:58
315968205,538600,3403152,-36.57832335805885,30000.0,14.646316731136096,9177.1826171875,50,13,1,1980-01-06T03:56:45,1633360445.1128929,2021-10-04T18:14:05
315968212,538600,3410152,-36.32911310189009,30000.0,14.630306232326657,9177.1826171875,126,13,1,1980-01-06T03:56:52,1633360452.0531769,2021-10-04T18:14:12
315968218,538600,3416152,-36.348770933872196,30000.0,14.62074905208439,9177.1826171875,191,13,1,1980-01-06T03:56:58,1633360458.372773,2021-10-04T18:14:18
315968226,538600,3424152,-36.253969413548475,30000.0,14.611427228325772,9177.1826171875,23,13,1,1980-01-06T03:57:06,1633360465.272728,2021-10-04T18:14:25
315968232,538600,3430152,-35.31197286475324,30000.0,14.575475900772734,9177.1826171875,88,13,1,1980-01-06T03:57:12,1633360471.602805,2021-10-04T18:14:31
315968238,538600,3436152,-36.23336037394199,30000.0,14.605322187694195,9177.1826171875,153,13,1,1980-01-06T03:57:18,1633360478.5434768,2021-10-04T18:14:38
315968245,538600,3443152,-35.21526783788831,30000.0,14.560794650407708,9177.1826171875,228,13,1,1980-01-06T03:57:25,1633360484.282204,2021-10-04T18:14:44
315968252,538600,3450152,-36.3950619403098,30000.0,14.596749449219883,9177.1826171875,50,13,1,1980-01-06T03:57:32,1633360491.194337,2021-10-04T18:14:51
315968258,538600,3456152,-35.13663547579163,30000.0,14.546895173384728,9177.1826171875,115,13,1,1980-01-06T03:57:38,1633360497.502552,2021-10-04T18:14:57
315968266,538600,3464152,-35.07797822466089,30000.0,14.539095374176267,9177.1826171875,201,13,1,1980-01-06T03:57:46,1633360504.352285,2021-10-04T18:15:04
315968272,538600,3470152,-35.039613190712316,30000.0,14.532179478694696,9177.1826171875,10,13,1,1980-01-06T03:57:52,1633360510.642305,2021-10-04T18:15:10
315968279,538600,3477152,-34.98190707524445,30000.0,14.52441744551659,9177.1826171875,87,13,1,1980-01-06T03:57:59,1633360520.3122249,2021-10-04T18:15:20
315968286,538600,3484152,-34.909615844488144,30000.0,14.516005509179598,9177.1826171875,163,13,1,1980-01-06T03:58:06,1633360526.6624959,2021-10-04T18:15:26
315968293,538600,3491152,-35.960052348324254,30000.0,14.551748993889133,9177.1826171875,238,13,1,1980-01-06T03:58:13,1633360533.642165,2021-10-04T18:15:33
315968299,757900,3497152,-34.83447094987348,30000.0,14.502236568234292,9177.1826171875,47,13,1,1980-01-06T03:58:19,1633360539.332144,2021-10-04T18:15:39
315968306,757900,3504152,-35.810081344236096,30000.0,14.539971585755945,9177.1826171875,125,13,1,1980-01-06T03:58:26,1633360546.831861,2021-10-04T18:15:46
315968312,757900,3510152,-34.73491179283862,30000.0,14.487379835135043,9177.1826171875,190,13,1,1980-01-06T03:58:32,1633360552.571852,2021-10-04T18:15:52
315968320,757900,3518152,-35.72162052700239,30000.0,14.520458338559125,9177.1826171875,19,13,1,1980-01-06T03:58:40,1633360559.521577,2021-10-04T18:15:59
315968326,757900,3524152,-34.69274179762542,30000.0,14.475060253820903,9177.1826171875,85,13,1,1980-01-06T03:58:46,1633360565.801781,2021-10-04T18:16:05
315968333,757900,3531152,-35.68610934967162,30000.0,14.513685574015378,9177.1826171875,162,13,1,1980-01-06T03:58:53,1633360572.721828,2021-10-04T18:16:12
315968340,757900,3538152,-35.6911823758777,30000.0,14.50348519135429,9177.1826171875,237,13,1,1980-01-06T03:59:00,1633360579.051316,2021-10-04T18:16:19
315968347,757900,3545152,-34.547524667765444,30000.0,14.45816684667858,9177.1826171875,57,13,1,1980-01-06T03:59:07,1633360585.9832768,2021-10-04T18:16:25
315968353,757900,3551152,-35.477480894850466,30000.0,14.488868105767953,9177.1826171875,122,13,1,1980-01-06T03:59:13,1633360592.261004,2021-10-04T18:16:32
315968360,757900,3558152,-34.457160176195586,30000.0,14.438462025438342,9177.1826171875,199,13,1,1980-01-06T03:59:20,1633360599.161012,2021-10-04T18:16:39
315968367,757900,3565152,-34.3902586861047,30000.0,14.43548814330385,9177.1826171875,19,13,1,1980-01-06T03:59:27,1633360608.301396,2021-10-04T18:16:48
315968374,757900,3572152,-34.35569818087531,30000.0,14.42871841272383,9177.1826171875,94,13,1,1980-01-06T03:59:34,1633360614.65136,2021-10-04T18:16:54
315968380,757900,3578152,-34.298625757348574,30000.0,14.420936842805096,9177.1826171875,159,13,1,1980-01-06T03:59:40,1633360621.541669,2021-10-04T18:17:01
315968387,757900,3585152,-34.26438228555196,30000.0,14.414181007057927,9177.1826171875,237,13,1,1980-01-06T03:59:47,1633360627.8915849,2021-10-04T18:17:07
315968394,757900,3592152,-34.1920904682125,30000.0,14.405722623126534,9177.1826171875,56,13,1,1980-01-06T03:59:54,1633360634.230501,2021-10-04T18:17:14
315968401,934900,3599152,-35.37823952701574,30000.0,14.447981993401227,9177.1826171875,132,13,1,1980-01-06T04:00:01,1633360641.150753,2021-10-04T18:17:21
315968407,934900,3605152,-34.11314012649818,30000.0,14.391729899278065,9177.1826171875,197,13,1,1980-01-06T04:00:07,1633360647.5103638,2021-10-04T18:17:27
315968415,934900,3613152,-35.086856081384916,30000.0,14.435084028352163,9177.1826171875,28,13,1,1980-01-06T04:00:15,1633360654.4606879,2021-10-04T18:17:34
315968421,934900,3619152,-34.000263210292545,30000.0,14.381442438482718,9177.1826171875,94,13,1,1980-01-06T04:00:21,1633360660.760401,2021-10-04T18:17:40
315968428,934900,3626152,-35.15502530867516,30000.0,14.427666081114136,9177.1826171875,169,13,1,1980-01-06T04:00:28,1633360667.640089,2021-10-04T18:17:47
315968434,934900,3632152,-35.20226813768856,30000.0,14.424542008676221,9177.1826171875,234,13,1,1980-01-06T04:00:34,1633360673.950448,2021-10-04T18:17:53
315968442,934900,3640152,-33.854727872542,30000.0,14.364446482276673,9177.1826171875,66,13,1,1980-01-06T04:00:42,1633360680.830272,2021-10-04T18:18:00
315968447,934900,3645152,-34.83986109211946,30000.0,14.403235532371708,9177.1826171875,121,13,1,1980-01-06T04:00:47,1633360687.1404839,2021-10-04T18:18:07
315968455,934900,3653152,-33.73297263472866,30000.0,14.343257949738305,9177.1826171875,206,13,1,1980-01-06T04:00:55,1633360696.8006399,2021-10-04T18:18:16
315968461,934900,3659152,-34.637254931179974,30000.0,14.38375671462564,9177.1826171875,16,13,1,1980-01-06T04:01:01,1633360700.340112,2021-10-04T18:18:20
315968469,934900,3667152,-33.595997791808784,30000.0,14.337096178588517,9177.1826171875,103,13,1,1980-01-06T04:01:09,1633360709.4303808,2021-10-04T18:18:29
315968475,934900,3673152,-33.55477846884476,30000.0,14.329999109851794,9177.1826171875,168,13,1,1980-01-06T04:01:15,1633360715.7905278,2021-10-04T18:18:35
315968482,934900,3680152,-33.510705479190435,30000.0,14.328009521532547,9177.1826171875,244,13,1,1980-01-06T04:01:22,1633360722.7395918,2021-10-04T18:18:42
315968489,934900,3687152,-33.81097210325004,30000.0,14.336295665993195,9177.1826171875,65,13,1,1980-01-06T04:01:29,1633360729.050396,2021-10-04T18:18:49
315968496,934900,3694152,-34.416575392037316,30000.0,14.358216957828319,9177.1826171875,141,13,1,1980-01-06T04:01:36,1633360735.979724,2021-10-04T18:18:55
315968503,83600,3700152,-33.3547059436547,30000.0,14.305247067157513,9177.1826171875,206,13,1,1980-01-06T04:01:43,1633360742.299336,2021-10-04T18:19:02
315968510,83600,3707152,-34.315430419213136,30000.0,14.338006704938364,9177.1826171875,25,13,1,1980-01-06T04:01:50,1633360749.1694329,2021-10-04T18:19:09
315968517,83600,3714152,-34.346820250745964,30000.0,14.339406845290409,9177.1826171875,103,13,1,1980-01-06T04:01:57,1633360755.449133,2021-10-04T18:19:15
315968523,83600,3720152,-34.31606455733417,30000.0,14.332802405351668,9177.1826171875,168,13,1,1980-01-06T04:02:03,1633360762.3292758,2021-10-04T18:19:22
315968529,83600,3726152,-34.16101765137116,30000.0,14.320613375477734,9177.1826171875,233,13,1,1980-01-06T04:02:09,1633360768.639564,2021-10-04T18:19:28
315968536,83600,3733152,-33.498656744382515,30000.0,14.290780983021207,9177.1826171875,52,13,1,1980-01-06T04:02:16,1633360775.4888248,2021-10-04T18:19:35
315968544,83600,3741152,-33.58204663849499,30000.0,14.25786386412463,9177.1826171875,140,13,1,1980-01-06T04:02:24,1633360781.8521528,2021-10-04T18:19:41
315968551,83600,3748152,-33.449193500073214,30000.0,14.236115288818144,9177.1826171875,215,13,1,1980-01-06T04:02:31,1633360788.7390919,2021-10-04T18:19:48
315968557,83600,3754152,-33.54431509918859,30000.0,14.224702583265657,9177.1826171875,25,13,1,1980-01-06T04:02:37,1633360795.061048,2021-10-04T18:19:55
315968564,83600,3761152,-33.72124100139736,30000.0,14.211764050714839,9177.1826171875,100,13,1,1980-01-06T04:02:44,1633360804.169404,2021-10-04T18:20:04
315968571,83600,3768152,-33.85187423607422,30000.0,14.196734053776458,9177.1826171875,177,13,1,1980-01-06T04:02:51,1633360810.508949,2021-10-04T18:20:10
315968578,83600,3775152,-33.963483060406,30000.0,14.186087803239658,9177.1826171875,253,13,1,1980-01-06T04:02:58,1633360817.3882759,2021-10-04T18:20:17
315968584,83600,3781152,-34.062408946029606,30000.0,14.174861246337011,9177.1826171875,62,13,1,1980-01-06T04:03:04,1633360823.6886609,2021-10-04T18:20:23
315968592,83600,3789152,-34.40579505561434,30000.0,14.159016887716504,9177.1826171875,150,13,1,1980-01-06T04:03:12,1633360830.578804,2021-10-04T18:20:30
315968597,83600,3794152,-34.67213239415285,30000.0,14.15537813868165,9177.1826171875,203,13,1,1980-01-06T04:03:17,1633360836.897965,2021-10-04T18:20:36
315968604,83600,3801152,-34.60047504623378,30000.0,14.131230819066474,9177.1826171875,24,13,1,1980-01-06T04:03:24,1633360843.798125,2021-10-04T18:20:43
315968610,83600,3807152,-34.846202435517625,30000.0,14.131891291626877,9177.1826171875,89,13,1,1980-01-06T04:03:30,1633360850.1488159,2021-10-04T18:20:50
315968618,83600,3815152,-34.73681419816364,30000.0,14.106045956824683,9177.1826171875,175,13,1,1980-01-06T04:03:38,1633360856.498332,2021-10-04T18:20:56
315968624,83600,3821152,-36.020611392048885,30000.0,14.143002002272066,9177.1826171875,240,13,1,1980-01-06T04:03:44,1633360862.907933,2021-10-04T18:21:02
315968632,83600,3829152,-34.98349240859004,30000.0,14.080650462177564,9177.1826171875,72,13,1,1980-01-06T04:03:52,1633360870.437984,2021-10-04T18:21:10
315968638,83600,3835152,-35.57006379573356,30000.0,14.101918674090392,9177.1826171875,137,13,1,1980-01-06T04:03:58,1633360876.7883239,2021-10-04T18:21:16
315968646,83600,3843152,-35.24824267860349,30000.0,14.056097866732964,9177.1826171875,224,13,1,1980-01-06T04:04:06,1633360883.7576609,2021-10-04T18:21:23
315968652,83600,3849152,-35.2935830645092,30000.0,14.047712611322865,9177.1826171875,34,13,1,1980-01-06T04:04:12,1633360890.1180809,2021-10-04T18:21:30
315968660,83600,3857152,-35.49016348974235,30000.0,14.040953102736884,9177.1826171875,119,13,1,1980-01-06T04:04:20,1633360899.2583718,2021-10-04T18:21:39
315968665,83600,3862152,-35.62491594813182,30000.0,14.031403860235052,9177.1826171875,174,13,1,1980-01-06T04:04:25,1633360902.817113,2021-10-04T18:21:42
315968672,83600,3869152,-35.98541739786394,30000.0,14.011216434988839,9177.1826171875,250,13,1,1980-01-06T04:04:32,1633360911.94796,2021-10-04T18:21:51
315968679,83600,3876152,-36.110023098061994,30000.0,14.00642563141642,9177.1826171875,71,13,1,1980-01-06T04:04:39,1633360918.308532,2021-10-04T18:21:58
315968686,83600,3883152,-36.892213139285715,30000.0,14.02080919204393,9177.1826171875,146,13,1,1980-01-06T04:04:46,1633360925.286792,2021-10-04T18:22:05
315968692,83600,3889152,-36.44515765969952,30000.0,13.974704775477484,9177.1826171875,212,13,1,1980-01-06T04:04:52,1633360931.696792,2021-10-04T18:22:11
315968700,83600,3897152,-37.66900629196259,30000.0,13.998474829542513,9177.1826171875,43,13,1,1980-01-06T04:05:00,1633360938.6267638,2021-10-04T18:22:18
315968706,83600,3903152,-36.84148355316135,30000.0,13.956167209341704,9177.1826171875,108,13,1,1980-01-06T04:05:06,1633360945.04742,2021-10-04T18:22:25
315968713,83600,3910152,-37.5063558823872,30000.0,13.965261489924487,9177.1826171875,184,13,1,1980-01-06T04:05:13,1633360951.996757,2021-10-04T18:22:31
315968719,83600,3916152,-37.855752689553995,30000.0,13.970525001264669,9177.1826171875,249,13,1,1980-01-06T04:05:19,1633360958.9268079,2021-10-04T18:22:38
315968727,83600,3924152,-37.98764804001512,30000.0,13.950504705117705,9177.1826171875,81,13,1,1980-01-06T04:05:27,1633360965.906853,2021-10-04T18:22:45
315968733,83600,3930152,-37.493356519002894,30000.0,13.912792383294846,9177.1826171875,146,13,1,1980-01-06T04:05:33,1633360972.2875369,2021-10-04T18:22:52
315968740,83600,3937152,-38.07896009046781,30000.0,13.933867174583193,9177.1826171875,221,13,1,1980-01-06T04:05:40,1633360978.6362078,2021-10-04T18:22:58
315968747,83600,3944152,-38.22512258606419,30000.0,13.914502981330163,9177.1826171875,41,13,1,1980-01-06T04:05:47,1633360985.0061529,2021-10-04T18:23:05
315968754,83600,3951152,-38.06279025507081,30000.0,13.891697258089112,9177.1826171875,118,13,1,1980-01-06T04:05:54,1633360992.0060039,2021-10-04T18:23:12
315968760,83600,3957152,-38.20958688759565,30000.0,13.877562235994148,9177.1826171875,183,13,1,1980-01-06T04:06:00,1633360998.375988,2021-10-04T18:23:18
315968768,83600,3965152,-38.326263086915425,30000.0,13.872431342126642,9177.1826171875,13,13,1,1980-01-06T04:06:08,1633361007.6068249,2021-10-04T18:23:27
315968774,83600,3971152,-38.482887960251446,30000.0,13.869093490199312,9177.1826171875,78,13,1,1980-01-06T04:06:14,1633361014.0266168,2021-10-04T18:23:34
315968781,83600,3978152,-38.70831315126268,30000.0,13.85848334090652,9177.1826171875,155,13,1,1980-01-06T04:06:21,1633361020.926524,2021-10-04T18:23:40
315968788,83600,3985152,-39.82623605638362,30000.0,13.877272842668493,9177.1826171875,231,13,1,1980-01-06T04:06:28,1633361027.285804,2021-10-04T18:23:47
315968795,83600,3992152,-39.91120522842482,30000.0,13.855258771430897,9177.1826171875,50,13,1,1980-01-06T04:06:35,1633361034.256172,2021-10-04T18:23:54
315968801,83600,3998152,-40.0,30000.0,13.846810527564433,9177.1826171875,115,13,1,1980-01-06T04:06:41,1633361040.606101,2021-10-04T18:24:00
315968809,239100,4006152,-40.0,30000.0,13.834555240773991,9177.1826171875,203,13,1,1980-01-06T04:06:49,1633361048.1459649,2021-10-04T18:24:08
315968815,239100,4012152,-39.72002447650557,30000.0,13.805501784825857,9177.1826171875,12,13,1,1980-01-06T04:06:55,1633361053.885532,2021-10-04T18:24:13
315968822,239100,4019152,-40.0,30000.0,13.81175001679004,9177.1826171875,88,13,1,1980-01-06T04:07:02,1633361060.895776,2021-10-04T18:24:20
315968829,239100,4026152,-40.0,30000.0,13.836732293364083,9177.1826171875,165,13,1,1980-01-06T04:07:09,1633361067.276989,2021-10-04T18:24:27
315968836,239100,4033152,-40.0,30000.0,13.786878261183668,9177.1826171875,240,13,1,1980-01-06T04:07:16,1633361074.315769,2021-10-04T18:24:34
315968842,239100,4039152,-40.0,30000.0,13.81404047488547,9177.1826171875,50,13,1,1980-01-06T04:07:22,1633361080.725893,2021-10-04T18:24:40
315968849,239100,4046152,-40.0,30000.0,13.789032883506156,9177.1826171875,125,13,1,1980-01-06T04:07:29,1633361087.7551088,2021-10-04T18:24:47
315968855,239100,4052152,-40.0,30000.0,13.763826559687473,9177.1826171875,190,13,1,1980-01-06T04:07:35,1633361094.135705,2021-10-04T18:24:54
315968863,239100,4060152,-40.0,30000.0,13.752488624873916,9177.1826171875,22,13,1,1980-01-06T04:07:43,1633361103.3163729,2021-10-04T18:25:03
315968869,239100,4066152,-40.0,30000.0,13.754925686490893,9177.1826171875,87,13,1,1980-01-06T04:07:49,1633361109.717337,2021-10-04T18:25:09
315968876,239100,4073152,-40.0,30000.0,13.740901180268335,9177.1826171875,162,13,1,1980-01-06T04:07:56,1633361116.685472,2021-10-04T18:25:16
315968883,239100,4080152,-40.0,30000.0,13.73590201975288,9177.1826171875,240,13,1,1980-01-06T04:08:03,1633361123.0755289,2021-10-04T18:25:23
315968890,239100,4087152,-40.0,30000.0,13.775002286171217,9177.1826171875,59,13,1,1980-01-06T04:08:10,1633361129.524716,2021-10-04T18:25:29
315968897,239100,4094152,-40.0,30000.0,13.712589959929792,9177.1826171875,135,13,1,1980-01-06T04:08:17,1633361136.494696,2021-10-04T18:25:36
315968905,239100,4102152,-40.0,30000.0,13.718390990047615,9177.1826171875,222,13,1,1980-01-06T04:08:25,1633361143.504873,2021-10-04T18:25:43
315968911,239100,4108152,-40.0,30000.0,13.754169022985556,9177.1826171875,31,13,1,1980-01-06T04:08:31,1633361149.935492,2021-10-04T18:25:49
315968918,239100,4115152,-40.0,30000.0,13.748165022215497,9177.1826171875,107,13,1,1980-01-06T04:08:38,1633361156.885149,2021-10-04T18:25:56
315968925,239100,4122152,-40.0,30000.0,13.758523611471475,9177.1826171875,184,13,1,1980-01-06T04:08:45,1633361163.2649639,2021-10-04T18:26:03
315968932,239100,4129152,-40.0,30000.0,13.734372149073268,9177.1826171875,4,13,1,1980-01-06T04:08:52,1633361170.194448,2021-10-04T18:26:10
315968938,239100,4135152,-40.0,30000.0,13.708184113824707,9177.1826171875,69,13,1,1980-01-06T04:08:58,1633361176.614548,2021-10-04T18:26:16
315968945,239100,4142152,-40.0,30000.0,13.742989155330926,9177.1826171875,144,13,1,1980-01-06T04:09:05,1633361183.634605,2021-10-04T18:26:23
315968951,239100,4148152,-40.0,30000.0,13.717142952459813,9177.1826171875,209,13,1,1980-01-06T04:09:11,1633361189.995525,2021-10-04T18:26:29
315968958,239100,4155152,-40.0,30000.0,13.671863271684852,9177.1826171875,31,13,1,1980-01-06T04:09:18,1633361199.245584,2021-10-04T18:26:39
315968965,239100,4162152,-40.0,30000.0,13.662672260346785,9177.1826171875,106,13,1,1980-01-06T04:09:25,1633361202.8243918,2021-10-04T18:26:42
315968972,239100,4169152,-40.0,30000.0,13.657389640827049,9177.1826171875,182,13,1,1980-01-06T04:09:32,1633361212.015228,2021-10-04T18:26:52
315968979,239100,4176152,-40.0,30000.0,13.652691885495376,9177.1826171875,3,13,1,1980-01-06T04:09:39,1633361218.4153,2021-10-04T18:26:58
315968987,239100,4184152,-40.0,30000.0,13.709495950142331,9177.1826171875,89,13,1,1980-01-06T04:09:47,1633361226.014068,2021-10-04T18:27:06
315968993,239100,4190152,-40.0,30000.0,13.64623956607945,9177.1826171875,154,13,1,1980-01-06T04:09:53,1633361232.4244518,2021-10-04T18:27:12
315969000,239100,4197152,-40.0,30000.0,13.695086718686161,9177.1826171875,231,13,1,1980-01-06T04:10:00,1633361239.3772879,2021-10-04T18:27:19
315969007,239100,4204152,-40.0,30000.0,13.630472361762589,9177.1826171875,51,13,1,1980-01-06T04:10:07,1633361245.714376,2021-10-04T18:27:25
315969013,239100,4210152,-40.0,30000.0,13.691538078524564,9177.1826171875,116,13,1,1980-01-06T04:10:13,1633361252.684257,2021-10-04T18:27:32
315969020,239100,4217152,-40.0,30000.0,13.66264343747133,9177.1826171875,191,13,1,1980-01-06T04:10:20,1633361259.0342078,2021-10-04T18:27:39
