time_s,time_us,time_steady,resets_count,reset_cause,active_oscillator,time_base,time_syncs_attempted,time_syncs_performed,last_time_sync_time_steady,last_time_sync_delta_s,last_time_sync_delta_us,seq,srcSystem,srcComponent,time_gregorian,log_timestamp,log_timestamp_gregorian
315965014,986900,215577,1,2,0,1,190,3,200348,1,931015,243,13,0,1980-01-06T03:03:34,1633357257.7550209,2021-10-04T17:20:57
315965029,986900,230577,1,2,0,1,204,3,200348,1,931015,165,13,0,1980-01-06T03:03:49,1633357271.3249838,2021-10-04T17:21:11
315965041,986900,242577,1,2,0,1,215,3,200348,1,931015,51,13,0,1980-01-06T03:04:01,1633357284.3654358,2021-10-04T17:21:24
315965053,986900,254577,1,2,0,1,226,3,200348,1,931015,194,13,0,1980-01-06T03:04:13,1633357299.435184,2021-10-04T17:21:39
315965068,986900,269577,1,2,0,1,239,3,200348,1,931015,116,13,0,1980-01-06T03:04:28,1633357313.036629,2021-10-04T17:21:53
315965083,986900,284577,1,2,0,1,253,3,200348,1,931015,38,13,0,1980-01-06T03:04:43,1633357326.005684,2021-10-04T17:22:06
315965095,986900,296577,1,2,0,1,264,3,200348,1,931015,180,13,0,1980-01-06T03:04:55,1633357339.005493,2021-10-04T17:22:19
315965107,986900,308577,1,2,0,1,274,3,200348,1,931015,67,13,0,1980-01-06T03:05:07,1633357352.6064079,2021-10-04T17:22:32
315965122,986900,323577,1,2,0,1,288,3,200348,1,931015,245,13,0,1980-01-06T03:05:22,1633357368.1860769,2021-10-04T17:22:48
315965137,986900,338577,1,2,0,1,301,3,200348,1,931015,167,13,0,1980-01-06T03:05:37,1633357381.2160928,2021-10-04T17:23:01
315965149,986900,350577,1,2,0,1,312,3,200348,1,931015,53,13,0,1980-01-06T03:05:49,1633357394.146021,2021-10-04T17:23:14
315965164,986900,365577,1,2,0,1,326,3,200348,1,931015,231,13,0,1980-01-06T03:06:04,1633357407.786581,2021-10-04T17:23:27
315965179,986900,380577,1,2,0,1,339,3,200348,1,931015,153,13,0,1980-01-06T03:06:19,1633357421.003401,2021-10-04T17:23:41
315965207,150200,407577,1,2,0,1,364,4,399748,0,163315,217,13,0,1980-01-06T03:06:47,1633357449.5378208,2021-10-04T17:24:09
315965219,150200,419577,1,2,0,1,374,4,399748,0,163315,104,13,0,1980-01-06T03:06:59,1633357463.117061,2021-10-04T17:24:23
315965234,150200,434577,1,2,0,1,388,4,399748,0,163315,26,13,0,1980-01-06T03:07:14,1633357476.159569,2021-10-04T17:24:36
315965261,150200,461577,1,2,0,1,413,4,399748,0,163315,90,13,0,1980-01-06T03:07:41,1633357505.5465438,2021-10-04T17:25:05
315965276,150200,476577,1,2,0,1,426,4,399748,0,163315,12,13,0,1980-01-06T03:07:56,1633357518.5263128,2021-10-04T17:25:18
315965288,150200,488577,1,2,0,1,437,4,399748,0,163315,155,13,0,1980-01-06T03:08:08,1633357531.5077128,2021-10-04T17:25:31
315965318,150200,518577,1,2,0,1,464,4,399748,0,163315,255,13,0,1980-01-06T03:08:38,1633357560.887281,2021-10-04T17:26:00
315965330,150200,530577,1,2,0,1,475,4,399748,0,163315,141,13,0,1980-01-06T03:08:50,1633357574.4671478,2021-10-04T17:26:14
315965345,150200,545577,1,2,0,1,488,4,399748,0,163315,63,13,0,1980-01-06T03:09:05,1633357587.5473049,2021-10-04T17:26:27
315965357,150200,557577,1,2,0,1,499,4,399748,0,163315,205,13,0,1980-01-06T03:09:17,1633357600.656761,2021-10-04T17:26:40
315965387,150200,587577,1,2,0,1,526,4,399748,0,163315,49,13,0,1980-01-06T03:09:47,1633357629.437156,2021-10-04T17:27:09
315965399,150200,599577,1,2,0,1,537,4,399748,0,163315,192,13,0,1980-01-06T03:09:59,1633357643.107529,2021-10-04T17:27:23
315965414,418400,614577,1,2,0,1,551,5,600948,0,268294,114,13,0,1980-01-06T03:10:14,1633357656.156772,2021-10-04T17:27:36
315965426,418400,626577,1,2,0,1,562,5,600948,0,268294,0,13,0,1980-01-06T03:10:26,1633357669.2167609,2021-10-04T17:27:49
315965438,418400,638577,1,2,0,1,573,5,600948,0,268294,143,13,0,1980-01-06T03:10:38,1633357682.1978278,2021-10-04T17:28:02
315965453,418400,653577,1,2,0,1,586,5,600948,0,268294,65,13,0,1980-01-06T03:10:53,1633357697.319661,2021-10-04T17:28:17
315965468,418400,668577,1,2,0,1,600,5,600948,0,268294,243,13,0,1980-01-06T03:11:08,1633357710.9468958,2021-10-04T17:28:30
315965480,418400,680577,1,2,0,1,611,5,600948,0,268294,129,13,0,1980-01-06T03:11:20,1633357724.5167449,2021-10-04T17:28:44
315965495,418400,695577,1,2,0,1,624,5,600948,0,268294,51,13,0,1980-01-06T03:11:35,1633357737.5271518,2021-10-04T17:28:57
315965507,418400,707577,1,2,0,1,635,5,600948,0,268294,193,13,0,1980-01-06T03:11:47,1633357750.6272209,2021-10-04T17:29:10
315965522,418400,722577,1,2,0,1,648,5,600948,0,268294,115,13,0,1980-01-06T03:12:02,1633357766.3669438,2021-10-04T17:29:26
315965537,418400,737577,1,2,0,1,662,5,600948,0,268294,37,13,0,1980-01-06T03:12:17,1633357779.467201,2021-10-04T17:29:39
315965549,418400,749577,1,2,0,1,673,5,600948,0,268294,180,13,0,1980-01-06T03:12:29,1633357792.5371568,2021-10-04T17:29:52
315965564,418400,764577,1,2,0,1,686,5,600948,0,268294,102,13,0,1980-01-06T03:12:44,1633357806.238816,2021-10-04T17:30:06
315965579,418400,779577,1,2,0,1,700,5,600948,0,268294,24,13,0,1980-01-06T03:12:59,1633357822.0374599,2021-10-04T17:30:22
315965591,418400,791577,1,2,0,1,711,5,600948,0,268294,166,13,0,1980-01-06T03:13:11,1633357835.276885,2021-10-04T17:30:35
315965606,545500,806577,1,2,0,1,724,6,802348,0,127183,88,13,0,1980-01-06T03:13:26,1633357848.3671088,2021-10-04T17:30:48
315965618,545500,818577,1,2,0,1,735,6,802348,0,127183,231,13,0,1980-01-06T03:13:38,1633357861.986889,2021-10-04T17:31:01
315965633,545500,833577,1,2,0,1,749,6,802348,0,127183,153,13,0,1980-01-06T03:13:53,1633357875.0671399,2021-10-04T17:31:15
315965645,545500,845577,1,2,0,1,760,6,802348,0,127183,39,13,0,1980-01-06T03:14:05,1633357888.1069129,2021-10-04T17:31:28
315965675,545500,875577,1,2,0,1,787,6,802348,0,127183,139,13,0,1980-01-06T03:14:35,1633357917.517928,2021-10-04T17:31:57
315965687,545500,887577,1,2,0,1,798,6,802348,0,127183,25,13,0,1980-01-06T03:14:47,1633357930.556972,2021-10-04T17:32:10
315965702,545500,902577,1,2,0,1,811,6,802348,0,127183,203,13,0,1980-01-06T03:15:02,1633357943.607264,2021-10-04T17:32:23
315965714,545500,914577,1,2,0,1,822,6,802348,0,127183,90,13,0,1980-01-06T03:15:14,1633357959.397444,2021-10-04T17:32:39
315965729,545500,929577,1,2,0,1,836,6,802348,0,127183,12,13,0,1980-01-06T03:15:29,1633357972.5176198,2021-10-04T17:32:52
315965741,545500,941577,1,2,0,1,847,6,802348,0,127183,154,13,0,1980-01-06T03:15:41,1633357985.618084,2021-10-04T17:33:05
315965756,545500,956577,1,2,0,1,860,6,802348,0,127183,76,13,0,1980-01-06T03:15:56,1633357999.3173048,2021-10-04T17:33:19
315965771,545500,971577,1,2,0,1,874,6,802348,0,127183,254,13,0,1980-01-06T03:16:11,1633358012.9870849,2021-10-04T17:33:32
315965783,545500,983577,1,2,0,1,884,6,802348,0,127183,141,13,0,1980-01-06T03:16:23,1633358028.067288,2021-10-04T17:33:48
315965798,545500,998577,1,2,0,1,898,6,802348,0,127183,63,13,0,1980-01-06T03:16:38,1633358041.6370208,2021-10-04T17:34:01
315965810,545500,1010577,1,2,0,1,909,6,802348,0,127183,205,13,0,1980-01-06T03:16:50,1633358054.787344,2021-10-04T17:34:14
315965825,545500,1025577,1,2,0,1,922,6,802348,0,127183,127,13,0,1980-01-06T03:17:05,1633358067.91688,2021-10-04T17:34:27
315965837,545500,1037577,1,2,0,1,933,6,802348,0,127183,13,13,0,1980-01-06T03:17:17,1633358081.036829,2021-10-04T17:34:41
315965852,545500,1052577,1,2,0,1,947,6,802348,0,127183,191,13,0,1980-01-06T03:17:32,1633358097.3878288,2021-10-04T17:34:57
315965867,545500,1067577,1,2,0,1,960,6,802348,0,127183,113,13,0,1980-01-06T03:17:47,1633358110.4770849,2021-10-04T17:35:10
315965879,545500,1079577,1,2,0,1,971,6,802348,0,127183,0,13,0,1980-01-06T03:17:59,1633358125.436729,2021-10-04T17:35:25
315965897,545500,1097577,1,2,0,1,987,6,802348,0,127183,213,13,0,1980-01-06T03:18:17,1633358139.2170238,2021-10-04T17:35:39
315965909,816800,1109577,1,2,0,1,998,7,1098748,0,271374,100,13,0,1980-01-06T03:18:29,1633358152.380317,2021-10-04T17:35:52
315965924,816800,1124577,1,2,0,1,1012,7,1098748,0,271374,22,13,0,1980-01-06T03:18:44,1633358168.256672,2021-10-04T17:36:08
315965939,816800,1139577,1,2,0,1,1025,7,1098748,0,271374,200,13,0,1980-01-06T03:18:59,1633358183.927284,2021-10-04T17:36:23
315965954,816800,1154577,1,2,0,1,1039,7,1098748,0,271374,122,13,0,1980-01-06T03:19:14,1633358197.106669,2021-10-04T17:36:37
315965969,816800,1169577,1,2,0,1,1053,7,1098748,0,271374,44,13,0,1980-01-06T03:19:29,1633358210.7867968,2021-10-04T17:36:50
315965981,816800,1181577,1,2,0,1,1063,7,1098748,0,271374,186,13,0,1980-01-06T03:19:41,1633358227.937173,2021-10-04T17:37:07
315965999,816800,1199577,1,2,0,1,1080,7,1098748,0,271374,144,13,0,1980-01-06T03:19:59,1633358241.61692,2021-10-04T17:37:21
315966011,816800,1211577,1,2,0,1,1090,7,1098748,0,271374,30,13,0,1980-01-06T03:20:11,1633358254.807344,2021-10-04T17:37:34
315966026,816800,1226577,1,2,0,1,1104,7,1098748,0,271374,208,13,0,1980-01-06T03:20:26,1633358267.9169638,2021-10-04T17:37:47
315966041,816800,1241577,1,2,0,1,1117,7,1098748,0,271374,130,13,0,1980-01-06T03:20:41,1633358286.36724,2021-10-04T17:38:06
315966056,816800,1256577,1,2,0,1,1131,7,1098748,0,271374,52,13,0,1980-01-06T03:20:56,1633358299.576484,2021-10-04T17:38:19
315966068,816800,1268577,1,2,0,1,1142,7,1098748,0,271374,195,13,0,1980-01-06T03:21:08,1633358312.778957,2021-10-04T17:38:32
315966083,816800,1283577,1,2,0,1,1155,7,1098748,0,271374,117,13,0,1980-01-06T03:21:23,1633358326.586236,2021-10-04T17:38:46
315966098,816800,1298577,1,2,0,1,1169,7,1098748,0,271374,39,13,0,1980-01-06T03:21:38,1633358339.776525,2021-10-04T17:38:59
315966110,816800,1310577,1,2,0,1,1180,7,1098748,0,271374,181,13,0,1980-01-06T03:21:50,1633358352.976125,2021-10-04T17:39:12
315966125,816800,1325577,1,2,0,1,1193,7,1098748,0,271374,103,13,0,1980-01-06T03:22:05,1633358368.808161,2021-10-04T17:39:28
315966140,816800,1340577,1,2,0,1,1207,7,1098748,0,271374,25,13,0,1980-01-06T03:22:20,1633358382.5761878,2021-10-04T17:39:42
315966152,816800,1352577,1,2,0,1,1218,7,1098748,0,271374,167,13,0,1980-01-06T03:22:32,1633358395.7161279,2021-10-04T17:39:55
315966167,816800,1367577,1,2,0,1,1231,7,1098748,0,271374,89,13,0,1980-01-06T03:22:47,1633358409.4767969,2021-10-04T17:40:09
315966182,816800,1382577,1,2,0,1,1245,7,1098748,0,271374,11,13,0,1980-01-06T03:23:02,1633358424.786676,2021-10-04T17:40:24
315966194,816800,1394577,1,2,0,1,1256,7,1098748,0,271374,154,13,0,1980-01-06T03:23:14,1633358437.9665399,2021-10-04T17:40:37
315966210,66900,1409577,1,2,0,1,1269,8,1397748,0,250134,76,13,0,1980-01-06T03:23:30,1633358451.825837,2021-10-04T17:40:51
315966225,66900,1424577,1,2,0,1,1283,8,1397748,0,250134,254,13,0,1980-01-06T03:23:45,1633358465.578193,2021-10-04T17:41:05
315966237,66900,1436577,1,2,0,1,1294,8,1397748,0,250134,140,13,0,1980-01-06T03:23:57,1633358478.8357918,2021-10-04T17:41:18
315966252,66900,1451577,1,2,0,1,1307,8,1397748,0,250134,62,13,0,1980-01-06T03:24:12,1633358494.865965,2021-10-04T17:41:34
315966267,66900,1466577,1,2,0,1,1321,8,1397748,0,250134,240,13,0,1980-01-06T03:24:27,1633358508.036721,2021-10-04T17:41:48
315966279,66900,1478577,1,2,0,1,1332,8,1397748,0,250134,126,13,0,1980-01-06T03:24:39,1633358521.916805,2021-10-04T17:42:01
315966294,66900,1493577,1,2,0,1,1345,8,1397748,0,250134,38,13,0,1980-01-06T03:24:54,1633358535.2158089,2021-10-04T17:42:15
315966306,66900,1505577,1,2,0,1,1356,8,1397748,0,250134,168,13,0,1980-01-06T03:25:06,1633358548.495904,2021-10-04T17:42:28
315966321,66900,1520577,1,2,0,1,1370,8,1397748,0,250134,75,13,0,1980-01-06T03:25:21,1633358563.946612,2021-10-04T17:42:43
315966333,66900,1532577,1,2,0,1,1380,8,1397748,0,250134,205,13,0,1980-01-06T03:25:33,1633358577.256217,2021-10-04T17:42:57
315966348,66900,1547577,1,2,0,1,1394,8,1397748,0,250134,112,13,0,1980-01-06T03:25:48,1633358590.5457878,2021-10-04T17:43:10
315966360,66900,1559577,1,2,0,1,1405,8,1397748,0,250134,243,13,0,1980-01-06T03:26:00,1633358603.6758199,2021-10-04T17:43:23
315966375,66900,1574577,1,2,0,1,1418,8,1397748,0,250134,150,13,0,1980-01-06T03:26:15,1633358616.906,2021-10-04T17:43:36
315966387,66900,1586577,1,2,0,1,1429,8,1397748,0,250134,24,13,0,1980-01-06T03:26:27,1633358630.1256728,2021-10-04T17:43:50
315966402,326100,1601577,1,2,0,1,1443,9,1598948,0,259211,187,13,0,1980-01-06T03:26:42,1633358643.345897,2021-10-04T17:44:03
315966417,326100,1616577,1,2,0,1,1456,9,1598948,0,259211,94,13,0,1980-01-06T03:26:57,1633358658.806736,2021-10-04T17:44:18
315966429,326100,1628577,1,2,0,1,1467,9,1598948,0,259211,225,13,0,1980-01-06T03:27:09,1633358672.095861,2021-10-04T17:44:32
315966441,326100,1640577,1,2,0,1,1478,9,1598948,0,259211,99,13,0,1980-01-06T03:27:21,1633358684.827225,2021-10-04T17:44:44
315966456,326100,1655577,1,2,0,1,1492,9,1598948,0,259211,6,13,0,1980-01-06T03:27:36,1633358698.126101,2021-10-04T17:44:58
315966468,326100,1667577,1,2,0,1,1502,9,1598948,0,259211,136,13,0,1980-01-06T03:27:48,1633358711.376353,2021-10-04T17:45:11
315966483,326100,1682577,1,2,0,1,1516,9,1598948,0,259211,43,13,0,1980-01-06T03:28:03,1633358724.655901,2021-10-04T17:45:24
315966495,326100,1694577,1,2,0,1,1527,9,1598948,0,259211,174,13,0,1980-01-06T03:28:15,1633358738.536285,2021-10-04T17:45:38
315966510,506600,1709577,1,2,0,1,1540,10,1698748,0,180576,81,13,0,1980-01-06T03:28:30,1633358753.9669409,2021-10-04T17:45:53
315966525,506600,1724577,1,2,0,1,1554,10,1698748,0,180576,244,13,0,1980-01-06T03:28:45,1633358766.6766238,2021-10-04T17:46:06
315966540,506600,1739577,1,2,0,1,1567,10,1698748,0,180576,151,13,0,1980-01-06T03:29:00,1633358781.805137,2021-10-04T17:46:21
315966552,506600,1751577,1,2,0,1,1578,10,1698748,0,180576,25,13,0,1980-01-06T03:29:12,1633358795.1144688,2021-10-04T17:46:35
315966567,506600,1766577,1,2,0,1,1592,10,1698748,0,180576,188,13,0,1980-01-06T03:29:27,1633358808.413837,2021-10-04T17:46:48
315966582,506600,1781577,1,2,0,1,1605,10,1698748,0,180576,95,13,0,1980-01-06T03:29:42,1633358822.273445,2021-10-04T17:47:02
315966594,506600,1793577,1,2,0,1,1616,10,1698748,0,180576,226,13,0,1980-01-06T03:29:54,1633358835.55224,2021-10-04T17:47:15
315966606,506600,1805577,1,2,0,1,1627,10,1698748,0,180576,100,13,0,1980-01-06T03:30:06,1633358851.061709,2021-10-04T17:47:31
315966621,506600,1820577,1,2,0,1,1641,10,1698748,0,180576,7,13,0,1980-01-06T03:30:21,1633358863.7314599,2021-10-04T17:47:43
315966633,506600,1832577,1,2,0,1,1652,10,1698748,0,180576,137,13,0,1980-01-06T03:30:33,1633358877.109717,2021-10-04T17:47:57
315966648,506600,1847577,1,2,0,1,1665,10,1698748,0,180576,44,13,0,1980-01-06T03:30:48,1633358890.3895168,2021-10-04T17:48:10
315966660,506600,1859577,1,2,0,1,1676,10,1698748,0,180576,175,13,0,1980-01-06T03:31:00,1633358903.738716,2021-10-04T17:48:23
315966675,506600,1874577,1,2,0,1,1689,10,1698748,0,180576,82,13,0,1980-01-06T03:31:15,1633358917.638048,2021-10-04T17:48:37
315966690,506600,1889577,1,2,0,1,1702,10,1698748,0,180576,245,13,0,1980-01-06T03:31:30,1633358930.9871569,2021-10-04T17:48:50
315966702,506600,1901577,1,2,0,1,1713,10,1698748,0,180576,119,13,0,1980-01-06T03:31:42,1633358943.676632,2021-10-04T17:49:03
315966717,506600,1916577,1,2,0,1,1726,10,1698748,0,180576,26,13,0,1980-01-06T03:31:57,1633358959.156241,2021-10-04T17:49:19
315966729,506600,1928577,1,2,0,1,1737,10,1698748,0,180576,157,13,0,1980-01-06T03:32:09,1633358974.4449248,2021-10-04T17:49:34
315966744,506600,1943577,1,2,0,1,1751,10,1698748,0,180576,64,13,0,1980-01-06T03:32:24,1633358987.704197,2021-10-04T17:49:47
315966759,506600,1958577,1,2,0,1,1764,10,1698748,0,180576,227,13,0,1980-01-06T03:32:39,1633359001.6440089,2021-10-04T17:50:01
315966771,506600,1970577,1,2,0,1,1775,10,1698748,0,180576,101,13,0,1980-01-06T03:32:51,1633359015.0028489,2021-10-04T17:50:15
315966786,506600,1985577,1,2,0,1,1789,10,1698748,0,180576,8,13,0,1980-01-06T03:33:06,1633359027.802749,2021-10-04T17:50:27
315966801,637300,2000577,1,2,0,1,1802,11,1997748,0,130742,171,13,0,1980-01-06T03:33:21,1633359041.101961,2021-10-04T17:50:41
315966813,537200,2012577,1,2,0,1,1813,12,2012148,-1,899952,45,13,0,1980-01-06T03:33:33,1633359056.491876,2021-10-04T17:50:56
315966828,637500,2027577,1,2,0,1,1827,13,2013148,0,100312,208,13,0,1980-01-06T03:33:48,1633359069.801117,2021-10-04T17:51:09
315966840,637500,2039577,1,2,0,1,1837,13,2013148,0,100312,83,13,0,1980-01-06T03:34:00,1633359083.09008,2021-10-04T17:51:23
315966855,637500,2054577,1,2,0,1,1851,13,2013148,0,100312,246,13,0,1980-01-06T03:34:15,1633359097.021548,2021-10-04T17:51:37
315966867,637500,2066577,1,2,0,1,1862,13,2013148,0,100312,120,13,0,1980-01-06T03:34:27,1633359111.589344,2021-10-04T17:51:51
315966882,637500,2081577,1,2,0,1,1875,13,2013148,0,100312,27,13,0,1980-01-06T03:34:42,1633359124.8100078,2021-10-04T17:52:04
315966897,637500,2096577,1,2,0,1,1889,13,2013148,0,100312,190,13,0,1980-01-06T03:34:57,1633359138.08832,2021-10-04T17:52:18
315966912,637500,2111577,1,2,0,1,1902,13,2013148,0,100312,97,13,0,1980-01-06T03:35:12,1633359155.4396079,2021-10-04T17:52:35
315966927,637500,2126577,1,2,0,1,1916,13,2013148,0,100312,4,13,0,1980-01-06T03:35:27,1633359168.7972279,2021-10-04T17:52:48
315966939,637500,2138577,1,2,0,1,1927,13,2013148,0,100312,135,13,0,1980-01-06T03:35:39,1633359182.707752,2021-10-04T17:53:02
315966954,637500,2153577,1,2,0,1,1940,13,2013148,0,100312,42,13,0,1980-01-06T03:35:54,1633359195.9462729,2021-10-04T17:53:15
315966966,637500,2165577,1,2,0,1,1951,13,2013148,0,100312,172,13,0,1980-01-06T03:36:06,1633359208.6061609,2021-10-04T17:53:28
315966981,637500,2180577,1,2,0,1,1965,13,2013148,0,100312,79,13,0,1980-01-06T03:36:21,1633359221.885421,2021-10-04T17:53:41
315966993,637500,2192577,1,2,0,1,1975,13,2013148,0,100312,209,13,0,1980-01-06T03:36:33,1633359235.155493,2021-10-04T17:53:55
315967005,853300,2204577,1,2,0,1,1986,14,2199348,0,215852,84,13,0,1980-01-06T03:36:45,1633359247.804484,2021-10-04T17:54:07
315967020,853300,2219577,1,2,0,1,2000,14,2199348,0,215852,247,13,0,1980-01-06T03:37:00,1633359263.3146648,2021-10-04T17:54:23
315967035,853300,2234577,1,2,0,1,2013,14,2199348,0,215852,154,13,0,1980-01-06T03:37:15,1633359277.1839528,2021-10-04T17:54:37
315967047,853300,2246577,1,2,0,1,2024,14,2199348,0,215852,28,13,0,1980-01-06T03:37:27,1633359290.47422,2021-10-04T17:54:50
315967062,853300,2261577,1,2,0,1,2038,14,2199348,0,215852,191,13,0,1980-01-06T03:37:42,1633359303.762984,2021-10-04T17:55:03
315967074,853300,2273577,1,2,0,1,2048,14,2199348,0,215852,66,13,0,1980-01-06T03:37:54,1633359316.9827008,2021-10-04T17:55:16
315967089,853300,2288577,1,2,0,1,2062,14,2199348,0,215852,229,13,0,1980-01-06T03:38:09,1633359329.692404,2021-10-04T17:55:29
315967101,969000,2300577,1,2,0,1,2073,15,2300148,0,115781,103,13,0,1980-01-06T03:38:21,1633359343.0118048,2021-10-04T17:55:43
315967116,969000,2315577,1,2,0,1,2086,15,2300148,0,115781,10,13,0,1980-01-06T03:38:36,1633359358.422109,2021-10-04T17:55:58
315967131,969000,2330577,1,2,0,1,2100,15,2300148,0,115781,173,13,0,1980-01-06T03:38:51,1633359372.2813249,2021-10-04T17:56:12
315967143,969000,2342577,1,2,0,1,2111,15,2300148,0,115781,47,13,0,1980-01-06T03:39:03,1633359385.481,2021-10-04T17:56:25
315967155,969000,2354577,1,2,0,1,2122,15,2300148,0,115781,178,13,0,1980-01-06T03:39:15,1633359398.2303278,2021-10-04T17:56:38
315967170,969000,2369577,1,2,0,1,2135,15,2300148,0,115781,85,13,0,1980-01-06T03:39:30,1633359411.5202608,2021-10-04T17:56:51
315967182,969000,2381577,1,2,0,1,2146,15,2300148,0,115781,215,13,0,1980-01-06T03:39:42,1633359424.770864,2021-10-04T17:57:04
315967197,969000,2396577,1,2,0,1,2160,15,2300148,0,115781,122,13,0,1980-01-06T03:39:57,1633359438.109237,2021-10-04T17:57:18
315967210,96100,2408577,1,2,0,1,2170,16,2400948,0,127172,253,13,0,1980-01-06T03:40:10,1633359454.219048,2021-10-04T17:57:34
315967225,96100,2423577,1,2,0,1,2184,16,2400948,0,127172,160,13,0,1980-01-06T03:40:25,1633359467.538873,2021-10-04T17:57:47
315967240,96100,2438577,1,2,0,1,2198,16,2400948,0,127172,67,13,0,1980-01-06T03:40:40,1633359480.288657,2021-10-04T17:58:00
315967252,96100,2450577,1,2,0,1,2208,16,2400948,0,127172,197,13,0,1980-01-06T03:40:52,1633359493.5504599,2021-10-04T17:58:13
315967267,96100,2465577,1,2,0,1,2222,16,2400948,0,127172,104,13,0,1980-01-06T03:41:07,1633359506.778177,2021-10-04T17:58:26
315967279,96100,2477577,1,2,0,1,2233,16,2400948,0,127172,234,13,0,1980-01-06T03:41:19,1633359520.038837,2021-10-04T17:58:40
315967291,96100,2489577,1,2,0,1,2244,16,2400948,0,127172,109,13,0,1980-01-06T03:41:31,1633359533.2672088,2021-10-04T17:58:53
315967306,96100,2504577,1,2,0,1,2257,16,2400948,0,127172,16,13,0,1980-01-06T03:41:46,1633359548.8192809,2021-10-04T17:59:08
315967321,96100,2519577,1,2,0,1,2271,16,2400948,0,127172,179,13,0,1980-01-06T03:42:01,1633359562.107985,2021-10-04T17:59:22
315967333,96100,2531577,1,2,0,1,2282,16,2400948,0,127172,53,13,0,1980-01-06T03:42:13,1633359575.4290888,2021-10-04T17:59:35
315967348,96100,2546577,1,2,0,1,2295,16,2400948,0,127172,216,13,0,1980-01-06T03:42:28,1633359588.6860929,2021-10-04T17:59:48
315967360,96100,2558577,1,2,0,1,2306,16,2400948,0,127172,91,13,0,1980-01-06T03:42:40,1633359602.016209,2021-10-04T18:00:02
315967375,96100,2573577,1,2,0,1,2320,16,2400948,0,127172,254,13,0,1980-01-06T03:42:55,1633359615.216012,2021-10-04T18:00:15
315967390,96100,2588577,1,2,0,1,2333,16,2400948,0,127172,161,13,0,1980-01-06T03:43:10,1633359631.296128,2021-10-04T18:00:31
315967402,336400,2600577,1,2,0,1,2344,17,2596748,0,240346,35,13,0,1980-01-06T03:43:22,1633359644.535476,2021-10-04T18:00:44
315967414,336400,2612577,1,2,0,1,2355,17,2596748,0,240346,165,13,0,1980-01-06T03:43:34,1633359657.1955888,2021-10-04T18:00:57
315967429,336400,2627577,1,2,0,1,2368,17,2596748,0,240346,72,13,0,1980-01-06T03:43:49,1633359670.404368,2021-10-04T18:01:10
315967441,336400,2639577,1,2,0,1,2379,17,2596748,0,240346,203,13,0,1980-01-06T03:44:01,1633359683.644584,2021-10-04T18:01:23
315967456,336400,2654577,1,2,0,1,2393,17,2596748,0,240346,110,13,0,1980-01-06T03:44:16,1633359696.963809,2021-10-04T18:01:36
315967468,336400,2666577,1,2,0,1,2404,17,2596748,0,240346,240,13,0,1980-01-06T03:44:28,1633359710.243556,2021-10-04T18:01:50
315967483,336400,2681577,1,2,0,1,2417,17,2596748,0,240346,147,13,0,1980-01-06T03:44:43,1633359723.513808,2021-10-04T18:02:03
315967498,453900,2696577,1,2,0,1,2431,18,2696548,0,117543,54,13,0,1980-01-06T03:44:58,1633359738.9336488,2021-10-04T18:02:18
315967510,453900,2708577,1,2,0,1,2441,18,2696548,0,117543,185,13,0,1980-01-06T03:45:10,1633359752.162813,2021-10-04T18:02:32
315967522,453900,2720577,1,2,0,1,2452,18,2696548,0,117543,59,13,0,1980-01-06T03:45:22,1633359765.483268,2021-10-04T18:02:45
315967537,453900,2735577,1,2,0,1,2466,18,2696548,0,117543,222,13,0,1980-01-06T03:45:37,1633359778.7825198,2021-10-04T18:02:58
315967549,453900,2747577,1,2,0,1,2477,18,2696548,0,117543,96,13,0,1980-01-06T03:45:49,1633359791.552361,2021-10-04T18:03:11
315967564,453900,2762577,1,2,0,1,2490,18,2696548,0,117543,3,13,0,1980-01-06T03:46:04,1633359805.3523679,2021-10-04T18:03:25
315967579,453900,2777577,1,2,0,1,2504,18,2696548,0,117543,166,13,0,1980-01-06T03:46:19,1633359821.402801,2021-10-04T18:03:41
315967591,453900,2789577,1,2,0,1,2515,18,2696548,0,117543,41,13,0,1980-01-06T03:46:31,1633359834.052312,2021-10-04T18:03:54
315967606,453900,2804577,1,2,0,1,2528,18,2696548,0,117543,204,13,0,1980-01-06T03:46:46,1633359847.291633,2021-10-04T18:04:07
315967618,453900,2816577,1,2,0,1,2539,18,2696548,0,117543,78,13,0,1980-01-06T03:46:58,1633359860.5519998,2021-10-04T18:04:20
315967633,453900,2831577,1,2,0,1,2553,18,2696548,0,117543,241,13,0,1980-01-06T03:47:13,1633359873.750756,2021-10-04T18:04:33
315967645,453900,2843577,1,2,0,1,2563,18,2696548,0,117543,116,13,0,1980-01-06T03:47:25,1633359886.9410129,2021-10-04T18:04:46
315967660,453900,2858577,1,2,0,1,2577,18,2696548,0,117543,23,13,0,1980-01-06T03:47:40,1633359899.630393,2021-10-04T18:04:59
315967672,453900,2870577,1,2,0,1,2588,18,2696548,0,117543,153,13,0,1980-01-06T03:47:52,1633359912.8805158,2021-10-04T18:05:12
315967687,453900,2885577,1,2,0,1,2601,18,2696548,0,117543,60,13,0,1980-01-06T03:48:07,1633359926.140605,2021-10-04T18:05:26
315967699,453900,2897577,1,2,0,1,2612,18,2696548,0,117543,190,13,0,1980-01-06T03:48:19,1633359941.520524,2021-10-04T18:05:41
315967711,453900,2909577,1,2,0,1,2623,18,2696548,0,117543,65,13,0,1980-01-06T03:48:31,1633359954.809852,2021-10-04T18:05:54
315967726,453900,2924577,1,2,0,1,2637,18,2696548,0,117543,228,13,0,1980-01-06T03:48:46,1633359968.13968,2021-10-04T18:06:08
315967741,453900,2939577,1,2,0,1,2650,18,2696548,0,117543,135,13,0,1980-01-06T03:49:01,1633359981.4191039,2021-10-04T18:06:21
315967753,453900,2951577,1,2,0,1,2661,18,2696548,0,117543,9,13,0,1980-01-06T03:49:13,1633359994.730105,2021-10-04T18:06:34
315967768,453900,2966577,1,2,0,1,2674,18,2696548,0,117543,172,13,0,1980-01-06T03:49:28,1633360008.0690079,2021-10-04T18:06:48
315967780,453900,2978577,1,2,0,1,2685,18,2696548,0,117543,47,13,0,1980-01-06T03:49:40,1633360021.348508,2021-10-04T18:07:01
315967795,453900,2993577,1,2,0,1,2699,18,2696548,0,117543,210,13,0,1980-01-06T03:49:55,1633360036.8192198,2021-10-04T18:07:16
315967807,720300,3005577,1,2,0,1,2710,19,2997748,0,266446,84,13,0,1980-01-06T03:50:07,1633360049.489004,2021-10-04T18:07:29
315967822,720300,3020577,1,2,0,1,2723,19,2997748,0,266446,247,13,0,1980-01-06T03:50:22,1633360062.728452,2021-10-04T18:07:42
315967834,720300,3032577,1,2,0,1,2734,19,2997748,0,266446,121,13,0,1980-01-06T03:50:34,1633360076.558008,2021-10-04T18:07:56
315967849,720300,3047577,1,2,0,1,2748,19,2997748,0,266446,28,13,0,1980-01-06T03:50:49,1633360089.8589249,2021-10-04T18:08:09
315967861,720300,3059577,1,2,0,1,2758,19,2997748,0,266446,159,13,0,1980-01-06T03:51:01,1633360103.117657,2021-10-04T18:08:23
315967876,720300,3074577,1,2,0,1,2772,19,2997748,0,266446,66,13,0,1980-01-06T03:51:16,1633360116.3986409,2021-10-04T18:08:36
315967888,720300,3086577,1,2,0,1,2783,19,2997748,0,266446,196,13,0,1980-01-06T03:51:28,1633360131.778465,2021-10-04T18:08:51
315967903,720300,3101577,1,2,0,1,2796,19,2997748,0,266446,103,13,0,1980-01-06T03:51:43,1633360144.457792,2021-10-04T18:09:04
315967915,720300,3113577,1,2,0,1,2807,19,2997748,0,266446,234,13,0,1980-01-06T03:51:55,1633360157.756692,2021-10-04T18:09:17
315967930,720300,3128577,1,2,0,1,2821,19,2997748,0,266446,141,13,0,1980-01-06T03:52:10,1633360171.039204,2021-10-04T18:09:31
315967942,720300,3140577,1,2,0,1,2832,19,2997748,0,266446,15,13,0,1980-01-06T03:52:22,1633360184.206665,2021-10-04T18:09:44
315967957,720300,3155577,1,2,0,1,2845,19,2997748,0,266446,178,13,0,1980-01-06T03:52:37,1633360197.4365208,2021-10-04T18:09:57
315967969,720300,3167577,1,2,0,1,2856,19,2997748,0,266446,52,13,0,1980-01-06T03:52:49,1633360210.646056,2021-10-04T18:10:10
315967984,720300,3182577,1,2,0,1,2870,19,2997748,0,266446,215,13,0,1980-01-06T03:53:04,1633360223.926141,2021-10-04T18:10:23
315967996,720300,3194577,1,2,0,1,2880,19,2997748,0,266446,90,13,0,1980-01-06T03:53:16,1633360239.326268,2021-10-04T18:10:39
315968011,833900,3209577,1,2,0,1,2894,20,3200148,0,113614,253,13,0,1980-01-06T03:53:31,1633360252.5155928,2021-10-04T18:10:52
315968023,833900,3221577,1,2,0,1,2905,20,3200148,0,113614,127,13,0,1980-01-06T03:53:43,1633360265.7860649,2021-10-04T18:11:05
315968038,833900,3236577,1,2,0,1,2918,20,3200148,0,113614,34,13,0,1980-01-06T03:53:58,1633360279.0850768,2021-10-04T18:11:19
315968053,833900,3251577,1,2,0,1,2932,20,3200148,0,113614,197,13,0,1980-01-06T03:54:13,1633360292.365293,2021-10-04T18:11:32
315968065,833900,3263577,1,2,0,1,2943,20,3200148,0,113614,72,13,0,1980-01-06T03:54:25,1633360305.724925,2021-10-04T18:11:45
315968077,833900,3275577,1,2,0,1,2954,20,3200148,0,113614,202,13,0,1980-01-06T03:54:37,1633360318.3344529,2021-10-04T18:11:58
315968092,833900,3290577,1,2,0,1,2967,20,3200148,0,113614,109,13,0,1980-01-06T03:54:52,1633360331.614248,2021-10-04T18:12:11
315968107,963800,3305577,1,2,0,1,2981,21,3300948,0,129945,16,13,0,1980-01-06T03:55:07,1633360347.7041728,2021-10-04T18:12:27
315968119,963800,3317577,1,2,0,1,2992,21,3300948,0,129945,146,13,0,1980-01-06T03:55:19,1633360361.0039968,2021-10-04T18:12:41
315968131,963800,3329577,1,2,0,1,3002,21,3300948,0,129945,21,13,0,1980-01-06T03:55:31,1633360374.273933,2021-10-04T18:12:54
315968146,963800,3344577,1,2,0,1,3016,21,3300948,0,129945,184,13,0,1980-01-06T03:55:46,1633360387.464613,2021-10-04T18:13:07
315968158,963800,3356577,1,2,0,1,3027,21,3300948,0,129945,58,13,0,1980-01-06T03:55:58,1633360402.68376,2021-10-04T18:13:22
315968176,963800,3374577,1,2,0,1,3043,21,3300948,0,129945,254,13,0,1980-01-06T03:56:16,1633360415.334048,2021-10-04T18:13:35
315968188,963800,3386577,1,2,0,1,3054,21,3300948,0,129945,128,13,0,1980-01-06T03:56:28,1633360431.353945,2021-10-04T18:13:51
315968203,963800,3401577,1,2,0,1,3067,21,3300948,0,129945,35,13,0,1980-01-06T03:56:43,1633360444.532996,2021-10-04T18:14:04
315968215,963800,3413577,1,2,0,1,3078,21,3300948,0,129945,166,13,0,1980-01-06T03:56:55,1633360457.7830129,2021-10-04T18:14:17
315968230,963800,3428577,1,2,0,1,3092,21,3300948,0,129945,73,13,0,1980-01-06T03:57:10,1633360471.023149,2021-10-04T18:14:31
315968242,963800,3440577,1,2,0,1,3102,21,3300948,0,129945,203,13,0,1980-01-06T03:57:22,1633360483.693708,2021-10-04T18:14:43
315968257,963800,3455577,1,2,0,1,3116,21,3300948,0,129945,110,13,0,1980-01-06T03:57:37,1633360496.9125688,2021-10-04T18:14:56
315968269,963800,3467577,1,2,0,1,3127,21,3300948,0,129945,240,13,0,1980-01-06T03:57:49,1633360510.0622969,2021-10-04T18:15:10
315968284,963800,3482577,1,2,0,1,3140,21,3300948,0,129945,147,13,0,1980-01-06T03:58:04,1633360526.083041,2021-10-04T18:15:26
315968296,963800,3494577,1,2,0,1,3151,21,3300948,0,129945,22,13,0,1980-01-06T03:58:16,1633360538.7429159,2021-10-04T18:15:38
315968312,183100,3509577,1,2,0,1,3165,22,3495948,0,219381,185,13,0,1980-01-06T03:58:32,1633360551.9821289,2021-10-04T18:15:51
315968324,183100,3521577,1,2,0,1,3176,22,3495948,0,219381,59,13,0,1980-01-06T03:58:44,1633360565.22148,2021-10-04T18:16:05
315968339,183100,3536577,1,2,0,1,3189,22,3495948,0,219381,222,13,0,1980-01-06T03:58:59,1633360578.431689,2021-10-04T18:16:18
315968351,183100,3548577,1,2,0,1,3200,22,3495948,0,219381,97,13,0,1980-01-06T03:59:11,1633360591.671084,2021-10-04T18:16:31
315968366,183100,3563577,1,2,0,1,3214,22,3495948,0,219381,4,13,0,1980-01-06T03:59:26,1633360605.520905,2021-10-04T18:16:45
315968378,183100,3575577,1,2,0,1,3224,22,3495948,0,219381,134,13,0,1980-01-06T03:59:38,1633360618.1811368,2021-10-04T18:16:58
315968390,183100,3587577,1,2,0,1,3235,22,3495948,0,219381,8,13,0,1980-01-06T03:59:50,1633360633.631028,2021-10-04T18:17:13
315968405,360100,3602577,1,2,0,1,3249,23,3596948,0,177019,171,13,0,1980-01-06T04:00:05,1633360646.930817,2021-10-04T18:17:26
315968420,360100,3617577,1,2,0,1,3262,23,3596948,0,177019,78,13,0,1980-01-06T04:00:20,1633360659.5902328,2021-10-04T18:17:39
315968432,360100,3629577,1,2,0,1,3273,23,3596948,0,177019,209,13,0,1980-01-06T04:00:32,1633360672.7700489,2021-10-04T18:17:52
315968447,360100,3644577,1,2,0,1,3286,23,3596948,0,177019,116,13,0,1980-01-06T04:00:47,1633360685.930485,2021-10-04T18:18:05
315968459,360100,3656577,1,2,0,1,3297,23,3596948,0,177019,246,13,0,1980-01-06T04:00:59,1633360699.7599719,2021-10-04T18:18:19
315968474,360100,3671577,1,2,0,1,3311,23,3596948,0,177019,153,13,0,1980-01-06T04:01:14,1633360712.449584,2021-10-04T18:18:32
315968486,360100,3683577,1,2,0,1,3322,23,3596948,0,177019,28,13,0,1980-01-06T04:01:26,1633360725.659492,2021-10-04T18:18:45
315968501,508800,3698577,1,2,0,1,3335,24,3697948,0,148788,191,13,0,1980-01-06T04:01:41,1633360741.141245,2021-10-04T18:19:01
315968513,508800,3710577,1,2,0,1,3346,24,3697948,0,148788,65,13,0,1980-01-06T04:01:53,1633360754.269625,2021-10-04T18:19:14
315968528,508800,3725577,1,2,0,1,3360,24,3697948,0,148788,228,13,0,1980-01-06T04:02:08,1633360767.468945,2021-10-04T18:19:27
315968540,508800,3737577,1,2,0,1,3370,24,3697948,0,148788,102,13,0,1980-01-06T04:02:20,1633360780.679477,2021-10-04T18:19:40
315968555,508800,3752577,1,2,0,1,3384,24,3697948,0,148788,9,13,0,1980-01-06T04:02:35,1633360793.878536,2021-10-04T18:19:53
315968567,508800,3764577,1,2,0,1,3395,24,3697948,0,148788,140,13,0,1980-01-06T04:02:47,1633360807.129709,2021-10-04T18:20:07
315968582,508800,3779577,1,2,0,1,3408,24,3697948,0,148788,47,13,0,1980-01-06T04:03:02,1633360820.298285,2021-10-04T18:20:20
315968594,508800,3791577,1,2,0,1,3419,24,3697948,0,148788,177,13,0,1980-01-06T04:03:14,1633360835.7192159,2021-10-04T18:20:35
315968609,508800,3806577,1,2,0,1,3433,24,3697948,0,148788,84,13,0,1980-01-06T04:03:29,1633360848.947993,2021-10-04T18:20:48
315968621,508800,3818577,1,2,0,1,3444,24,3697948,0,148788,215,13,0,1980-01-06T04:03:41,1633360862.308328,2021-10-04T18:21:02
315968636,508800,3833577,1,2,0,1,3457,24,3697948,0,148788,122,13,0,1980-01-06T04:03:56,1633360875.5783088,2021-10-04T18:21:15
315968648,508800,3845577,1,2,0,1,3468,24,3697948,0,148788,252,13,0,1980-01-06T04:04:08,1633360888.92768,2021-10-04T18:21:28
315968663,508800,3860577,1,2,0,1,3482,24,3697948,0,148788,159,13,0,1980-01-06T04:04:23,1633360902.237321,2021-10-04T18:21:42
315968675,508800,3872577,1,2,0,1,3492,24,3697948,0,148788,33,13,0,1980-01-06T04:04:35,1633360915.487285,2021-10-04T18:21:55
315968690,508800,3887577,1,2,0,1,3506,24,3697948,0,148788,196,13,0,1980-01-06T04:04:50,1633360931.0979998,2021-10-04T18:22:11
315968702,508800,3899577,1,2,0,1,3517,24,3697948,0,148788,71,13,0,1980-01-06T04:05:02,1633360944.4266489,2021-10-04T18:22:24
315968717,508800,3914577,1,2,0,1,3530,24,3697948,0,148788,234,13,0,1980-01-06T04:05:17,1633360957.746953,2021-10-04T18:22:37
315968732,508800,3929577,1,2,0,1,3544,24,3697948,0,148788,141,13,0,1980-01-06T04:05:32,1633360971.08808,2021-10-04T18:22:51
315968744,508800,3941577,1,2,0,1,3554,24,3697948,0,148788,15,13,0,1980-01-06T04:05:44,1633360984.396853,2021-10-04T18:23:04
315968756,508800,3953577,1,2,0,1,3565,24,3697948,0,148788,146,13,0,1980-01-06T04:05:56,1633360997.7765648,2021-10-04T18:23:17
315968771,508800,3968577,1,2,0,1,3579,24,3697948,0,148788,53,13,0,1980-01-06T04:06:11,1633361010.595957,2021-10-04T18:23:30
315968783,508800,3980577,1,2,0,1,3590,24,3697948,0,148788,183,13,0,1980-01-06T04:06:23,1633361026.706632,2021-10-04T18:23:46
315968798,508800,3995577,1,2,0,1,3603,24,3697948,0,148788,90,13,0,1980-01-06T04:06:38,1633361039.41656,2021-10-04T18:23:59
315968813,664300,4010577,1,2,0,1,3617,25,4000148,0,155590,253,13,0,1980-01-06T04:06:53,1633361053.286068,2021-10-04T18:24:13
315968825,664300,4022577,1,2,0,1,3628,25,4000148,0,155590,127,13,0,1980-01-06T04:07:05,1633361066.695489,2021-10-04T18:24:26
315968840,664300,4037577,1,2,0,1,3641,25,4000148,0,155590,34,13,0,1980-01-06T04:07:20,1633361080.1257079,2021-10-04T18:24:40
315968852,664300,4049577,1,2,0,1,3652,25,4000148,0,155590,165,13,0,1980-01-06T04:07:32,1633361092.955832,2021-10-04T18:24:52
315968867,664300,4064577,1,2,0,1,3666,25,4000148,0,155590,72,13,0,1980-01-06T04:07:47,1633361106.295708,2021-10-04T18:25:06
315968879,664300,4076577,1,2,0,1,3677,25,4000148,0,155590,202,13,0,1980-01-06T04:07:59,1633361119.6653838,2021-10-04T18:25:19
315968894,664300,4091577,1,2,0,1,3690,25,4000148,0,155590,109,13,0,1980-01-06T04:08:14,1633361132.475153,2021-10-04T18:25:32
315968909,664300,4106577,1,2,0,1,3704,25,4000148,0,155590,16,13,0,1980-01-06T04:08:29,1633361148.7548609,2021-10-04T18:25:48
315968921,664300,4118577,1,2,0,1,3715,25,4000148,0,155590,147,13,0,1980-01-06T04:08:41,1633361162.084753,2021-10-04T18:26:02
315968933,664300,4130577,1,2,0,1,3725,25,4000148,0,155590,21,13,0,1980-01-06T04:08:53,1633361175.4151728,2021-10-04T18:26:15
315968948,664300,4145577,1,2,0,1,3739,25,4000148,0,155590,184,13,0,1980-01-06T04:09:08,1633361188.224469,2021-10-04T18:26:28
315968963,664300,4160577,1,2,0,1,3753,25,4000148,0,155590,91,13,0,1980-01-06T04:09:23,1633361201.606113,2021-10-04T18:26:41
315968975,664300,4172577,1,2,0,1,3764,25,4000148,0,155590,221,13,0,1980-01-06T04:09:35,1633361215.004521,2021-10-04T18:26:55
315968990,664300,4187577,1,2,0,1,3777,25,4000148,0,155590,128,13,0,1980-01-06T04:09:50,1633361231.265889,2021-10-04T18:27:11
315969002,664300,4199577,1,2,0,1,3788,25,4000148,0,155590,3,13,0,1980-01-06T04:10:02,1633361244.554008,2021-10-04T18:27:24
315969017,664300,4214577,1,2,0,1,3801,25,4000148,0,155590,166,13,0,1980-01-06T04:10:17,1633361257.843845,2021-10-04T18:27:37
