time_us,snr,rssi_bytes,time_s,crc_bytes,cookie,log_timestamp,log_timestamp_gregorian,frame_no,tap_bytes,time_gregorian
61719,1,0100c890e0,1633357438,4d5d,677,1633357438.008321,2021-10-04T17:23:58,444,00000000000000000000000000,1633357438.061719
9103918,6,06004c07e0,1633357443,d040,678,1633357443.912283,2021-10-04T17:24:03,1868,00000000000000000000000000,1633357452.103918
8145177,2,0200c890e0,1633357444,657d,679,1633357444.816648,2021-10-04T17:24:04,452,00000000000000000000000000,1633357452.145177
816206,7,0700c890e0,1633357451,57db,680,1633357451.084589,2021-10-04T17:24:11,459,00000000000000000000000000,1633357451.816206
6568524,2,0200c890e0,1633357451,94f2,681,1633357451.659138,2021-10-04T17:24:11,460,00000000000000000000000000,1633357457.568524
2846605,4,0400c890e0,1633357452,b28a,682,1633357452.28673,2021-10-04T17:24:12,461,00000000000000000000000000,1633357454.846605
9495773,14,0e00c890e0,1633357475,6929,683,1633357475.95154,2021-10-04T17:24:35,487,00000000000000000000000000,1633357484.495773
4969797,15,0f00c890e0,1633357476,3b93,684,1633357476.498989,2021-10-04T17:24:36,488,00000000000000000000000000,1633357480.969797
1132893,11,0b00c890e0,1633357477,b566,685,1633357477.115539,2021-10-04T17:24:37,489,00000000000000000000000000,1633357478.132893
7523610,15,0f00c890e0,1633357479,ff59,686,1633357479.754381,2021-10-04T17:24:39,490,00000000000000000000000000,1633357486.52361
3794598,15,0f00c890e0,1633357480,cf99,687,1633357480.381717,2021-10-04T17:24:40,491,00000000000000000000000000,1633357483.794598
5541849,12,0c00c890e0,1633357481,0c0d,688,1633357481.556335,2021-10-04T17:24:41,493,00000000000000000000000000,1633357486.541849
1295182,14,0e00c890e0,1633357482,1df2,689,1633357482.131592,2021-10-04T17:24:42,494,00000000000000000000000000,1633357483.295182
3130342,10,0a00c890e0,1633357483,99d2,690,1633357483.31511,2021-10-04T17:24:43,496,00000000000000000000000000,1633357486.130342
329144,10,0a00c890e0,1633357486,1e25,691,1633357486.034782,2021-10-04T17:24:46,497,00000000000000000000000000,1633357486.329144
5688722,14,0e00c890e0,1633357486,8ac2,692,1633357486.570907,2021-10-04T17:24:46,498,00000000000000000000000000,1633357491.688722
2145650,12,0c00c890e0,1633357487,d977,693,1633357487.216614,2021-10-04T17:24:47,499,00000000000000000000000000,1633357489.14565
7968754,12,0c00c890e0,1633357487,9dfd,694,1633357487.799355,2021-10-04T17:24:47,500,00000000000000000000000000,1633357494.968754
1375410,1,0100589ee0,1633357488,180d,695,1633357488.139698,2021-10-04T17:24:48,32821,00000000000000000000000000,1633357489.37541
9515469,15,0f00c890e0,1633357488,7ffd,696,1633357488.95361,2021-10-04T17:24:48,502,00000000000000000000000000,1633357497.515469
6419355,14,0e00c890e0,1633357489,9e76,697,1633357489.643979,2021-10-04T17:24:49,503,00000000000000000000000000,1633357495.419355
1974565,14,0e00c890e0,1633357492,7ecd,698,1633357492.199664,2021-10-04T17:24:52,504,00000000000000000000000000,1633357493.974565
8301844,14,0e00c890e0,1633357492,3859,699,1633357492.832232,2021-10-04T17:24:52,505,00000000000000000000000000,1633357500.301844
3677494,9,0900c890e0,1633357493,4ef7,700,1633357493.369694,2021-10-04T17:24:53,506,00000000000000000000000000,1633357496.677494
43053,12,0c00c890e0,1633357494,bf0f,701,1633357494.007935,2021-10-04T17:24:54,507,00000000000000000000000000,1633357494.043053
5691125,10,0a00c890e0,1633357494,fca0,702,1633357494.571058,2021-10-04T17:24:54,508,00000000000000000000000000,1633357499.691125
7354161,8,0800c890e0,1633357495,3b39,703,1633357495.738257,2021-10-04T17:24:55,510,00000000000000000000000000,1633357502.354161
4861073,3,0300c890e0,1633357498,f33e,704,1633357498.48826,2021-10-04T17:24:58,511,00000000000000000000000000,1633357502.861073
1142399,13,0d00c890e0,1633357499,5971,705,1633357499.116487,2021-10-04T17:24:59,512,00000000000000000000000000,1633357500.142399
8410670,11,0b00c890e0,1633357500,fde9,706,1633357500.843127,2021-10-04T17:25:00,515,00000000000000000000000000,1633357508.41067
4866192,13,0d00c890e0,1633357501,ec0b,707,1633357501.488612,2021-10-04T17:25:01,516,00000000000000000000000000,1633357505.866192
6644127,11,0b00c890e0,1633357504,5bee,708,1633357504.666548,2021-10-04T17:25:04,518,00000000000000000000000000,1633357510.644127
3119375,11,0b00c890e0,1633357505,5dd6,709,1633357505.314079,2021-10-04T17:25:05,519,00000000000000000000000000,1633357508.119375
9356846,11,0b00c890e0,1633357505,bce4,710,1633357505.937617,2021-10-04T17:25:05,520,00000000000000000000000000,1633357514.356846
5049052,9,0900c890e0,1633357506,772e,711,1633357506.507076,2021-10-04T17:25:06,521,00000000000000000000000000,1633357511.049052
6617341,11,0b00c890e0,1633357507,09cc,712,1633357507.664009,2021-10-04T17:25:07,523,00000000000000000000000000,1633357513.617341
2940280,7,0700c890e0,1633357508,c23d,713,1633357508.296653,2021-10-04T17:25:08,2,00000000000000000000000000,1633357510.94028
5725600,11,0b00c890e0,1633357511,ef32,714,1633357511.575273,2021-10-04T17:25:11,526,00000000000000000000000000,1633357516.7256
1177868,13,0d00c890e0,1633357512,e3ea,715,1633357512.119939,2021-10-04T17:25:12,527,00000000000000000000000000,1633357513.177868
7479648,13,0d00c890e0,1633357512,e20e,716,1633357512.74982,2021-10-04T17:25:12,528,00000000000000000000000000,1633357519.479648
2848443,13,0d00c890e0,1633357513,06a9,717,1633357513.286885,2021-10-04T17:25:13,529,00000000000000000000000000,1633357515.848443
2028186,15,0f00c890e0,1633357517,2768,718,1633357517.206686,2021-10-04T17:25:17,532,00000000000000000000000000,1633357519.028186
7454018,10,0a00c890e0,1633357517,19f1,719,1633357517.748569,2021-10-04T17:25:17,533,00000000000000000000000000,1633357524.454018
2874395,10,0a00c890e0,1633357518,0758,720,1633357518.289438,2021-10-04T17:25:18,534,00000000000000000000000000,1633357520.874395
9032239,10,0a00c890e0,1633357518,ec05,721,1633357518.905443,2021-10-04T17:25:18,535,00000000000000000000000000,1633357527.032239
4533495,10,0a00c890e0,1633357519,3c18,722,1633357519.455244,2021-10-04T17:25:19,536,00000000000000000000000000,1633357523.533495
870544,13,0d00c890e0,1633357520,39d3,723,1633357520.089102,2021-10-04T17:25:20,537,00000000000000000000000000,1633357520.870544
6393306,10,0a00c890e0,1633357520,3078,724,1633357520.641376,2021-10-04T17:25:20,538,00000000000000000000000000,1633357526.393306
2641446,13,0d00c890e0,1633357523,b635,725,1633357523.266278,2021-10-04T17:25:23,539,00000000000000000000000000,1633357525.641446
4436826,9,0900c890e0,1633357524,205a,726,1633357524.445848,2021-10-04T17:25:24,541,00000000000000000000000000,1633357528.436826
8100638,9,0900c890e0,1633357526,c96c,727,1633357526.812427,2021-10-04T17:25:26,545,00000000000000000000000000,1633357534.100638
556550,13,0d00c890e0,1633357530,1ca4,728,1633357530.057724,2021-10-04T17:25:30,547,00000000000000000000000000,1633357530.55655
6388354,13,0d00c890e0,1633357530,f8b9,729,1633357530.641741,2021-10-04T17:25:30,548,00000000000000000000000000,1633357536.388354
5121014,3,03004407c0,1633357531,51c3,730,1633357531.514127,2021-10-04T17:25:31,1860,00000000000000000000000000,1633357536.121014
761775,14,0e00c890e0,1633357533,b29b,731,1633357533.078238,2021-10-04T17:25:33,552,00000000000000000000000000,1633357533.761775
1204354,12,0c00c890e0,1633357538,925b,732,1633357538.122539,2021-10-04T17:25:38,557,00000000000000000000000000,1633357539.204354
9740393,12,0c00c890e0,1633357541,7a36,733,1633357541.978389,2021-10-04T17:25:41,560,00000000000000000000000000,1633357550.740393
5257377,13,0d00c890e0,1633357542,0ed5,734,1633357542.527782,2021-10-04T17:25:42,561,00000000000000000000000000,1633357547.257377
1803286,12,0c00c890e0,1633357543,9ce2,735,1633357543.18228,2021-10-04T17:25:43,562,00000000000000000000000000,1633357544.803286
7278828,4,0400c890e0,1633357543,6699,736,1633357543.729877,2021-10-04T17:25:43,35507,00000000000000000000000000,1633357550.278828
7923209,6,0600c890e0,1633357548,f35f,737,1633357548.794445,2021-10-04T17:25:48,3128,00000000000000000000000000,1633357555.923209
2396376,0,0000c890e0,1633357569,cdcd,738,1633357569.241692,2021-10-04T17:26:09,592,00000000000000000000000000,1633357571.396376
563962,4,0400c890e0,1633357573,8a48,739,1633357573.058286,2021-10-04T17:26:13,595,00000000000000000000000000,1633357573.563962
6038162,5,0500c890e0,1633357573,c3bb,740,1633357573.606158,2021-10-04T17:26:13,596,00000000000000000000000000,1633357579.038162
2445025,12,0c00c890e0,1633357574,23c2,741,1633357574.246674,2021-10-04T17:26:14,597,00000000000000000000000000,1633357576.445025
7962262,11,0b00c890e0,1633357574,5a34,742,1633357574.798266,2021-10-04T17:26:14,598,00000000000000000000000000,1633357581.962262
4497499,14,0e00c890e0,1633357575,9c0d,743,1633357575.4518,2021-10-04T17:26:15,599,00000000000000000000000000,1633357579.497499
378289,1,0100c890e0,1633357581,5898,744,1633357581.039931,2021-10-04T17:26:21,605,00000000000000000000000000,1633357581.378289
2544012,12,0c00c890e0,1633357582,b4c0,745,1633357582.256578,2021-10-04T17:26:22,607,00000000000000000000000000,1633357584.544012
8642327,12,0c00c890e0,1633357582,1e54,746,1633357582.866384,2021-10-04T17:26:22,608,00000000000000000000000000,1633357590.642327
3342564,11,0b00c890e0,1633357587,bd30,747,1633357587.338315,2021-10-04T17:26:27,612,00000000000000000000000000,1633357590.342564
540058,10,0a00440730,1633357592,0000,748,1633357592.056265,2021-10-04T17:26:32,1860,00000000000000000000000000,1633357592.540058
9783623,15,0f00c890e0,1633357592,487c,749,1633357592.980503,2021-10-04T17:26:32,618,00000000000000000000000000,1633357601.783623
5459294,11,0b00c89e00,1633357593,7d4f,750,1633357593.547943,2021-10-04T17:26:33,619,00000000000000000000000000,1633357598.459294
3309109,13,0d00c890e0,1633357595,735e,751,1633357595.332844,2021-10-04T17:26:35,622,00000000000000000000000000,1633357598.309109
2622876,4,0400c890e0,1633357599,fee2,752,1633357599.264247,2021-10-04T17:26:39,625,00000000000000000000000000,1633357601.622876
2588372,13,0d00c890e0,1633357604,eef3,753,1633357604.260971,2021-10-04T17:26:44,630,00000000000000000000000000,1633357606.588372
8804609,12,0c00c890e0,1633357604,27d8,754,1633357604.882484,2021-10-04T17:26:44,631,00000000000000000000000000,1633357612.804609
871322,0,0000c89440,1633357606,0aff,755,1633357606.089184,2021-10-04T17:26:46,633,00000000000000000000000000,1633357606.871322
707774,14,0e00c890e0,1633357611,f9b4,756,1633357611.072711,2021-10-04T17:26:51,21118,00000000000000000000000000,1633357611.707774
2669701,2,0200c88500,1633357612,8307,757,1633357612.268995,2021-10-04T17:26:52,640,00000000000000000000000000,1633357614.669701
2851316,12,0c00c40760,1633357613,6e12,758,1633357613.28899,2021-10-04T17:26:53,1988,00000000000000000000000000,1633357615.851316
7787728,11,0b00c890e0,1633357616,319c,759,1633357616.780838,2021-10-04T17:26:56,644,00000000000000000000000000,1633357623.787728
214757,12,0c00db85e0,1633357618,d3c8,760,1633357618.023551,2021-10-04T17:26:58,646,00000000000000000000000000,1633357618.214757
1614663,12,0c00c890e0,1633357619,ff4d,761,1633357619.164016,2021-10-04T17:26:59,648,00000000000000000000000000,1633357620.614663
7211098,11,0b00c890e0,1633357619,5b54,762,1633357619.723248,2021-10-04T17:26:59,649,00000000000000000000000000,1633357626.211098
3708591,2,0200c890e0,1633357620,cedd,763,1633357620.372853,2021-10-04T17:27:00,650,00000000000000000000000000,1633357623.708591
6246752,0,0000c890e0,1633357623,d603,764,1633357623.626827,2021-10-04T17:27:03,652,00000000000000000000000000,1633357629.246752
241830,11,0b00c890e0,1633357631,519b,765,1633357631.026705,2021-10-04T17:27:11,661,00000000000000000000000000,1633357631.24183
5256981,10,0a00c890e0,1633357631,84a8,766,1633357631.527947,2021-10-04T17:27:11,662,00000000000000000000000000,1633357636.256981
7057538,13,0d00c890e0,1633357632,d812,767,1633357632.707721,2021-10-04T17:27:12,664,00000000000000000000000000,1633357639.057538
3569052,2,0200c890e0,1633357638,6bbb,768,1633357638.358895,2021-10-04T17:27:18,670,00000000000000000000000000,1633357641.569052
9802742,4,0400c890e0,1633357638,2dd5,769,1633357638.982325,2021-10-04T17:27:18,671,00000000000000000000000000,1633357647.802742
3132483,2,0200c890e0,1633357645,5337,770,1633357645.315072,2021-10-04T17:27:25,678,00000000000000000000000000,1633357648.132483
9214308,0,0000c09060,1633357647,02e0,771,1633357647.923445,2021-10-04T17:27:27,1959,00000000000000000000000000,1633357656.214308
5558309,0,0000c890e0,1633357648,2ef6,772,1633357648.558052,2021-10-04T17:27:28,680,00000000000000000000000000,1633357653.558309
2554476,1,0100c890e0,1633357650,2550,773,1633357650.257529,2021-10-04T17:27:30,418,00000000000000000000000000,1633357652.554476
7130115,7,0700c890e0,1633357657,c34c,774,1633357657.715063,2021-10-04T17:27:37,692,00000000000000000000000000,1633357664.130115
162811,1,0100c890e0,1633357661,5459,775,1633357661.018254,2021-10-04T17:27:41,694,00000000000000000000000000,1633357661.162811
6277506,3,0300c890e0,1633357661,b74a,776,1633357661.631337,2021-10-04T17:27:41,695,00000000000000000000000000,1633357667.277506
927295,5,05005190e0,1633357668,300d,777,1633357668.094857,2021-10-04T17:27:48,694,00000000000000000000000000,1633357668.927295
6398642,2,02004407f0,1633357668,0c1f,778,1633357668.641869,2021-10-04T17:27:48,1860,00000000000000000000000000,1633357674.398642
7990489,1,0100c890e0,1633357685,919b,779,1633357685.801008,2021-10-04T17:28:05,722,00000000000000000000000000,1633357692.990489
1437752,12,0c00c890e0,1633357688,27f6,780,1633357688.146101,2021-10-04T17:28:08,726,00000000000000000000000000,1633357689.437752
7740092,10,0a00cc90a0,1633357688,833d,781,1633357688.776329,2021-10-04T17:28:08,734,00000000000000000000000000,1633357695.740092
6940877,13,0d00c890e0,1633357697,0631,782,1633357697.696266,2021-10-04T17:28:17,735,00000000000000000000000000,1633357703.940877
2423329,15,0f00c890e0,1633357698,89a1,783,1633357698.244321,2021-10-04T17:28:18,736,00000000000000000000000000,1633357700.423329
8613102,14,0e00c890e0,1633357698,2ad4,784,1633357698.863459,2021-10-04T17:28:18,737,00000000000000000000000000,1633357706.613102
4030072,13,0d00c890e0,1633357699,cad9,785,1633357699.405158,2021-10-04T17:28:19,738,00000000000000000000000000,1633357703.030072
6008920,9,0900c89060,1633357700,9c59,786,1633357700.602704,2021-10-04T17:28:20,740,00000000000000000000000000,1633357706.00892
2238950,9,0900c890e0,1633357701,1f22,787,1633357701.226258,2021-10-04T17:28:21,741,00000000000000000000000000,1633357703.23895
9803774,3,0300c40770,1633357705,3f02,788,1633357705.9823,2021-10-04T17:28:25,1988,00000000000000000000000000,1633357714.803774
8543851,12,0c00c890e0,1633357706,3a0c,789,1633357706.857026,2021-10-04T17:28:26,747,00000000000000000000000000,1633357714.543851
4186060,11,0b00c890e0,1633357707,4e66,790,1633357707.420526,2021-10-04T17:28:27,748,00000000000000000000000000,1633357711.18606
4884145,11,0b00c890e0,1633357712,34e8,791,1633357712.490514,2021-10-04T17:28:32,753,00000000000000000000000000,1633357716.884145
563020,10,0a00c890e0,1633357713,bb23,792,1633357713.05829,2021-10-04T17:28:33,754,00000000000000000000000000,1633357713.56302
5927495,9,0900c890e0,1633357713,201f,793,1633357713.595185,2021-10-04T17:28:33,755,00000000000000000000000000,1633357718.927495
1355826,12,0c00c890e0,1633357723,bcbe,794,1633357723.137739,2021-10-04T17:28:43,764,00000000000000000000000000,1633357724.355826
5108077,10,0a00c890e0,1633357730,edd6,795,1633357730.512949,2021-10-04T17:28:50,773,00000000000000000000000000,1633357735.108077
2868058,13,0d00c890e0,1633357732,7f2d,796,1633357732.288881,2021-10-04T17:28:52,776,00000000000000000000000000,1633357734.868058
9432377,9,0900c890e0,1633357734,9252,797,1633357734.945202,2021-10-04T17:28:54,777,00000000000000000000000000,1633357743.432377
7444193,14,0e00c890e0,1633357736,6502,798,1633357736.746635,2021-10-04T17:28:56,780,00000000000000000000000000,1633357743.444193
9155988,2,0200c890d0,1633357737,def2,799,1633357737.917635,2021-10-04T17:28:57,782,00000000000000000000000000,1633357746.155988
4600780,13,0d00c890e0,1633357738,1e72,800,1633357738.462133,2021-10-04T17:28:58,783,00000000000000000000000000,1633357742.60078
9225969,12,0c00c890e0,1633357742,b445,801,1633357742.924706,2021-10-04T17:29:02,787,00000000000000000000000000,1633357751.225969
1686630,13,0d00c890e0,1633357744,92f5,802,1633357744.170639,2021-10-04T17:29:04,789,00000000000000000000000000,1633357745.68663
5280759,1,0100cc0740,1633357744,be41,803,1633357744.530286,2021-10-04T17:29:04,1996,00000000000000000000000000,1633357749.280759
309166,1,0100c890e0,1633357751,13b9,804,1633357751.032771,2021-10-04T17:29:11,797,00000000000000000000000000,1633357751.309166
6340928,2,0200c890e0,1633357756,8083,805,1633357756.636234,2021-10-04T17:29:16,803,00000000000000000000000000,1633357762.340928
2184848,9,0900c890e0,1633357761,d65c,806,1633357761.220659,2021-10-04T17:29:21,807,00000000000000000000000000,1633357763.184848
4496941,14,0e004407b0,1633357761,4906,807,1633357761.451738,2021-10-04T17:29:21,1860,00000000000000000000000000,1633357765.496941
3006777,12,0c00c890e0,1633357762,aae5,808,1633357762.302776,2021-10-04T17:29:22,809,00000000000000000000000000,1633357765.006777
6981687,11,0b00c890e0,1633357769,28bb,809,1633357769.700015,2021-10-04T17:29:29,818,00000000000000000000000000,1633357775.981687
9561700,12,0c00c890e0,1633357772,f11b,810,1633357772.958051,2021-10-04T17:29:32,820,00000000000000000000000000,1633357781.5617
3845262,13,0d00c40750,1633357773,0000,811,1633357773.387253,2021-10-04T17:29:33,1988,00000000000000000000000000,1633357776.845262
1082456,10,0a00c890e0,1633357774,7677,812,1633357774.110222,2021-10-04T17:29:34,822,00000000000000000000000000,1633357775.082456
7436754,12,0c00c890e0,1633357774,e0b9,813,1633357774.745873,2021-10-04T17:29:34,823,00000000000000000000000000,1633357781.436754
6283514,12,0c00c890e0,1633357778,42e6,814,1633357778.630158,2021-10-04T17:29:38,826,00000000000000000000000000,1633357784.283514
2343819,13,0d00c890e0,1633357779,0da8,815,1633357779.236654,2021-10-04T17:29:39,827,00000000000000000000000000,1633357781.343819
4970898,11,0b00c890e0,1633357780,3c91,816,1633357780.49918,2021-10-04T17:29:40,829,00000000000000000000000000,1633357784.970898
9447999,14,0e00c890e0,1633357784,3058,817,1633357784.946774,2021-10-04T17:29:44,833,00000000000000000000000000,1633357793.447999
2403187,13,0d00c890e0,1633357787,df35,818,1633357787.242191,2021-10-04T17:29:47,837,00000000000000000000000000,1633357789.403187
9038591,13,0d00c890e0,1633357787,950b,819,1633357787.90606,2021-10-04T17:29:47,838,00000000000000000000000000,1633357796.038591
4407968,13,0d00c890e0,1633357788,0483,820,1633357788.442831,2021-10-04T17:29:48,839,00000000000000000000000000,1633357792.407968
234878,12,0c00c890e0,1633357793,0b95,821,1633357793.026616,2021-10-04T17:29:53,843,00000000000000000000000000,1633357793.234878
5727908,12,0c00c890e0,1633357793,4263,822,1633357793.57498,2021-10-04T17:29:53,844,00000000000000000000000000,1633357798.727908
1624796,12,0c00c890e0,1633357794,d077,823,1633357794.164398,2021-10-04T17:29:54,845,00000000000000000000000000,1633357795.624796
5406837,13,0d00c890e0,1633357797,40b7,824,1633357797.542798,2021-10-04T17:29:57,847,00000000000000000000000000,1633357802.406837
193996,11,0b00c890e0,1633357798,7416,825,1633357798.021919,2021-10-04T17:29:58,58192,00000000000000000000000000,1633357798.193996
6205303,12,0c00c890e0,1633357798,8402,826,1633357798.622958,2021-10-04T17:29:58,849,00000000000000000000000000,1633357804.205303
6211431,12,0c00c890e0,1633357803,51d7,827,1633357803.623233,2021-10-04T17:30:03,854,00000000000000000000000000,1633357809.211431
2867765,13,0d00c890e0,1633357804,d193,828,1633357804.288861,2021-10-04T17:30:04,967,00000000000000000000000000,1633357806.867765
8312242,1,0100c890e0,1633357804,e8b6,829,1633357804.833375,2021-10-04T17:30:04,856,00000000000000000000000000,1633357812.312242
414545,13,0d00c890e0,1633357806,5e8e,830,1633357806.043621,2021-10-04T17:30:06,858,00000000000000000000000000,1633357806.414545
6050670,10,0a00c890e0,1633357806,d79f,831,1633357806.607201,2021-10-04T17:30:06,859,00000000000000000000000000,1633357812.05067
1903886,14,0e00c890e0,1633357807,5479,832,1633357807.192378,2021-10-04T17:30:07,860,00000000000000000000000000,1633357808.903886
1561918,10,0a00c890e0,1633357811,78de,833,1633357811.158232,2021-10-04T17:30:11,863,00000000000000000000000000,1633357812.561918
4520788,13,0d00cc07f0,1633357811,be41,834,1633357811.453948,2021-10-04T17:30:11,1996,00000000000000000000000000,1633357815.520788
2905280,12,0c00c890e0,1633357812,0ac3,835,1633357812.292488,2021-10-04T17:30:12,865,00000000000000000000000000,1633357814.90528
8924100,12,0c00c890e0,1633357812,975c,836,1633357812.894678,2021-10-04T17:30:12,866,00000000000000000000000000,1633357820.9241
4934911,15,0f00c890e0,1633357813,5e7e,837,1633357813.495668,2021-10-04T17:30:13,867,00000000000000000000000000,1633357817.934911
9631667,12,0c00c40750,1633357815,0000,838,1633357815.966036,2021-10-04T17:30:15,1988,00000000000000000000000000,1633357824.631667
7501120,12,0c00c890e0,1633357816,a285,839,1633357816.752172,2021-10-04T17:30:16,869,00000000000000000000000000,1633357823.50112
4672129,12,0c00c890e0,1633357817,853b,840,1633357817.469243,2021-10-04T17:30:17,870,00000000000000000000000000,1633357821.672129
9628391,11,0b00c890e0,1633357817,e115,841,1633357817.964972,2021-10-04T17:30:17,871,00000000000000000000000000,1633357826.628391
6290924,12,0c00c890e0,1633357818,cf56,842,1633357818.631095,2021-10-04T17:30:18,872,00000000000000000000000000,1633357824.290924
6535942,12,0c00c890e0,1633357822,3413,843,1633357822.656424,2021-10-04T17:30:22,875,00000000000000000000000000,1633357828.535942
875844,15,0f00c890e0,1633357823,8c2b,844,1633357823.089538,2021-10-04T17:30:23,876,00000000000000000000000000,1633357823.875844
2307796,1,0100c890e0,1633357824,dfce,845,1633357824.23281,2021-10-04T17:30:24,878,00000000000000000000000000,1633357826.307796
4258408,14,0e00c890e0,1633357825,4dc6,846,1633357825.42781,2021-10-04T17:30:25,880,00000000000000000000000000,1633357829.258408
929689,13,0d00c890e0,1633357826,9ddb,847,1633357826.095014,2021-10-04T17:30:26,881,00000000000000000000000000,1633357826.929689
6748013,9,0900c890e0,1633357828,eee5,848,1633357828.677026,2021-10-04T17:30:28,882,00000000000000000000000000,1633357834.748013
9987189,14,0e00c890e0,1633357829,dadd,849,1633357830.000777,2021-10-04T17:30:30,884,00000000000000000000000000,1633357838.987189
7232830,13,0d00c890e0,1633357830,7438,850,1633357830.725322,2021-10-04T17:30:30,885,00000000000000000000000000,1633357837.23283
2119126,5,0500c890e0,1633357831,395e,851,1633357831.213782,2021-10-04T17:30:31,886,00000000000000000000000000,1633357833.119126
2644762,12,0c00c890e0,1633357836,1e7b,852,1633357836.266912,2021-10-04T17:30:36,891,00000000000000000000000000,1633357838.644762
8726625,11,0b00c890e0,1633357836,359c,853,1633357836.875062,2021-10-04T17:30:36,892,00000000000000000000000000,1633357844.726625
794327,13,0d00c890e0,1633357838,90c0,854,1633357838.081556,2021-10-04T17:30:38,893,00000000000000000000000000,1633357838.794327
8861222,12,0c00c890e0,1633357844,051f,855,1633357844.88816,2021-10-04T17:30:44,902,00000000000000000000000000,1633357852.861222
6094853,11,0b00c890e0,1633357847,c81a,856,1633357847.611423,2021-10-04T17:30:47,903,00000000000000000000000000,1633357853.094853
906119,11,0b00c890e0,1633357856,7fdc,857,1633357856.092463,2021-10-04T17:30:56,914,00000000000000000000000000,1633357856.906119
8161814,10,0a00c890e0,1633357856,6bd4,858,1633357856.819333,2021-10-04T17:30:56,915,00000000000000000000000000,1633357864.161814
2574894,9,0900c890e0,1633357866,4750,859,1633357866.259597,2021-10-04T17:31:06,924,00000000000000000000000000,1633357868.574894
8056397,12,0c00cd90e0,1633357866,e78b,860,1633357866.80761,2021-10-04T17:31:06,925,00000000000000000000000000,1633357874.056397
4594559,13,0d00c890e0,1633357867,2731,861,1633357867.461508,2021-10-04T17:31:07,926,00000000000000000000000000,1633357871.594559
166609,10,0a00c890e0,1633357868,dd74,862,1633357868.020073,2021-10-04T17:31:08,927,00000000000000000000000000,1633357868.166609
7235617,10,0a00c890e0,1633357868,7754,863,1633357868.72582,2021-10-04T17:31:08,928,00000000000000000000000000,1633357875.235617
2116498,10,0a00c890e0,1633357869,e1b3,864,1633357869.213753,2021-10-04T17:31:09,929,00000000000000000000000000,1633357871.116498
8127844,12,0c00c890e0,1633357869,2a1a,865,1633357869.815006,2021-10-04T17:31:09,930,00000000000000000000000000,1633357877.127844
3850483,3,0300c899e0,1633357874,9af3,866,1633357874.387233,2021-10-04T17:31:14,934,00000000000000000000000000,1633357877.850483
8724675,13,0d00c890e0,1633357874,501a,867,1633357874.874628,2021-10-04T17:31:14,935,00000000000000000000000000,1633357882.724675
7819786,10,0a00c890e0,1633357878,9d81,868,1633357878.784224,2021-10-04T17:31:18,938,00000000000000000000000000,1633357885.819786
2691638,13,0d00c890c0,1633357879,01ce,869,1633357879.271399,2021-10-04T17:31:19,939,00000000000000000000000000,1633357881.691638
3462600,12,0c00c890e0,1633357885,bf1c,870,1633357885.348267,2021-10-04T17:31:25,945,00000000000000000000000000,1633357888.4626
5375828,12,0c00c89000,1633357885,21f7,871,1633357885.539952,2021-10-04T17:31:25,946,00000000000000000000000000,1633357890.375828
6941993,12,0c00c890e0,1633357891,94b4,872,1633357891.696384,2021-10-04T17:31:31,953,00000000000000000000000000,1633357897.941993
3376288,13,0d00c890e0,1633357892,fa13,873,1633357892.339979,2021-10-04T17:31:32,954,00000000000000000000000000,1633357895.376288
8929331,10,0a00c890e0,1633357892,5e67,874,1633357892.896359,2021-10-04T17:31:32,955,00000000000000000000000000,1633357900.929331
4506182,2,0200c40780,1633357894,1bc4,875,1633357894.452629,2021-10-04T17:31:34,1988,00000000000000000000000000,1633357898.506182
3588724,3,0300ca90e0,1633357900,be41,876,1633357900.360974,2021-10-04T17:31:40,964,00000000000000000000000000,1633357903.588724
8792936,1,0100c890e0,1633357900,a143,877,1633357900.881381,2021-10-04T17:31:40,965,00000000000000000000000000,1633357908.792936
5918397,14,0e00c890e0,1633357903,688d,878,1633357903.59395,2021-10-04T17:31:43,966,00000000000000000000000000,1633357908.918397
1469044,9,0900c890e0,1633357904,8e05,879,1633357904.149074,2021-10-04T17:31:44,967,00000000000000000000000000,1633357905.469044
7798883,1,0100c890e0,1633357904,9ce2,880,1633357904.781909,2021-10-04T17:31:44,968,00000000000000000000000000,1633357911.798883
6162936,14,0e00c890e0,1633357906,2f2c,881,1633357906.618417,2021-10-04T17:31:46,971,00000000000000000000000000,1633357912.162936
1543874,14,0e00c890e0,1633357907,2c1c,882,1633357907.157929,2021-10-04T17:31:47,972,00000000000000000000000000,1633357908.543874
8872675,11,0b00c890e0,1633357909,958b,883,1633357909.889331,2021-10-04T17:31:49,973,00000000000000000000000000,1633357917.872675
4642543,12,0c00c890e0,1633357910,b34d,884,1633357910.466614,2021-10-04T17:31:50,974,00000000000000000000000000,1633357914.642543
1178181,14,0e00c890e0,1633357911,2268,885,1633357911.119954,2021-10-04T17:31:51,975,00000000000000000000000000,1633357912.178181
4526870,11,0b00c407f0,1633357911,0000,886,1633357911.45484,2021-10-04T17:31:51,1988,00000000000000000000000000,1633357915.52687
2576274,10,0a00c890e0,1633357912,24d9,887,1633357912.259687,2021-10-04T17:31:52,977,00000000000000000000000000,1633357914.576274
821485,10,0a00c890e0,1633357916,8556,888,1633357916.084202,2021-10-04T17:31:56,980,00000000000000000000000000,1633357916.821485
2618594,6,0600c890e0,1633357917,81ab,889,1633357917.264147,2021-10-04T17:31:57,27478,00000000000000000000000000,1633357919.618594
4358813,11,0b00c890e0,1633357918,9dd8,890,1633357918.437865,2021-10-04T17:31:58,984,00000000000000000000000000,1633357922.358813
747942,13,0d00c890e0,1633357919,74dc,891,1633357919.077116,2021-10-04T17:31:59,985,00000000000000000000000000,1633357919.747942
6057817,3,0300c890e0,1633357919,09dd,892,1633357919.609379,2021-10-04T17:31:59,986,00000000000000000000000000,1633357925.057817
6903939,14,0e00c890e0,1633357924,9fd6,893,1633357924.692512,2021-10-04T17:32:04,991,00000000000000000000000000,1633357930.903939
2420547,13,0d00c890e0,1633357925,2cff,894,1633357925.244127,2021-10-04T17:32:05,992,00000000000000000000000000,1633357927.420547
5225903,12,0c00c890e0,1633357928,7c53,895,1633357928.524668,2021-10-04T17:32:08,994,00000000000000000000000000,1633357933.225903
421087,14,0e008b90e0,1633357929,0000,896,1633357929.044086,2021-10-04T17:32:09,995,00000000000000000000000000,1633357929.421087
7008798,12,0c00c890e0,1633357929,3e9a,897,1633357929.702853,2021-10-04T17:32:09,996,00000000000000000000000000,1633357936.008798
7968761,8,0800c890e0,1633357934,d602,898,1633357934.798738,2021-10-04T17:32:14,33769,00000000000000000000000000,1633357941.968761
3550281,13,0d00c890e0,1633357938,8352,899,1633357938.357311,2021-10-04T17:32:18,1007,00000000000000000000000000,1633357941.550281
9745335,11,0b00c890e0,1633357940,681c,900,1633357940.976605,2021-10-04T17:32:20,1008,00000000000000000000000000,1633357949.745335
3269388,12,0c00c890e0,1633357943,93a3,901,1633357943.328855,2021-10-04T17:32:23,1012,00000000000000000000000000,1633357946.269388
9742956,14,0e00c890e0,1633357943,7c34,902,1633357943.977005,2021-10-04T17:32:23,1013,00000000000000000000000000,1633357952.742956
5381860,16,1000c890e0,1633357944,9e53,903,1633357944.540108,2021-10-04T17:32:24,1014,00000000000000000000000000,1633357949.38186
2420899,10,0a00c890e0,1633357947,0ff3,904,1633357947.244199,2021-10-04T17:32:27,1015,00000000000000000000000000,1633357949.420899
6305496,13,0d00cc0730,1633357947,be41,905,1633357947.632545,2021-10-04T17:32:27,1996,00000000000000000000000000,1633357953.305496
4279477,10,0a00c890e0,1633357948,54f6,906,1633357948.43,2021-10-04T17:32:28,1017,00000000000000000000000000,1633357952.279477
1547069,12,0c00c890e0,1633357950,5fe8,907,1633357950.156677,2021-10-04T17:32:30,1020,00000000000000000000000000,1633357951.547069
7904810,11,0b00c890e0,1633357950,748b,908,1633357950.792531,2021-10-04T17:32:30,1021,00000000000000000000000000,1633357957.90481
4255785,11,0b00c890e0,1633357956,f14e,909,1633357956.427566,2021-10-04T17:32:36,259,00000000000000000000000000,1633357960.255785
446677,15,0f00c890e0,1633357961,a196,910,1633357961.046711,2021-10-04T17:32:41,1031,00000000000000000000000000,1633357961.446677
5726153,1,0100c890e0,1633357961,a27b,911,1633357961.574713,2021-10-04T17:32:41,1032,00000000000000000000000000,1633357966.726153
7278039,13,0d00c890e0,1633357962,04bc,912,1633357962.734417,2021-10-04T17:32:42,1034,00000000000000000000000000,1633357969.278039
8128542,13,0d00c890e0,1633357967,aea6,913,1633357967.814954,2021-10-04T17:32:47,1039,00000000000000000000000000,1633357975.128542
3937528,14,0e00c890e0,1633357968,4bcd,914,1633357968.396001,2021-10-04T17:32:48,1040,00000000000000000000000000,1633357971.937528
3028213,14,0e00c890e0,1633357972,5c90,915,1633357972.304714,2021-10-04T17:32:52,1043,00000000000000000000000000,1633357975.028213
8478910,13,0d00c890e0,1633357972,3a9c,916,1633357972.85008,2021-10-04T17:32:52,20804,00000000000000000000000000,1633357980.47891
4622037,1,0100c890e0,1633357973,bac4,917,1633357973.464278,2021-10-04T17:32:53,1047,00000000000000000000000000,1633357977.622037
7834205,14,0e00c890e0,1633357979,24be,918,1633357979.785608,2021-10-04T17:32:59,1052,00000000000000000000000000,1633357986.834205
1108705,14,0e00c890e0,1633357982,3c24,919,1633357982.112931,2021-10-04T17:33:02,1056,00000000000000000000000000,1633357983.108705
4693574,11,0b005d0330,1633357984,fd14,920,1633357984.471393,2021-10-04T17:33:04,861,00000000000000000000000000,1633357988.693574
4094994,14,0e00c890e0,1633357985,9314,921,1633357985.411523,2021-10-04T17:33:05,1058,00000000000000000000000000,1633357989.094994
9467558,12,0c00c890e0,1633357985,27d5,922,1633357985.948826,2021-10-04T17:33:05,1059,00000000000000000000000000,1633357994.467558
3137328,12,0c00c890e0,1633357988,afb9,923,1633357988.315974,2021-10-04T17:33:08,1063,00000000000000000000000000,1633357991.137328
620715,13,0d00c890e0,1633357991,69a2,924,1633357991.064208,2021-10-04T17:33:11,1064,00000000000000000000000000,1633357991.620715
2708170,12,0c00c890e0,1633357992,640f,925,1633357992.273274,2021-10-04T17:33:12,1066,00000000000000000000000000,1633357994.70817
7529032,13,0d00c890e0,1633357992,7cef,926,1633357992.755089,2021-10-04T17:33:12,1067,00000000000000000000000000,1633357999.529032
3850953,11,0b00c890e0,1633357993,0071,927,1633357993.387228,2021-10-04T17:33:13,1068,00000000000000000000000000,1633357996.850953
9329576,14,0e00c890e0,1633357993,9242,928,1633357993.93645,2021-10-04T17:33:13,1069,00000000000000000000000000,1633358002.329576
5624368,13,0d00c890e0,1633357994,0134,929,1633357994.564377,2021-10-04T17:33:14,1070,00000000000000000000000000,1633357999.624368
3030116,13,0d00c890e0,1633357997,1b31,930,1633357997.305151,2021-10-04T17:33:17,1071,00000000000000000000000000,1633358000.030116
9417443,13,0d00c890e0,1633357997,b075,931,1633357997.943906,2021-10-04T17:33:17,3120,00000000000000000000000000,1633358006.417443
4912621,14,0e00c890e0,1633357998,4863,932,1633357998.49334,2021-10-04T17:33:18,1073,00000000000000000000000000,1633358002.912621
415482,12,0c00c890e0,1633357999,fedf,933,1633357999.043699,2021-10-04T17:33:19,1074,00000000000000000000000000,1633357999.415482
5125231,12,0c00c890e0,1633358003,5b66,934,1633358003.514379,2021-10-04T17:33:23,1078,00000000000000000000000000,1633358008.125231
1641912,1,0100c890e0,1633358004,d50a,935,1633358004.16679,2021-10-04T17:33:24,1079,00000000000000000000000000,1633358005.641912
5085256,4,0400c89060,1633358006,d2b8,936,1633358006.510649,2021-10-04T17:33:26,1083,00000000000000000000000000,1633358011.085256
7906074,13,0d00c890e0,1633358009,6629,937,1633358009.79265,2021-10-04T17:33:29,1085,00000000000000000000000000,1633358016.906074
4172823,13,0d00c890e0,1633358010,cc9a,938,1633358010.419543,2021-10-04T17:33:30,1086,00000000000000000000000000,1633358014.172823
1678714,13,0d00c890e0,1633358012,0174,939,1633358012.169742,2021-10-04T17:33:32,1089,00000000000000000000000000,1633358013.678714
7764401,10,0a00c890e0,1633358012,f9be,940,1633358012.780497,2021-10-04T17:33:32,1090,00000000000000000000000000,1633358019.764401
8304283,12,0c008870e0,1633358015,ba73,941,1633358015.832494,2021-10-04T17:33:35,14148,00000000000000000000000000,1633358023.304283
1367776,13,0d00c890e0,1633358017,fc4d,942,1633358017.138915,2021-10-04T17:33:37,1094,00000000000000000000000000,1633358018.367776
7588226,15,0f00c890e0,1633358017,1e52,943,1633358017.761229,2021-10-04T17:33:37,1095,00000000000000000000000000,1633358024.588226
3088226,11,0b00c890e0,1633358018,34ac,944,1633358018.310853,2021-10-04T17:33:38,1096,00000000000000000000000000,1633358021.088226
9393594,10,0a00c890e0,1633358018,bfde,945,1633358018.941598,2021-10-04T17:33:38,1097,00000000000000000000000000,1633358027.393594
4809620,13,0d00c890e0,1633358019,1759,946,1633358019.484361,2021-10-04T17:33:39,1098,00000000000000000000000000,1633358023.80962
3824553,11,0b00c890e0,1633358041,c9a5,947,1633358041.385782,2021-10-04T17:34:01,1121,00000000000000000000000000,1633358044.824553
58934,10,0a00c890e0,1633358042,3564,948,1633358042.008029,2021-10-04T17:34:02,1122,00000000000000000000000000,1633358042.058934
7656381,11,0b00c890e0,1633358043,f70a,949,1633358043.767615,2021-10-04T17:34:03,1125,00000000000000000000000000,1633358050.656381
3662579,11,0b00c890e0,1633358044,c3dc,950,1633358044.368541,2021-10-04T17:34:04,1126,00000000000000000000000000,1633358047.662579
1050205,13,0d00c890e0,1633358047,39d2,951,1633358047.107057,2021-10-04T17:34:07,1127,00000000000000000000000000,1633358048.050205
6744256,13,0d00c890e0,1633358047,8093,952,1633358047.676776,2021-10-04T17:34:07,1128,00000000000000000000000000,1633358053.744256
2863039,13,0d00c890e0,1633358048,b4b7,953,1633358048.288217,2021-10-04T17:34:08,1129,00000000000000000000000000,1633358050.863039
8504035,11,0b00c890e0,1633358048,fd09,954,1633358048.852895,2021-10-04T17:34:08,1130,00000000000000000000000000,1633358056.504035
2023808,1,0100c40780,1633358053,d512,955,1633358053.204488,2021-10-04T17:34:13,1988,00000000000000000000000000,1633358055.023808
6014509,13,0d00c890e0,1633358054,a248,956,1633358054.603523,2021-10-04T17:34:14,1136,00000000000000000000000000,1633358060.014509
1620757,13,0d00c890e0,1633358055,235f,957,1633358055.163988,2021-10-04T17:34:15,1137,00000000000000000000000000,1633358056.620757
3133990,4,0400440750,1633358059,0000,958,1633358059.315476,2021-10-04T17:34:19,1860,00000000000000000000000000,1633358062.13399
2221875,11,0b00c890e0,1633358060,fc77,959,1633358060.224462,2021-10-04T17:34:20,1142,00000000000000000000000000,1633358062.221875
2580265,13,0d00c890e0,1633358063,0e80,960,1633358063.26014,2021-10-04T17:34:23,1147,00000000000000000000000000,1633358065.580265
9964759,16,1000c890e0,1633358065,f04a,961,1633358065.998512,2021-10-04T17:34:25,1148,00000000000000000000000000,1633358074.964759
2870984,14,0e00c40790,1633358066,51c3,962,1633358066.289525,2021-10-04T17:34:26,1988,00000000000000000000000000,1633358068.870984
613265,11,0b00c880e0,1633358067,8500,963,1633358067.063354,2021-10-04T17:34:27,1150,00000000000000000000000000,1633358067.613265
8920552,13,0d00cb90e0,1633358068,416b,964,1633358068.894077,2021-10-04T17:34:28,1153,00000000000000000000000000,1633358076.920552
4545466,12,0c00c890e0,1633358069,3174,965,1633358069.457036,2021-10-04T17:34:29,1154,00000000000000000000000000,1633358073.545466
1698901,14,0e00c890e0,1633358072,9d25,966,1633358072.17193,2021-10-04T17:34:32,1155,00000000000000000000000000,1633358073.698901
8142180,13,0d00c890e0,1633358072,8f9f,967,1633358072.817861,2021-10-04T17:34:32,1156,00000000000000000000000000,1633358080.14218
3530218,11,0b00c890e0,1633358073,9241,968,1633358073.354932,2021-10-04T17:34:33,1157,00000000000000000000000000,1633358076.530218
5580489,11,0b00c40fb0,1633358075,cd00,969,1633358075.55987,2021-10-04T17:34:35,4036,00000000000000000000000000,1633358080.580489
894312,10,0a00c890e0,1633358079,e47f,970,1633358079.091514,2021-10-04T17:34:39,1163,00000000000000000000000000,1633358079.894312
6308567,10,0a00c890e0,1633358079,0edd,971,1633358079.632735,2021-10-04T17:34:39,1164,00000000000000000000000000,1633358085.308567
2706630,5,0500c890e0,1633358085,6022,972,1633358085.272747,2021-10-04T17:34:45,1026,00000000000000000000000000,1633358087.70663
6174597,12,0c00c890e0,1633358087,974c,973,1633358087.619374,2021-10-04T17:34:47,1174,00000000000000000000000000,1633358093.174597
2333405,11,0b00c890e0,1633358088,f366,974,1633358088.235512,2021-10-04T17:34:48,1175,00000000000000000000000000,1633358090.333405
9213869,6,0600c890e0,1633358090,a684,975,1633358090.92331,2021-10-04T17:34:50,1208,00000000000000000000000000,1633358099.213869
5437495,11,0b00c890e0,1633358091,8dc6,976,1633358091.545855,2021-10-04T17:34:51,1177,00000000000000000000000000,1633358096.437495
7318418,14,0e00c890e0,1633358097,d908,977,1633358097.733686,2021-10-04T17:34:57,1184,00000000000000000000000000,1633358104.318418
7126703,13,0d00c890e0,1633358100,c2b2,978,1633358100.714725,2021-10-04T17:35:00,1189,00000000000000000000000000,1633358107.126703
3778283,8,0800c890e0,1633358103,a48e,979,1633358103.379703,2021-10-04T17:35:03,1190,00000000000000000000000000,1633358106.778283
9985647,14,0e00c890e0,1633358103,0351,980,1633358104.000776,2021-10-04T17:35:04,1191,00000000000000000000000000,1633358112.985647
5818576,13,0d00c890e0,1633358104,4ade,981,1633358104.584949,2021-10-04T17:35:04,1192,00000000000000000000000000,1633358109.818576
1904537,15,0f00c890e0,1633358105,2cce,982,1633358105.192552,2021-10-04T17:35:05,1193,00000000000000000000000000,1633358106.904537
9048345,12,0c00c890e0,1633358106,6ed3,983,1633358106.906951,2021-10-04T17:35:06,1196,00000000000000000000000000,1633358115.048345
3019766,12,0c00c890e0,1633358110,45a6,984,1633358110.304075,2021-10-04T17:35:10,1198,00000000000000000000000000,1633358113.019766
3892853,13,0d00c890e0,1633358111,2050,985,1633358111.391324,2021-10-04T17:35:11,1072,00000000000000000000000000,1633358114.892853
9002900,13,0d00c890e0,1633358115,115a,986,1633358115.902425,2021-10-04T17:35:15,1204,00000000000000000000000000,1633358124.0029
1840090,48,3000c890e0,1633358121,ca6d,987,1633358121.186002,2021-10-04T17:35:21,3837,00000000000000000000000000,1633358122.84009
428903,11,0b00c890e0,1633358124,70ba,988,1633358124.044886,2021-10-04T17:35:24,1211,00000000000000000000000000,1633358124.428903
5934908,13,0d00c890e0,1633358124,e2dd,989,1633358124.595643,2021-10-04T17:35:24,1212,00000000000000000000000000,1633358129.934908
9825115,13,0d00c890e0,1633358126,fdc7,990,1633358126.984627,2021-10-04T17:35:26,1216,00000000000000000000000000,1633358135.825115
7024734,1,0100c890a0,1633358132,246b,991,1633358132.704521,2021-10-04T17:35:32,1222,00000000000000000000000000,1633358139.024734
6431560,1,0100c890e0,1633358136,4157,992,1633358136.645442,2021-10-04T17:35:36,1225,00000000000000000000000000,1633358142.43156
1909286,14,0e00c890e0,1633358137,f05b,993,1633358137.193207,2021-10-04T17:35:37,1226,00000000000000000000000000,1633358138.909286
8176727,13,0d00c890e0,1633358137,88e7,994,1633358137.819674,2021-10-04T17:35:37,1227,00000000000000000000000000,1633358145.176727
3687410,10,0a00c890e0,1633358138,e260,995,1633358138.370954,2021-10-04T17:35:38,1228,00000000000000000000000000,1633358141.68741
5501921,15,0f00c890e0,1633358139,1f09,996,1633358139.552109,2021-10-04T17:35:39,1230,00000000000000000000000000,1633358144.501921
1701681,14,0e00c890e0,1633358140,378a,997,1633358140.17248,2021-10-04T17:35:40,1231,00000000000000000000000000,1633358141.701681
9442372,12,0c00c890e0,1633358150,71df,998,1633358150.946383,2021-10-04T17:35:50,1242,00000000000000000000000000,1633358159.442372
5812859,14,0e00c890e0,1633358151,1d1e,999,1633358151.583692,2021-10-04T17:35:51,1243,00000000000000000000000000,1633358156.812859
1259927,13,0d00c890e0,1633358152,bda4,1000,1633358152.127943,2021-10-04T17:35:52,1244,00000000000000000000000000,1633358153.259927
2499961,14,0e00440780,1633358155,0426,1001,1633358155.252098,2021-10-04T17:35:55,1860,00000000000000000000000000,1633358157.499961
803287,13,0d00c890e0,1633358156,f838,1002,1633358156.082226,2021-10-04T17:35:56,1247,00000000000000000000000000,1633358156.803287
4187743,14,0e00c890e0,1633358158,ec3e,1003,1633358158.420825,2021-10-04T17:35:58,1251,00000000000000000000000000,1633358162.187743
534403,14,0e00c890e0,1633358159,0fac,1004,1633358159.056399,2021-10-04T17:35:59,1252,00000000000000000000000000,1633358159.534403
9275896,1,0100c90780,1633358163,2a0f,1005,1633358163.929617,2021-10-04T17:36:03,1993,00000000000000000000000000,1633358172.275896
6167459,11,0b00c890e0,1633358168,57ee,1006,1633358168.619225,2021-10-04T17:36:08,1261,00000000000000000000000000,1633358174.167459
3525986,9,0900c890e0,1633358170,f08d,1007,1633358170.35464,2021-10-04T17:36:10,1264,00000000000000000000000000,1633358173.525986
9863555,13,0d00c890e0,1633358170,e33f,1008,1633358170.988445,2021-10-04T17:36:10,1265,00000000000000000000000000,1633358179.863555
7409212,12,0c00c890e0,1633358176,27d0,1009,1633358176.742836,2021-10-04T17:36:16,1271,00000000000000000000000000,1633358183.409212
7587749,49,3100c890e0,1633358179,eb26,1010,1633358179.761312,2021-10-04T17:36:19,3837,00000000000000000000000000,1633358186.587749
8102266,12,0c00c890e0,1633358191,51f5,1011,1633358191.812896,2021-10-04T17:36:31,1286,00000000000000000000000000,1633358199.102266
3713312,13,0d00c890e0,1633358192,fa5b,1012,1633358192.37341,2021-10-04T17:36:32,1287,00000000000000000000000000,1633358195.713312
3867528,0,0000ca90e0,1633358196,5249,1013,1633358196.388876,2021-10-04T17:36:36,1290,00000000000000000000000000,1633358199.867528
6319692,11,0b00c890e0,1633358198,87ca,1014,1633358198.633925,2021-10-04T17:36:38,1294,00000000000000000000000000,1633358204.319692
4755795,5,05004c0fe0,1633358216,b92b,1015,1633358216.477511,2021-10-04T17:36:56,3916,00000000000000000000000000,1633358220.755795
5098469,7,0700c890e0,1633358222,346a,1016,1633358222.511928,2021-10-04T17:37:02,1320,00000000000000000000000000,1633358227.098469
5360178,47,2f00c890e0,1633358225,03c1,1017,1633358225.538151,2021-10-04T17:37:05,3837,00000000000000000000000000,1633358230.360178
1669673,1,01004c0790,1633358229,0000,1018,1633358229.168943,2021-10-04T17:37:09,1868,00000000000000000000000000,1633358230.669673
5631279,2,0200c890e0,1633358234,3ae0,1019,1633358234.565634,2021-10-04T17:37:14,1330,00000000000000000000000000,1633358239.631279
7657618,1,01004c0750,1633358265,0000,1020,1633358265.767744,2021-10-04T17:37:45,1868,00000000000000000000000000,1633358272.657618
5574333,14,0e00c890e0,1633358266,5684,1021,1633358266.559385,2021-10-04T17:37:46,1366,00000000000000000000000000,1633358271.574333
9496893,12,0c00c890e0,1633358268,292c,1022,1633358268.951597,2021-10-04T17:37:48,1370,00000000000000000000000000,1633358277.496893
3013589,48,3000c890e0,1633358271,8ece,1023,1633358271.303428,2021-10-04T17:37:51,3837,00000000000000000000000000,1633358274.013589
759291,2,0200c890e0,1633358281,ed38,1024,1633358281.0778,2021-10-04T17:38:01,1380,00000000000000000000000000,1633358281.759291
7412960,1,0100c890e0,1633358289,e0b3,1025,1633358289.744319,2021-10-04T17:38:09,879,00000000000000000000000000,1633358296.41296
2835731,6,0600cb80e0,1633358290,36bb,1026,1633358290.285692,2021-10-04T17:38:10,1392,00000000000000000000000000,1633358292.835731
467422,11,0b00c890e0,1633358293,af63,1027,1633358293.048715,2021-10-04T17:38:13,1393,00000000000000000000000000,1633358293.467422
3159339,11,0b00c890e0,1633358294,5991,1028,1633358294.317779,2021-10-04T17:38:14,1395,00000000000000000000000000,1633358297.159339
4404351,2,0200c890e0,1633358334,34a3,1029,1633358334.442384,2021-10-04T17:38:54,1441,00000000000000000000000000,1633358338.404351
1628096,11,0b00c890e0,1633358344,1313,1030,1633358344.164757,2021-10-04T17:39:04,1450,00000000000000000000000000,1633358345.628096
2941324,14,0e00c890e0,1633358345,c220,1031,1633358345.296258,2021-10-04T17:39:05,1452,00000000000000000000000000,1633358347.941324
9690132,13,0d00c890e0,1633358345,f4bf,1032,1633358345.971452,2021-10-04T17:39:05,1453,00000000000000000000000000,1633358354.690132
9191954,4,04004407d0,1633358351,0000,1033,1633358351.922812,2021-10-04T17:39:11,1860,00000000000000000000000000,1633358360.191954
7732214,9,0900c890e0,1633358352,45b9,1034,1633358352.775172,2021-10-04T17:39:12,1461,00000000000000000000000000,1633358359.732214
7434244,4,0400c890e0,1633358368,b283,1035,1633358368.74587,2021-10-04T17:39:28,1477,00000000000000000000000000,1633358375.434244
9635925,2,0200c890e0,1633358370,259d,1036,1633358370.965586,2021-10-04T17:39:30,1481,00000000000000000000000000,1633358379.635925
7776250,15,0f00c890e0,1633358393,0206,1037,1633358393.779495,2021-10-04T17:39:53,1505,00000000000000000000000000,1633358400.77625
3312482,14,0e00c89070,1633358394,f231,1038,1633358394.333347,2021-10-04T17:39:54,1506,00000000000000000000000000,1633358397.312482
9806449,9,0900c890e0,1633358394,b6b6,1039,1633358394.982655,2021-10-04T17:39:54,1507,00000000000000000000000000,1633358403.806449
7294147,10,0a00c890e0,1633358396,cbdc,1040,1633358396.735438,2021-10-04T17:39:56,1510,00000000000000000000000000,1633358403.294147
3568689,12,0c00c890e0,1633358402,671d,1041,1633358402.359023,2021-10-04T17:40:02,1516,00000000000000000000000000,1633358405.568689
578029,10,0a00c890e0,1633358403,c507,1042,1633358403.059901,2021-10-04T17:40:03,1517,00000000000000000000000000,1633358403.578029
6657631,13,0d00c890e0,1633358403,36ed,1043,1633358403.667917,2021-10-04T17:40:03,1518,00000000000000000000000000,1633358409.657631
2678143,2,0200c890e0,1633358409,4a2e,1044,1633358409.269901,2021-10-04T17:40:09,1524,00000000000000000000000000,1633358411.678143
2149877,6,0600c890e0,1633358413,bc1a,1045,1633358413.217108,2021-10-04T17:40:13,1527,00000000000000000000000000,1633358415.149877
8505630,10,0a00c89000,1633358418,0b1a,1046,1633358418.852701,2021-10-04T17:40:18,1523,00000000000000000000000000,1633358426.50563
5784931,0,0000c890e0,1633358420,2bbf,1047,1633358420.580451,2021-10-04T17:40:20,1536,00000000000000000000000000,1633358425.784931
2956237,13,0d00c890e0,1633358445,55cc,1048,1633358445.297512,2021-10-04T17:40:45,1563,00000000000000000000000000,1633358447.956237
203058,0,0000c890e0,1633358447,caf1,1049,1633358447.022342,2021-10-04T17:40:47,3870,00000000000000000000000000,1633358447.203058
5972006,11,0b00c890e0,1633358451,7be6,1050,1633358451.599056,2021-10-04T17:40:51,1570,00000000000000000000000000,1633358456.972006
3489065,12,0c00c890e0,1633358453,3f9d,1051,1633358453.350905,2021-10-04T17:40:53,1573,00000000000000000000000000,1633358456.489065
9526348,10,0a00c890e0,1633358453,3015,1052,1633358453.954626,2021-10-04T17:40:53,1574,00000000000000000000000000,1633358462.526348
2476367,12,0c00c890e0,1633358457,8acb,1053,1633358457.249738,2021-10-04T17:40:57,1576,00000000000000000000000000,1633358459.476367
9383192,5,0500fb90e0,1633358457,c372,1054,1633358457.940645,2021-10-04T17:40:57,22057,00000000000000000000000000,1633358466.383192
625226,12,0c00c890e0,1633358459,66b3,1055,1633358459.064583,2021-10-04T17:40:59,1579,00000000000000000000000000,1633358459.625226
6064684,13,0d00c890e0,1633358459,1a4c,1056,1633358459.608377,2021-10-04T17:40:59,1324,00000000000000000000000000,1633358465.064684
2339205,0,0000c890e0,1633358460,3b27,1057,1633358460.236174,2021-10-04T17:41:00,1581,00000000000000000000000000,1633358462.339205
5615622,11,0b00c890e0,1633358466,24ca,1058,1633358466.563395,2021-10-04T17:41:06,1588,00000000000000000000000000,1633358471.615622
3116545,13,0d00c890e0,1633358469,6e85,1059,1633358469.313505,2021-10-04T17:41:09,1589,00000000000000000000000000,1633358472.116545
8354444,10,0a00c890e0,1633358469,5be7,1060,1633358469.837436,2021-10-04T17:41:09,1590,00000000000000000000000000,1633358477.354444
5871684,12,0c00c890e0,1633358482,c6f3,1061,1633358482.589229,2021-10-04T17:41:22,1604,00000000000000000000000000,1633358487.871684
2039513,15,0f00c890e0,1633358491,abd2,1062,1633358491.206442,2021-10-04T17:41:31,1615,00000000000000000000000000,1633358493.039513
6263659,9,0900c890e0,1633358494,a53a,1063,1633358494.628592,2021-10-04T17:41:34,1617,00000000000000000000000000,1633358500.263659
8033890,3,0300489460,1633358501,0000,1064,1633358501.805517,2021-10-04T17:41:41,1626,00000000000000000000000000,1633358509.03389
7083735,13,0d00c890e0,1633358502,7442,1065,1633358502.71029,2021-10-04T17:41:42,1627,00000000000000000000000000,1633358509.083735
2719032,13,0d00c890e0,1633358503,d9e5,1066,1633358503.273955,2021-10-04T17:41:43,1628,00000000000000000000000000,1633358505.719032
8828456,11,0b00c890e0,1633358503,1472,1067,1633358503.884952,2021-10-04T17:41:43,1629,00000000000000000000000000,1633358511.828456
5752532,12,0c00c895e0,1633358513,91a6,1068,1633358513.577368,2021-10-04T17:41:53,1638,00000000000000000000000000,1633358518.752532
1196925,11,0b00c890e0,1633358514,a7c4,1069,1633358514.121644,2021-10-04T17:41:54,1639,00000000000000000000000000,1633358515.196925
7558596,10,0a00c890e0,1633358514,2b69,1070,1633358514.757769,2021-10-04T17:41:54,1640,00000000000000000000000000,1633358521.558596
698449,13,0d00c890e0,1633358540,a936,1071,1633358540.071729,2021-10-04T17:42:20,1668,00000000000000000000000000,1633358540.698449
7177917,12,0c00c890e0,1633358540,d4cc,1072,1633358540.720057,2021-10-04T17:42:20,1669,00000000000000000000000000,1633358547.177917
2650022,13,0d00c890e0,1633358541,6ba4,1073,1633358541.267188,2021-10-04T17:42:21,1670,00000000000000000000000000,1633358543.650022
4912586,2,0200c890e0,1633358561,ad63,1074,1633358561.493093,2021-10-04T17:42:41,1693,00000000000000000000000000,1633358565.912586
1078927,12,0c00c890e0,1633358566,3a76,1075,1633358566.109847,2021-10-04T17:42:46,1697,00000000000000000000000000,1633358567.078927
6708984,11,0b00c890e0,1633358566,64ef,1076,1633358566.673177,2021-10-04T17:42:46,1698,00000000000000000000000000,1633358572.708984
2140765,2,0200c890e0,1633358567,10bb,1077,1633358567.216223,2021-10-04T17:42:47,1699,00000000000000000000000000,1633358569.140765
4103801,5,0500c40f90,1633358577,c3c0,1078,1633358577.412396,2021-10-04T17:42:57,4036,00000000000000000000000000,1633358581.103801
8930816,15,0f00c890e0,1633358712,6495,1079,1633358712.895292,2021-10-04T17:45:12,1860,00000000000000000000000000,1633358720.930816
9038527,2,0200c890e0,1633358719,cc32,1080,1633358719.905883,2021-10-04T17:45:19,1868,00000000000000000000000000,1633358728.038527
4162399,15,0f00c890e0,1633358743,d05c,1081,1633358743.418111,2021-10-04T17:45:43,1893,00000000000000000000000000,1633358747.162399
4718558,1,0100cd0740,1633358760,4b0b,1082,1633358760.473737,2021-10-04T17:46:00,1997,00000000000000000000000000,1633358764.718558
3782737,26,1a00c890e0,1633358772,c569,1083,1633358772.380156,2021-10-04T17:46:12,3069,00000000000000000000000000,1633358775.782737
7883565,18,1200c890e0,1633358808,1a9a,1084,1633358808.790508,2021-10-04T17:46:48,1963,00000000000000000000000000,1633358815.883565
986833,18,12005890e0,1633358809,f3f0,1085,1633358809.101164,2021-10-04T17:46:49,677,00000000000000000000000000,1633358809.986833
5128903,5,0500c890c0,1633358810,e338,1086,1633358810.515803,2021-10-04T17:46:50,59310,00000000000000000000000000,1633358815.128903
6910779,2,0200f840a0,1633358871,efe0,1087,1633358871.693121,2021-10-04T17:47:51,2033,00000000000000000000000000,1633358877.910779
4587266,4,0400c893e0,1633358936,6e01,1088,1633358936.460748,2021-10-04T17:48:56,1080,00000000000000000000000000,1633358940.587266
1193163,1,0100c890e0,1633358963,4bc7,1089,1633358963.121267,2021-10-04T17:49:23,214,00000000000000000000000000,1633358964.193163
3230645,7,0700c890e0,1633358971,941a,1090,1633358971.325007,2021-10-04T17:49:31,3069,00000000000000000000000000,1633358974.230645
6491110,2,0200c890e0,1633358988,d704,1091,1633358988.651168,2021-10-04T17:49:48,33007,00000000000000000000000000,1633358994.49111
456266,0,0000cc07f0,1633358989,7d43,1092,1633358989.047607,2021-10-04T17:49:49,1996,00000000000000000000000000,1633358989.456266
4557061,1,0100c890e0,1633358990,e2b7,1093,1633358990.459036,2021-10-04T17:49:50,43602,00000000000000000000000000,1633358994.557061
5670528,2,0200c890e0,1633359068,c50f,1094,1633359068.569021,2021-10-04T17:51:08,3069,00000000000000000000000000,1633359073.670528
3861155,0,0000849a90,1633359072,7330,1095,1633359072.388166,2021-10-04T17:51:12,33045,00000000000000000000000000,1633359075.861155
7604477,25,1900c890e0,1633359106,dcb6,1096,1633359106.762304,2021-10-04T17:51:46,3069,00000000000000000000000000,1633359113.604477
2783112,14,0e00c890e0,1633359140,4d2e,1097,1633359140.280296,2021-10-04T17:52:20,3069,00000000000000000000000000,1633359142.783112
7301383,1,0100c890e0,1633359158,41b4,1098,1633359158.732136,2021-10-04T17:52:38,14615,00000000000000000000000000,1633359165.301383
8597881,3,03009c90e0,1633359215,12e3,1099,1633359215.861704,2021-10-04T17:53:35,2402,00000000000000000000000000,1633359223.597881
3478708,9,0900c490a0,1633359276,3a48,1100,1633359276.349868,2021-10-04T17:54:36,1845,00000000000000000000000000,1633359279.478708
7856144,1,0100c40720,1633359291,5a89,1101,1633359291.787545,2021-10-04T17:54:51,1988,00000000000000000000000000,1633359298.856144
2928678,16,10004c87c0,1633359303,be55,1102,1633359303.294893,2021-10-04T17:55:03,20817,00000000000000000000000000,1633359305.928678
5042827,3,0300c890e0,1633359348,5251,1103,1633359348.506685,2021-10-04T17:55:48,2552,00000000000000000000000000,1633359353.042827
4268023,6,0600c190e0,1633359405,5297,1104,1633359405.428678,2021-10-04T17:56:45,2619,00000000000000000000000000,1633359409.268023
4155645,5,0500c890e0,1633359416,76f1,1105,1633359416.417418,2021-10-04T17:56:56,2626,00000000000000000000000000,1633359420.155645
1143438,0,0000c190e0,1633359429,00b4,1106,1633359429.116553,2021-10-04T17:57:09,2640,00000000000000000000000000,1633359430.143438
5299553,1,0100c890e0,1633359435,7ada,1107,1633359435.53193,2021-10-04T17:57:15,2743,00000000000000000000000000,1633359440.299553
3397855,5,0500889ee0,1633359442,12ad,1108,1633359442.341937,2021-10-04T17:57:22,2643,00000000000000000000000000,1633359445.397855
3633584,3,0300c890e0,1633359539,6030,1109,1633359539.365214,2021-10-04T17:58:59,2699,00000000000000000000000000,1633359542.633584
1654050,14,0e00c890e0,1633359582,009b,1110,1633359582.167496,2021-10-04T17:59:42,19193,00000000000000000000000000,1633359583.65405
4771871,1,01004c5f80,1633359658,5811,1111,1633359658.479373,2021-10-04T18:00:58,4497,00000000000000000000000000,1633359662.771871
3830776,5,05009c52d0,1633359672,f6f6,1112,1633359672.385591,2021-10-04T18:01:12,45456,00000000000000000000000000,1633359675.830776
1330101,2,0200cb8ae0,1633359677,f6fd,1113,1633359677.135014,2021-10-04T18:01:17,2,00000000000000000000000000,1633359678.330101
5205276,1,0100cb96d0,1633359702,7a3a,1114,1633359702.52265,2021-10-04T18:01:42,1022,00000000000000000000000000,1633359707.205276
9881381,2,0200c890e0,1633359709,5d7f,1115,1633359709.990123,2021-10-04T18:01:49,51863,00000000000000000000000000,1633359718.881381
5625417,2,02001c8030,1633359732,eab0,1116,1633359732.5644,2021-10-04T18:02:12,60315,00000000000000000000000000,1633359737.625417
7633471,3,0300cc47c0,1633359758,12ed,1117,1633359758.765292,2021-10-04T18:02:38,8397,00000000000000000000000000,1633359765.633471
7658071,6,06005a95e0,1633359766,07ca,1118,1633359766.767846,2021-10-04T18:02:46,3023,00000000000000000000000000,1633359773.658071
5446257,2,0200cb73d0,1633359854,1d60,1119,1633359854.546607,2021-10-04T18:04:14,15462,00000000000000000000000000,1633359859.446257
7448704,14,0e00c890e0,1633359924,df91,1120,1633359924.747143,2021-10-04T18:05:24,3188,00000000000000000000000000,1633359931.448704
6332805,6,0600c49700,1633359949,1435,1121,1633359949.636861,2021-10-04T18:05:49,4719,00000000000000000000000000,1633359955.332805
6808588,2,0200d890e0,1633359954,2d1c,1122,1633359954.682945,2021-10-04T18:05:54,28317,00000000000000000000000000,1633359960.808588
