time_s,time_us,time_steady,rx_packet_start_cnt,rx_packet_done_cnt,rx_cmds_start_cnt,rx_cmds_done_cnt,rx_drops_start_cnt,rx_drops_done_cnt,tx_psize_start_cnt,tx_psize_done_cnt,tx_packet_start_cnt,tx_packet_done_cnt,tx_zeroes_start_cnt,tx_zeroes_done_cnt,tx_empty_buffer_cnt,tx_overruns_cnt,cmds_get_size_cnt,cmds_get_packet_cnt,cmds_set_packet_cnt,cmds_invalid_cnt,restarts_cnt,berr_cnt,arlo_cnt,ovf_cnt,af_cnt,btf_cnt,tx_wrong_size_cnt,rx_wrong_size_cnt,seq,srcSystem,srcComponent,time_gregorian,log_timestamp,log_timestamp_gregorian
315965010,397000,211405,187,187,5805,5805,0,0,2011,2011,2011,2011,0,0,1596,2345,3607,2011,187,0,0,0,0,0,1596,0,0,0,51,12,0,1980-01-06T03:03:30,1633357253.335481,2021-10-04T17:20:53
315965025,439000,226429,200,200,6235,6235,0,0,2162,2162,2162,2162,0,0,1711,2414,3873,2162,200,0,0,0,0,0,1711,0,0,0,0,12,0,1980-01-06T03:03:45,1633357268.37514,2021-10-04T17:21:08
315965039,520000,240450,213,213,6636,6636,0,0,2302,2302,2302,2302,0,0,1819,2452,4121,2302,213,0,0,0,0,0,1819,0,0,0,164,12,0,1980-01-06T03:03:59,1633357281.966209,2021-10-04T17:21:21
315965052,637000,253473,225,224,7007,7007,0,0,2431,2431,2431,2431,0,0,1920,2465,4351,2431,225,0,0,0,0,0,1920,0,0,0,37,12,0,1980-01-06T03:04:12,1633357295.0458798,2021-10-04T17:21:35
315965065,451000,266502,236,236,7380,7380,0,0,2562,2562,2562,2562,0,0,2020,2466,4582,2562,236,0,0,0,0,0,2020,0,0,0,156,12,0,1980-01-06T03:04:25,1633357308.0351489,2021-10-04T17:21:48
315965079,529000,280529,249,249,7782,7782,0,0,2702,2702,2702,2702,0,0,2129,2466,4831,2702,249,0,0,0,0,0,2129,0,0,0,26,12,0,1980-01-06T03:04:39,1633357321.615401,2021-10-04T17:22:01
315965093,609000,294556,262,262,8184,8184,0,0,2842,2842,2842,2842,0,0,2238,2466,5080,2842,262,0,0,0,0,0,2238,0,0,0,152,12,0,1980-01-06T03:04:53,1633357336.6255288,2021-10-04T17:22:16
315965106,722000,307580,273,273,8554,8554,0,0,2971,2971,2971,2971,0,0,2339,2466,5310,2971,273,0,0,0,0,0,2339,0,0,0,14,12,0,1980-01-06T03:05:06,1633357350.2056758,2021-10-04T17:22:30
315965120,841000,321603,286,286,8955,8955,0,0,3111,3111,3111,3111,0,0,2447,2466,5558,3111,286,0,0,0,0,0,2447,0,0,0,140,12,0,1980-01-06T03:05:20,1633357363.746093,2021-10-04T17:22:43
315965134,617000,335632,299,299,9357,9357,0,0,3251,3251,3251,3251,0,0,2556,2466,5807,3251,299,0,0,0,0,0,2556,0,0,0,10,12,0,1980-01-06T03:05:34,1633357376.756036,2021-10-04T17:22:56
315965148,697000,349660,311,311,9757,9757,0,0,3391,3391,3391,3391,0,0,2664,2469,6055,3391,311,0,0,0,0,0,2664,0,0,0,139,12,0,1980-01-06T03:05:48,1633357392.386473,2021-10-04T17:23:12
315965162,769000,363682,324,324,10159,10159,0,0,3531,3531,3531,3531,0,0,2773,2477,6304,3531,324,0,0,0,0,0,2773,0,0,0,17,12,0,1980-01-06T03:06:02,1633357405.445992,2021-10-04T17:23:25
315965175,891000,376715,336,336,10534,10534,0,0,3662,3662,3662,3662,0,0,2874,2531,6536,3662,336,0,0,0,0,0,2874,0,0,0,187,12,0,1980-01-06T03:06:15,1633357418.516425,2021-10-04T17:23:38
315965188,707000,389744,347,347,10904,10904,0,0,3791,3791,3791,3791,0,0,2975,2612,6766,3791,347,0,0,0,0,0,2975,0,0,0,128,12,0,1980-01-06T03:06:28,1633357432.086632,2021-10-04T17:23:52
315965202,794000,403780,360,360,11305,11305,0,0,3931,3931,3931,3931,0,0,3083,2678,7014,3931,360,0,0,0,0,0,3083,0,0,0,64,12,0,1980-01-06T03:06:42,1633357445.09658,2021-10-04T17:24:05
315965230,990000,431844,385,385,12108,12108,0,0,4211,4211,4211,4211,0,0,3301,2690,7512,4211,385,0,0,0,0,0,3301,0,0,0,72,12,0,1980-01-06T03:07:10,1633357474.378152,2021-10-04T17:24:34
315965245,68000,445877,398,398,12509,12509,0,0,4351,4351,4351,4351,0,0,3409,2690,7760,4351,398,0,0,0,0,0,3409,0,0,0,198,12,0,1980-01-06T03:07:25,1633357487.4366999,2021-10-04T17:24:47
315965259,141000,459910,411,411,12910,12910,0,0,4491,4491,4491,4491,0,0,3517,2690,8008,4491,411,0,0,0,0,0,3517,0,0,0,68,12,0,1980-01-06T03:07:39,1633357501.088048,2021-10-04T17:25:01
315965271,956000,472941,423,423,13285,13285,0,0,4622,4622,4622,4622,0,0,3618,2690,8240,4622,423,0,0,0,0,0,3618,0,0,0,186,12,0,1980-01-06T03:07:51,1633357514.117297,2021-10-04T17:25:14
315965286,27000,486970,435,435,13686,13686,0,0,4762,4762,4762,4762,0,0,3727,2692,8489,4762,435,0,0,0,0,0,3727,0,0,0,58,12,0,1980-01-06T03:08:06,1633357529.1068928,2021-10-04T17:25:29
315965299,197000,500065,447,447,14062,14062,0,0,4893,4893,4893,4893,0,0,3829,2701,8722,4893,447,0,0,0,0,0,3829,0,0,0,186,12,0,1980-01-06T03:08:19,1633357542.2165198,2021-10-04T17:25:42
315965311,85000,512094,458,458,14381,14381,0,0,5000,5000,5000,5000,0,0,3923,2764,8923,5000,458,0,0,0,0,0,3923,0,0,0,87,12,0,1980-01-06T03:08:31,1633357556.4265559,2021-10-04T17:25:56
315965326,160000,527125,472,472,14758,14757,0,0,5123,5123,5122,5122,0,0,4040,2840,9163,5122,472,0,0,0,0,0,4040,0,0,0,17,12,0,1980-01-06T03:08:46,1633357569.467016,2021-10-04T17:26:09
315965339,273000,540154,483,483,15106,15106,0,0,5240,5240,5240,5240,0,0,4143,2928,9383,5240,483,0,0,0,0,0,4143,0,0,0,207,12,0,1980-01-06T03:08:59,1633357582.486552,2021-10-04T17:26:22
315965369,342000,570220,510,510,15948,15948,0,0,5531,5531,5531,5531,0,0,4376,2964,9907,5531,510,0,0,0,0,0,4376,0,0,0,248,12,0,1980-01-06T03:09:29,1633357611.316936,2021-10-04T17:26:51
315965383,417000,584253,523,523,16345,16345,0,0,5669,5669,5669,5669,0,0,4484,2967,10153,5669,523,0,0,0,0,0,4484,0,0,0,121,12,0,1980-01-06T03:09:43,1633357624.986861,2021-10-04T17:27:04
315965396,229000,597279,535,535,16721,16721,0,0,5800,5800,5800,5800,0,0,4586,2967,10386,5800,535,0,0,0,0,0,4586,0,0,0,237,12,0,1980-01-06T03:09:56,1633357638.6268408,2021-10-04T17:27:18
315965410,485000,611303,548,548,17122,17122,0,0,5940,5940,5940,5940,0,0,4694,2967,10634,5940,548,0,0,0,0,0,4694,0,0,0,107,12,0,1980-01-06T03:10:10,1633357653.816648,2021-10-04T17:27:33
315965424,554000,625332,560,560,17523,17523,0,0,6080,6080,6080,6080,0,0,4803,2967,10883,6080,560,0,0,0,0,0,4803,0,0,0,233,12,0,1980-01-06T03:10:24,1633357667.4267719,2021-10-04T17:27:47
315965438,621000,639361,573,573,17925,17925,0,0,6220,6220,6220,6220,0,0,4912,2967,11132,6220,573,0,0,0,0,0,4912,0,0,0,103,12,0,1980-01-06T03:10:38,1633357680.426725,2021-10-04T17:28:00
315965451,723000,652384,585,585,18300,18300,0,0,6351,6351,6351,6351,0,0,5013,2967,11364,6351,585,0,0,0,0,0,5013,0,0,0,221,12,0,1980-01-06T03:10:51,1633357694.016748,2021-10-04T17:28:14
315965464,761000,665413,596,596,18670,18670,0,0,6480,6480,6480,6480,0,0,5114,2967,11594,6480,596,0,0,0,0,0,5114,0,0,0,81,12,0,1980-01-06T03:11:04,1633357707.057005,2021-10-04T17:28:27
315965479,490000,680441,610,610,19103,19103,0,0,6631,6631,6631,6631,0,0,5231,2967,11862,6631,610,0,0,0,0,0,5231,0,0,0,217,12,0,1980-01-06T03:11:19,1633357722.1669478,2021-10-04T17:28:42
315965493,558000,694470,623,623,19504,19504,0,0,6771,6771,6771,6771,0,0,5339,2967,12110,6771,623,0,0,0,0,0,5339,0,0,0,87,12,0,1980-01-06T03:11:33,1633357735.786948,2021-10-04T17:28:55
315965506,716000,707499,634,634,19874,19874,0,0,6900,6900,6900,6900,0,0,5440,2967,12340,6900,634,0,0,0,0,0,5440,0,0,0,203,12,0,1980-01-06T03:11:46,1633357749.4681199,2021-10-04T17:29:09
315965519,819000,720531,646,646,20249,20249,0,0,7031,7031,7031,7031,0,0,5541,2967,12572,7031,646,0,0,0,0,0,5541,0,0,0,65,12,0,1980-01-06T03:11:59,1633357762.5271769,2021-10-04T17:29:22
315965534,849000,735561,660,660,20678,20678,0,0,7180,7180,7180,7180,0,0,5658,2980,12838,7180,660,0,0,0,0,0,5658,0,0,0,212,12,0,1980-01-06T03:12:14,1633357775.5468118,2021-10-04T17:29:35
315965547,666000,748593,672,672,21053,21053,0,0,7311,7311,7311,7311,0,0,5759,3003,13070,7311,672,0,0,0,0,0,5759,0,0,0,97,12,0,1980-01-06T03:12:27,1633357790.7674599,2021-10-04T17:29:50
315965561,725000,762615,684,684,21453,21453,0,0,7451,7451,7451,7451,0,0,5867,3063,13318,7451,684,0,0,0,0,0,5867,0,0,0,27,12,0,1980-01-06T03:12:41,1633357804.459132,2021-10-04T17:30:04
315965575,793000,776650,697,697,21855,21855,0,0,7591,7591,7591,7591,0,0,5976,3119,13567,7591,697,0,0,0,0,0,5976,0,0,0,209,12,0,1980-01-06T03:12:55,1633357818.156905,2021-10-04T17:30:18
315965589,859000,790681,710,710,22257,22257,0,0,7731,7731,7731,7731,0,0,6085,3183,13816,7731,710,0,0,0,0,0,6085,0,0,0,143,12,0,1980-01-06T03:13:09,1633357831.3697639,2021-10-04T17:30:31
315965603,942000,804715,722,722,22658,22658,0,0,7871,7871,7871,7871,0,0,6194,3222,14065,7871,722,0,0,0,0,0,6194,0,0,0,52,12,0,1980-01-06T03:13:23,1633357847.1870089,2021-10-04T17:30:47
315965617,745000,818742,735,735,23059,23059,0,0,8011,8011,8011,8011,0,0,6302,3258,14313,8011,735,0,0,0,0,0,6302,0,0,0,214,12,0,1980-01-06T03:13:37,1633357860.237388,2021-10-04T17:31:00
315965630,820000,831761,747,747,23429,23429,0,0,8140,8140,8140,8140,0,0,6402,3278,14542,8140,747,0,0,0,0,0,6402,0,0,0,94,12,0,1980-01-06T03:13:50,1633357873.277413,2021-10-04T17:31:13
315965644,942000,845787,759,759,23831,23831,0,0,8280,8280,8280,8280,0,0,6512,3282,14792,8280,759,0,0,0,0,0,6512,0,0,0,224,12,0,1980-01-06T03:14:04,1633357886.907949,2021-10-04T17:31:26
315965658,766000,859817,772,772,24232,24232,0,0,8420,8420,8420,8420,0,0,6620,3282,15040,8420,772,0,0,0,0,0,6620,0,0,0,94,12,0,1980-01-06T03:14:18,1633357899.948197,2021-10-04T17:31:39
315965672,887000,873829,785,785,24634,24634,0,0,8560,8560,8560,8560,0,0,6729,3282,15289,8560,785,0,0,0,0,0,6729,0,0,0,220,12,0,1980-01-06T03:14:32,1633357915.747068,2021-10-04T17:31:55
315965685,731000,886842,796,796,25007,25007,0,0,8691,8691,8691,8691,0,0,6829,3282,15520,8691,796,0,0,0,0,0,6829,0,0,0,82,12,0,1980-01-06T03:14:45,1633357929.376996,2021-10-04T17:32:09
315965700,837000,901876,810,810,25436,25436,0,0,8840,8840,8840,8840,0,0,6946,3282,15786,8840,810,0,0,0,0,0,6946,0,0,0,216,12,0,1980-01-06T03:15:00,1633357942.407305,2021-10-04T17:32:22
315965714,16000,914908,822,822,25811,25811,0,0,8971,8971,8971,8971,0,0,7047,3282,16018,8971,822,0,0,0,0,0,7047,0,0,0,78,12,0,1980-01-06T03:15:14,1633357956.098281,2021-10-04T17:32:36
315965727,841000,928935,834,834,26212,26212,0,0,9111,9111,9111,9111,0,0,7156,3282,16267,9111,834,0,0,0,0,0,7156,0,0,0,204,12,0,1980-01-06T03:15:27,1633357969.2074878,2021-10-04T17:32:49
315965741,970000,942958,847,847,26613,26613,0,0,9251,9251,9251,9251,0,0,7264,3282,16515,9251,847,0,0,0,0,0,7264,0,0,0,74,12,0,1980-01-06T03:15:41,1633357984.43716,2021-10-04T17:33:04
315965755,793000,956982,860,860,27015,27015,0,0,9391,9391,9391,9391,0,0,7373,3285,16764,9391,860,0,0,0,0,0,7373,0,0,0,203,12,0,1980-01-06T03:15:55,1633357998.1373599,2021-10-04T17:33:18
315965769,991000,971071,872,872,27413,27413,0,0,9529,9529,9529,9529,0,0,7483,3365,17012,9529,872,0,0,0,0,0,7483,0,0,0,153,12,0,1980-01-06T03:16:09,1633358011.828292,2021-10-04T17:33:31
315965780,916000,982083,882,882,27706,27706,0,0,9628,9628,9628,9628,0,0,7568,3466,17196,9628,882,0,0,0,0,0,7568,0,0,0,86,12,0,1980-01-06T03:16:20,1633358024.778473,2021-10-04T17:33:44
315965792,814000,994101,893,893,28015,28015,0,0,9730,9730,9730,9729,0,0,7662,3552,17392,9730,893,0,0,0,0,0,7662,0,0,0,6,12,0,1980-01-06T03:16:32,1633358040.476981,2021-10-04T17:34:00
315965809,860000,1011123,908,908,28464,28464,0,0,9880,9880,9880,9880,0,0,7796,3659,17676,9880,908,0,0,0,0,0,7796,0,0,0,244,12,0,1980-01-06T03:16:49,1633358053.6171079,2021-10-04T17:34:13
315965824,942000,1026141,922,922,28868,28868,0,0,10017,10017,10017,10017,0,0,7912,3797,17929,10017,922,0,0,0,0,0,7912,0,0,0,248,12,0,1980-01-06T03:17:04,1633358067.3289769,2021-10-04T17:34:27
315965839,60000,1040159,935,935,29251,29251,0,0,10147,10147,10147,10147,0,0,8022,3893,18169,10147,935,0,0,0,0,0,8022,0,0,0,204,12,0,1980-01-06T03:17:19,1633358080.4571369,2021-10-04T17:34:40
315965851,927000,1053181,946,946,29605,29605,0,0,10268,10268,10268,10268,0,0,8123,3992,18391,10268,946,0,0,0,0,0,8123,0,0,0,155,12,0,1980-01-06T03:17:31,1633358093.5167959,2021-10-04T17:34:53
315965865,879000,1067206,959,959,30006,30006,0,0,10408,10408,10408,10408,0,0,8231,4054,18639,10408,959,0,0,0,0,0,8231,0,0,0,87,12,0,1980-01-06T03:17:45,1633358109.289784,2021-10-04T17:35:09
315965879,987000,1081223,972,972,30408,30408,0,0,10548,10548,10548,10548,0,0,8340,4122,18888,10548,972,0,0,0,0,0,8340,0,0,0,25,12,0,1980-01-06T03:17:59,1633358124.25682,2021-10-04T17:35:24
315965895,64000,1096240,985,985,30839,30839,0,0,10699,10699,10699,10699,0,0,8456,4185,19155,10699,985,0,0,0,0,0,8456,0,0,0,224,12,0,1980-01-06T03:18:15,1633358138.0466409,2021-10-04T17:35:38
315965910,110000,1111258,999,999,31268,31268,0,0,10848,10848,10848,10848,0,0,8573,4227,19421,10848,999,0,0,0,0,0,8573,0,0,0,144,12,0,1980-01-06T03:18:30,1633358151.186765,2021-10-04T17:35:51
315965923,252000,1124272,1011,1011,31642,31642,0,0,10979,10979,10979,10979,0,0,8673,4286,19652,10979,1011,0,0,0,0,0,8673,0,0,0,65,12,0,1980-01-06T03:18:43,1633358164.97736,2021-10-04T17:36:04
315965938,60000,1139292,1024,1024,32069,32069,0,0,11128,11128,11128,11128,0,0,8789,4354,19917,11128,1024,0,0,0,0,0,8789,0,0,0,11,12,0,1980-01-06T03:18:58,1633358182.7570288,2021-10-04T17:36:22
315965954,111000,1155315,1039,1039,32529,32529,0,0,11288,11288,11288,11288,0,0,8914,4468,20202,11288,1039,0,0,0,0,0,8914,0,0,0,13,12,0,1980-01-06T03:19:14,1633358195.9271529,2021-10-04T17:36:35
315965967,22000,1168332,1050,1050,32903,32903,0,0,11419,11419,11419,11419,0,0,9015,4558,20434,11419,1050,0,0,0,0,0,9015,0,0,0,221,12,0,1980-01-06T03:19:27,1633358209.0371249,2021-10-04T17:36:49
315965981,198000,1182354,1063,1063,33305,33305,0,0,11559,11559,11559,11559,0,0,9124,4631,20683,11559,1063,0,0,0,0,0,9124,0,0,0,164,12,0,1980-01-06T03:19:41,1633358222.7267249,2021-10-04T17:37:02
315965997,24000,1198376,1077,1077,33763,33763,0,0,11719,11719,11719,11719,0,0,9248,4713,20967,11719,1077,0,0,0,0,0,9248,0,0,0,134,12,0,1980-01-06T03:19:57,1633358237.7364368,2021-10-04T17:37:17
315966010,225000,1211394,1089,1089,34135,34135,0,0,11848,11848,11848,11848,0,0,9350,4752,21198,11848,1089,0,0,0,0,0,9350,0,0,0,33,12,0,1980-01-06T03:20:10,1633358253.6269798,2021-10-04T17:37:33
315966025,84000,1226411,1103,1103,34568,34568,0,0,11999,11999,11999,11999,0,0,9467,4770,21466,11999,1103,0,0,0,0,0,9467,0,0,0,187,12,0,1980-01-06T03:20:25,1633358266.736356,2021-10-04T17:37:46
315966041,194000,1242435,1117,1117,35025,35025,0,0,12159,12159,12159,12159,0,0,9590,4771,21749,12159,1117,0,0,0,0,0,9590,0,0,0,76,12,0,1980-01-06T03:20:41,1633358283.016448,2021-10-04T17:38:03
315966055,83000,1256454,1130,1130,35427,35427,0,0,12299,12299,12299,12299,0,0,9699,4772,21998,12299,1130,0,0,0,0,0,9699,0,0,0,203,12,0,1980-01-06T03:20:55,1633358296.256253,2021-10-04T17:38:16
315966069,77000,1270474,1142,1142,35827,35827,0,0,12439,12439,12439,12439,0,0,9807,4772,22246,12439,1142,0,0,0,0,0,9807,0,0,0,73,12,0,1980-01-06T03:21:09,1633358312.1985328,2021-10-04T17:38:32
315966083,248000,1284496,1155,1155,36229,36229,0,0,12579,12579,12579,12579,0,0,9916,4772,22495,12579,1155,0,0,0,0,0,9916,0,0,0,199,12,0,1980-01-06T03:21:23,1633358325.3967369,2021-10-04T17:38:45
315966097,146000,1298518,1168,1168,36630,36630,0,0,12719,12719,12719,12719,0,0,10024,4772,22743,12719,1168,0,0,0,0,0,10024,0,0,0,69,12,0,1980-01-06T03:21:37,1633358338.6165369,2021-10-04T17:38:58
315966110,104000,1311539,1179,1179,36999,36999,0,0,12848,12848,12848,12848,0,0,10124,4772,22972,12848,1179,0,0,0,0,0,10124,0,0,0,185,12,0,1980-01-06T03:21:50,1633358352.3968039,2021-10-04T17:39:12
315966125,166000,1326561,1193,1193,37431,37431,0,0,12999,12999,12999,12999,0,0,10240,4773,23239,12999,1193,0,0,0,0,0,10240,0,0,0,66,12,0,1980-01-06T03:22:05,1633358365.507725,2021-10-04T17:39:25
315966139,101000,1340583,1206,1206,37832,37832,0,0,13139,13139,13139,13139,0,0,10348,4773,23487,13139,1206,0,0,0,0,0,10348,0,0,0,192,12,0,1980-01-06T03:22:19,1633358381.376281,2021-10-04T17:39:41
315966152,59000,1353606,1217,1217,38202,38202,0,0,13268,13268,13268,13268,0,0,10449,4848,23717,13268,1217,0,0,0,0,0,10449,0,0,0,127,12,0,1980-01-06T03:22:32,1633358395.1364288,2021-10-04T17:39:55
315966166,236000,1367619,1230,1230,38604,38604,0,0,13408,13408,13408,13408,0,0,10558,4942,23966,13408,1230,0,0,0,0,0,10558,0,0,0,91,12,0,1980-01-06T03:22:46,1633358408.316025,2021-10-04T17:40:08
315966180,193000,1381640,1243,1243,39004,39004,0,0,13548,13548,13548,13548,0,0,10665,5052,24213,13548,1243,0,0,0,0,0,10665,0,0,0,71,12,0,1980-01-06T03:23:00,1633358421.4561288,2021-10-04T17:40:21
315966194,149000,1395659,1255,1255,39405,39405,0,0,13688,13688,13688,13688,0,0,10774,5109,24462,13688,1255,0,0,0,0,0,10774,0,0,0,254,12,0,1980-01-06T03:23:14,1633358437.366577,2021-10-04T17:40:37
315966208,481000,1409675,1268,1268,39806,39806,0,0,13828,13828,13828,13828,0,0,10882,5187,24710,13828,1268,0,0,0,0,0,10882,0,0,0,202,12,0,1980-01-06T03:23:28,1633358450.62602,2021-10-04T17:40:50
315966223,417000,1424695,1281,1281,40237,40237,0,0,13979,13979,13979,13979,0,0,10998,5245,24977,13979,1281,0,0,0,0,0,10998,0,0,0,140,12,0,1980-01-06T03:23:43,1633358464.9966009,2021-10-04T17:41:04
315966236,403000,1437717,1293,1293,40607,40607,0,0,14108,14108,14108,14108,0,0,11098,5277,25206,14108,1293,0,0,0,0,0,11098,0,0,0,32,12,0,1980-01-06T03:23:56,1633358478.236249,2021-10-04T17:41:18
315966251,376000,1452739,1307,1307,41039,41039,0,0,14259,14259,14259,14259,0,0,11214,5282,25473,14259,1307,0,0,0,0,0,11214,0,0,0,173,12,0,1980-01-06T03:24:11,1633358491.4961078,2021-10-04T17:41:31
315966264,400000,1465761,1319,1319,41409,41409,0,0,14388,14388,14388,14388,0,0,11314,5285,25702,14388,1319,0,0,0,0,0,11314,0,0,0,36,12,0,1980-01-06T03:24:24,1633358507.4557679,2021-10-04T17:41:47
315966279,386000,1480783,1332,1332,41841,41841,0,0,14539,14539,14539,14539,0,0,11431,5285,25970,14539,1332,0,0,0,0,0,11431,0,0,0,172,12,0,1980-01-06T03:24:39,1633358520.706353,2021-10-04T17:42:00
315966292,423000,1493804,1344,1344,42212,42212,0,0,14668,14668,14668,14668,0,0,11532,5285,26200,14668,1344,0,0,0,0,0,11532,0,0,0,32,12,0,1980-01-06T03:24:52,1633358534.03598,2021-10-04T17:42:14
315966306,462000,1507825,1356,1356,42613,42613,0,0,14808,14808,14808,14808,0,0,11641,5285,26449,14808,1356,0,0,0,0,0,11641,0,0,0,158,12,0,1980-01-06T03:25:06,1633358547.28608,2021-10-04T17:42:27
315966320,500000,1521846,1369,1369,43015,43015,0,0,14948,14948,14948,14948,0,0,11750,5285,26698,14948,1369,0,0,0,0,0,11750,0,0,0,28,12,0,1980-01-06T03:25:20,1633358560.546085,2021-10-04T17:42:40
315966333,321000,1534865,1381,1381,43390,43390,0,0,15079,15079,15079,15079,0,0,11851,5285,26930,15079,1381,0,0,0,0,0,11851,0,0,0,146,12,0,1980-01-06T03:25:33,1633358573.8666768,2021-10-04T17:42:53
315966347,374000,1548887,1394,1394,43793,43793,0,0,15219,15219,15219,15219,0,0,11961,5285,27180,15219,1394,0,0,0,0,0,11961,0,0,0,16,12,0,1980-01-06T03:25:47,1633358589.366808,2021-10-04T17:43:09
315966360,444000,1561908,1405,1405,44163,44163,0,0,15348,15348,15348,15348,0,0,12062,5285,27410,15348,1405,0,0,0,0,0,12062,0,0,0,132,12,0,1980-01-06T03:26:00,1633358602.496392,2021-10-04T17:43:22
315966374,275000,1575932,1418,1418,44565,44565,0,0,15488,15488,15488,15488,0,0,12171,5375,27659,15488,1418,0,0,0,0,0,12171,0,0,0,92,12,0,1980-01-06T03:26:14,1633358615.7066438,2021-10-04T17:43:35
315966387,360000,1588955,1430,1430,44940,44940,0,0,15619,15619,15619,15619,0,0,12272,5496,27891,15619,1430,0,0,0,0,0,12272,0,0,0,75,12,0,1980-01-06T03:26:27,1633358628.9460049,2021-10-04T17:43:48
315966401,423000,1602978,1442,1442,45342,45342,0,0,15759,15759,15759,15759,0,0,12382,5543,28141,15759,1442,0,0,0,0,0,12382,0,0,0,248,12,0,1980-01-06T03:26:41,1633358642.7663329,2021-10-04T17:44:02
315966414,635000,1616066,1454,1454,45714,45714,0,0,15888,15888,15888,15888,0,0,12484,5587,28372,15888,1454,0,0,0,0,0,12484,0,0,0,153,12,0,1980-01-06T03:26:54,1633358655.3858929,2021-10-04T17:44:15
315966424,528000,1626082,1463,1463,45998,45998,0,0,15986,15986,15986,15986,0,0,12563,5731,28549,15986,1463,0,0,0,0,0,12563,0,0,0,130,12,0,1980-01-06T03:27:04,1633358668.6870959,2021-10-04T17:44:28
315966441,572000,1643106,1478,1478,46464,46464,0,0,16145,16145,16145,16145,0,0,12696,5751,28841,16145,1478,0,0,0,0,0,12696,0,0,0,34,12,0,1980-01-06T03:27:21,1633358684.206852,2021-10-04T17:44:44
315966455,669000,1657128,1491,1491,46848,46848,0,0,16276,16276,16276,16276,0,0,12805,5760,29081,16276,1491,0,0,0,0,0,12805,0,0,0,160,12,0,1980-01-06T03:27:35,1633358697.5368009,2021-10-04T17:44:57
315966466,566000,1668146,1501,1501,47156,47156,0,0,16382,16382,16382,16382,0,0,12891,5763,29273,16382,1501,0,0,0,0,0,12891,0,0,0,2,12,0,1980-01-06T03:27:46,1633358710.776036,2021-10-04T17:45:10
315966481,663000,1683168,1515,1515,47579,47579,0,0,16528,16528,16528,16528,0,0,13008,5768,29536,16528,1515,0,0,0,0,0,13008,0,0,0,138,12,0,1980-01-06T03:28:01,1633358724.056073,2021-10-04T17:45:24
315966496,551000,1698192,1528,1528,48003,48003,0,0,16675,16675,16675,16675,0,0,13125,5770,29800,16675,1528,0,0,0,0,0,13125,0,0,0,16,12,0,1980-01-06T03:28:16,1633358737.335837,2021-10-04T17:45:37
315966510,855000,1712213,1541,1541,48405,48405,0,0,16815,16815,16815,16815,0,0,13234,5770,30049,16815,1541,0,0,0,0,0,13234,0,0,0,142,12,0,1980-01-06T03:28:30,1633358750.57668,2021-10-04T17:45:50
315966523,770000,1725232,1552,1552,48779,48779,0,0,16946,16946,16946,16946,0,0,13335,5783,30281,16946,1552,0,0,0,0,0,13335,0,0,0,17,12,0,1980-01-06T03:28:43,1633358763.876097,2021-10-04T17:46:03
315966539,673000,1741257,1567,1567,49239,49239,0,0,17106,17106,17106,17106,0,0,13460,5823,30566,17106,1567,0,0,0,0,0,13460,0,0,0,201,12,0,1980-01-06T03:28:59,1633358781.225941,2021-10-04T17:46:21
315966551,823000,1753279,1578,1578,49584,49584,0,0,17226,17226,17226,17226,0,0,13554,5906,30780,17226,1578,0,0,0,0,0,13554,0,0,0,136,12,0,1980-01-06T03:29:11,1633358794.5343158,2021-10-04T17:46:34
315966565,748000,1767302,1590,1590,49985,49985,0,0,17366,17366,17366,17366,0,0,13663,5961,31029,17366,1590,0,0,0,0,0,13663,0,0,0,61,12,0,1980-01-06T03:29:25,1633358807.813937,2021-10-04T17:46:47
315966579,674000,1781326,1603,1603,50387,50387,0,0,17506,17506,17506,17506,0,0,13772,6037,31278,17506,1603,0,0,0,0,0,13772,0,0,0,7,12,0,1980-01-06T03:29:39,1633358821.672741,2021-10-04T17:47:01
315966593,810000,1795350,1616,1616,50790,50790,0,0,17646,17646,17646,17646,0,0,13882,6103,31528,17646,1616,0,0,0,0,0,13882,0,0,0,199,12,0,1980-01-06T03:29:53,1633358834.372357,2021-10-04T17:47:14
315966607,725000,1809373,1628,1628,51191,51191,0,0,17786,17786,17786,17786,0,0,13991,6146,31777,17786,1628,0,0,0,0,0,13991,0,0,0,112,12,0,1980-01-06T03:30:07,1633358847.6314929,2021-10-04T17:47:27
315966620,644000,1822394,1640,1640,51562,51562,0,0,17915,17915,17915,17915,0,0,14092,6155,32007,17915,1640,0,0,0,0,0,14092,0,0,0,237,12,0,1980-01-06T03:30:20,1633358860.8907359,2021-10-04T17:47:40
315966634,774000,1836417,1653,1653,51965,51965,0,0,18055,18055,18055,18055,0,0,14202,6188,32257,18055,1653,0,0,0,0,0,14202,0,0,0,140,12,0,1980-01-06T03:30:34,1633358876.5103478,2021-10-04T17:47:56
315966647,691000,1849437,1665,1665,52340,52340,0,0,18186,18186,18186,18186,0,0,14303,6194,32489,18186,1665,0,0,0,0,0,14303,0,0,0,8,12,0,1980-01-06T03:30:47,1633358889.801256,2021-10-04T17:48:09
315966660,824000,1862457,1676,1676,52711,52711,0,0,18315,18315,18315,18315,0,0,14405,6194,32720,18315,1676,0,0,0,0,0,14405,0,0,0,124,12,0,1980-01-06T03:31:00,1633358903.1286569,2021-10-04T17:48:23
315966675,740000,1877480,1690,1690,53144,53144,0,0,18466,18466,18466,18466,0,0,14522,6194,32988,18466,1690,0,0,0,0,0,14522,0,0,0,4,12,0,1980-01-06T03:31:15,1633358916.45804,2021-10-04T17:48:36
315966688,673000,1890500,1700,1700,53504,53504,0,0,18595,18595,18595,18595,0,0,14614,6287,33209,18595,1700,0,0,0,0,0,14614,0,0,0,213,12,0,1980-01-06T03:31:28,1633358929.7869248,2021-10-04T17:48:49
315966701,605000,1903519,1712,1712,53880,53880,0,0,18726,18726,18726,18726,0,0,14716,6287,33442,18726,1712,0,0,0,0,0,14716,0,0,0,75,12,0,1980-01-06T03:31:41,1633358942.496688,2021-10-04T17:49:02
315966715,787000,1917540,1725,1725,54283,54283,0,0,18866,18866,18866,18866,0,0,14826,6287,33692,18866,1725,0,0,0,0,0,14826,0,0,0,201,12,0,1980-01-06T03:31:55,1633358955.7461798,2021-10-04T17:49:15
315966728,725000,1930562,1737,1737,54654,54654,0,0,18995,18995,18995,18995,0,0,14927,6287,33922,18995,1737,0,0,0,0,0,14927,0,0,0,61,12,0,1980-01-06T03:32:08,1633358969.145581,2021-10-04T17:49:29
315966744,646000,1946586,1751,1751,55114,55114,0,0,19155,19155,19155,19155,0,0,15053,6295,34208,19155,1751,0,0,0,0,0,15053,0,0,0,213,12,0,1980-01-06T03:32:24,1633358986.50484,2021-10-04T17:49:46
315966759,776000,1961607,1765,1765,55547,55547,0,0,19306,19306,19306,19306,0,0,15170,6377,34476,19306,1765,0,0,0,0,0,15170,0,0,0,175,12,0,1980-01-06T03:32:39,1633359000.433656,2021-10-04T17:50:00
315966771,712000,1973627,1775,1775,55890,55890,0,0,19426,19426,19426,19426,0,0,15263,6454,34689,19426,1775,0,0,0,0,0,15263,0,0,0,104,12,0,1980-01-06T03:32:51,1633359013.20298,2021-10-04T17:50:13
315966785,628000,1987645,1788,1788,56292,56292,0,0,19566,19566,19566,19566,0,0,15372,6561,34938,19566,1788,0,0,0,0,0,15372,0,0,0,81,12,0,1980-01-06T03:33:05,1633359026.623204,2021-10-04T17:50:26
315966798,766000,2000657,1800,1800,56664,56664,0,0,19695,19695,19695,19695,0,0,15474,6653,35169,19695,1800,0,0,0,0,0,15474,0,0,0,33,12,0,1980-01-06T03:33:18,1633359039.8920279,2021-10-04T17:50:39
315966811,694000,2013675,1811,1811,57038,57038,0,0,19826,19826,19826,19826,0,0,15575,6755,35401,19826,1811,0,0,0,0,0,15575,0,0,0,253,12,0,1980-01-06T03:33:31,1633359053.121604,2021-10-04T17:50:53
315966825,826000,2027691,1824,1824,57441,57441,0,0,19966,19966,19966,19966,0,0,15685,6820,35651,19966,1824,0,0,0,0,0,15685,0,0,0,188,12,0,1980-01-06T03:33:45,1633359066.3815289,2021-10-04T17:51:06
315966838,753000,2040708,1836,1836,57812,57812,0,0,20095,20095,20095,20095,0,0,15786,6864,35881,20095,1836,0,0,0,0,0,15786,0,0,0,92,12,0,1980-01-06T03:33:58,1633359081.921525,2021-10-04T17:51:21
315966853,664000,2055727,1849,1849,58245,58245,0,0,20246,20246,20246,20246,0,0,15904,6898,36150,20246,1849,0,0,0,0,0,15904,0,0,0,6,12,0,1980-01-06T03:34:13,1633359095.240089,2021-10-04T17:51:35
315966882,706000,2084772,1875,1875,59074,59074,0,0,20535,20535,20535,20535,0,0,16129,6903,36664,20535,1875,0,0,0,0,0,16129,0,0,0,15,12,0,1980-01-06T03:34:42,1633359123.6390119,2021-10-04T17:52:03
315966896,620000,2098794,1888,1888,59476,59476,0,0,20675,20675,20675,20675,0,0,16238,6903,36913,20675,1888,0,0,0,0,0,16238,0,0,0,141,12,0,1980-01-06T03:34:56,1633359136.89838,2021-10-04T17:52:16
315966911,743000,2113816,1902,1902,59909,59909,0,0,20826,20826,20826,20826,0,0,16355,6903,37181,20826,1902,0,0,0,0,0,16355,0,0,0,21,12,0,1980-01-06T03:35:11,1633359152.0780919,2021-10-04T17:52:32
315966925,659000,2127838,1914,1914,60311,60311,0,0,20966,20966,20966,20966,0,0,16465,6903,37431,20966,1914,0,0,0,0,0,16465,0,0,0,147,12,0,1980-01-06T03:35:25,1633359165.35782,2021-10-04T17:52:45
315966939,786000,2141860,1927,1927,60713,60713,0,0,21106,21106,21106,21106,0,0,16574,6903,37680,21106,1927,0,0,0,0,0,16574,0,0,0,17,12,0,1980-01-06T03:35:39,1633359181.5269089,2021-10-04T17:53:01
315966952,703000,2154881,1939,1939,61085,61085,0,0,21235,21235,21235,21235,0,0,16676,6903,37911,21235,1939,0,0,0,0,0,16676,0,0,0,133,12,0,1980-01-06T03:35:52,1633359194.746485,2021-10-04T17:53:14
315966966,613000,2168902,1951,1951,61487,61487,0,0,21375,21375,21375,21375,0,0,16786,6913,38161,21375,1951,0,0,0,0,0,16786,0,0,0,13,12,0,1980-01-06T03:36:06,1633359207.4263768,2021-10-04T17:53:27
315966979,972000,2181922,1963,1963,61862,61862,0,0,21506,21506,21506,21506,0,0,16887,6948,38393,21506,1963,0,0,0,0,0,16887,0,0,0,166,12,0,1980-01-06T03:36:19,1633359221.285416,2021-10-04T17:53:41
315966993,881000,2195947,1976,1976,62265,62265,0,0,21646,21646,21646,21646,0,0,16997,7038,38643,21646,1976,0,0,0,0,0,16997,0,0,0,126,12,0,1980-01-06T03:36:33,1633359233.95508,2021-10-04T17:53:53
315967006,793000,2208968,1987,1987,62635,62635,0,0,21775,21775,21775,21775,0,0,17098,7061,38873,21775,1987,0,0,0,0,0,17098,0,0,0,9,12,0,1980-01-06T03:36:46,1633359247.214505,2021-10-04T17:54:07
315967020,831000,2222991,2000,2000,63038,63038,0,0,21915,21915,21915,21915,0,0,17208,7091,39123,21915,2000,0,0,0,0,0,17208,0,0,0,165,12,0,1980-01-06T03:37:00,1633359260.514073,2021-10-04T17:54:20
315967033,28000,2235078,2011,2011,63378,63378,0,0,22032,22032,22032,22032,0,0,17303,7188,39335,22032,2011,0,0,0,0,0,17303,0,0,0,114,12,0,1980-01-06T03:37:13,1633359276.603965,2021-10-04T17:54:36
315967042,952000,2245094,2020,2020,63651,63651,0,0,22125,22125,22125,22125,0,0,17381,7225,39506,22125,2020,0,0,0,0,0,17381,0,0,0,231,12,0,1980-01-06T03:37:22,1633359289.303416,2021-10-04T17:54:49
315967062,25000,2264121,2037,2037,64168,64168,0,0,22301,22301,22301,22300,0,0,17529,7239,39830,22301,2037,0,0,0,0,0,17529,0,0,0,147,12,0,1980-01-06T03:37:42,1633359302.582828,2021-10-04T17:55:02
315967072,944000,2275139,2047,2047,64475,64475,0,0,22406,22406,22406,22406,0,0,17616,7244,40022,22406,2047,0,0,0,0,0,17616,0,0,0,245,12,0,1980-01-06T03:37:52,1633359315.8141088,2021-10-04T17:55:15
315967088,824000,2291164,2061,2061,64918,64918,0,0,22558,22558,22558,22558,0,0,17741,7252,40299,22558,2061,0,0,0,0,0,17741,0,0,0,133,12,0,1980-01-06T03:38:08,1633359329.0926518,2021-10-04T17:55:29
315967101,946000,2304184,2073,2073,65289,65289,0,0,22687,22687,22687,22687,0,0,17842,7254,40529,22687,2073,0,0,0,0,0,17842,0,0,0,251,12,0,1980-01-06T03:38:21,1633359342.401808,2021-10-04T17:55:42
315967116,59000,2318206,2086,2086,153,153,0,0,22826,22826,22826,22826,0,0,17951,7255,40777,22826,2086,0,0,0,0,0,17951,0,0,0,121,12,0,1980-01-06T03:38:36,1633359355.6216278,2021-10-04T17:55:55
315967129,955000,2332228,2098,2098,555,555,0,0,22966,22966,22966,22966,0,0,18061,7257,41027,22966,2098,0,0,0,0,0,18061,0,0,0,249,12,0,1980-01-06T03:38:49,1633359371.10158,2021-10-04T17:56:11
315967143,79000,2345250,2110,2110,926,926,0,0,23095,23095,23095,23095,0,0,18162,7277,41257,23095,2110,0,0,0,0,0,18162,0,0,0,129,12,0,1980-01-06T03:39:03,1633359384.321933,2021-10-04T17:56:24
315967156,971000,2359274,2123,2123,1329,1329,0,0,23235,23235,23235,23235,0,0,18272,7361,41507,23235,2123,0,0,0,0,0,18272,0,0,0,83,12,0,1980-01-06T03:39:16,1633359397.630709,2021-10-04T17:56:37
315967170,86000,2372296,2134,2134,1703,1703,0,0,23366,23366,23366,23366,0,0,18373,7460,41739,23366,2134,0,0,0,0,0,18373,0,0,0,44,12,0,1980-01-06T03:39:30,1633359410.930076,2021-10-04T17:56:50
315967182,983000,2385319,2146,2146,2074,2074,0,0,23495,23495,23495,23495,0,0,18474,7522,41969,23495,2146,0,0,0,0,0,18474,0,0,0,222,12,0,1980-01-06T03:39:42,1633359424.1399639,2021-10-04T17:57:04
315967197,92000,2399344,2159,2159,2476,2476,0,0,23635,23635,23635,23635,0,0,18583,7595,42218,23635,2159,0,0,0,0,0,18583,0,0,0,165,12,0,1980-01-06T03:39:57,1633359437.5293329,2021-10-04T17:57:17
315967211,200000,2413368,2172,2172,2879,2879,0,0,23775,23775,23775,23775,0,0,18693,7651,42468,23775,2172,0,0,0,0,0,18693,0,0,0,91,12,0,1980-01-06T03:40:11,1633359450.8495848,2021-10-04T17:57:30
315967225,80000,2427391,2184,2184,3280,3280,0,0,23915,23915,23915,23915,0,0,18802,7680,42717,23915,2184,0,0,0,0,0,18802,0,0,0,246,12,0,1980-01-06T03:40:25,1633359466.359741,2021-10-04T17:57:46
315967239,182000,2441413,2197,2197,3682,3682,0,0,24055,24055,24055,24055,0,0,18911,7689,42966,24055,2197,0,0,0,0,0,18911,0,0,0,125,12,0,1980-01-06T03:40:39,1633359479.708369,2021-10-04T17:57:59
315967266,158000,2468455,2221,2221,4457,4457,0,0,24326,24326,24326,24326,0,0,19120,7689,43446,24326,2221,0,0,0,0,0,19120,0,0,0,113,12,0,1980-01-06T03:41:06,1633359506.188413,2021-10-04T17:58:26
315967279,39000,2481476,2233,2233,4828,4828,0,0,24455,24455,24455,24455,0,0,19221,7689,43676,24455,2233,0,0,0,0,0,19221,0,0,0,229,12,0,1980-01-06T03:41:19,1633359518.857504,2021-10-04T17:58:38
315967292,137000,2494496,2245,2245,5203,5203,0,0,24586,24586,24586,24586,0,0,19322,7689,43908,24586,2245,0,0,0,0,0,19322,0,0,0,91,12,0,1980-01-06T03:41:32,1633359532.6872919,2021-10-04T17:58:52
315967306,1000,2508517,2257,2257,5605,5605,0,0,24726,24726,24726,24726,0,0,19432,7689,44158,24726,2257,0,0,0,0,0,19432,0,0,0,217,12,0,1980-01-06T03:41:46,1633359546.037385,2021-10-04T17:59:06
315967319,103000,2521539,2269,2269,5976,5976,0,0,24855,24855,24855,24855,0,0,19533,7689,44388,24855,2269,0,0,0,0,0,19533,0,0,0,77,12,0,1980-01-06T03:41:59,1633359561.5288968,2021-10-04T17:59:21
315967332,968000,2535561,2282,2282,6378,6378,0,0,24995,24995,24995,24995,0,0,19642,7689,44637,24995,2282,0,0,0,0,0,19642,0,0,0,203,12,0,1980-01-06T03:42:12,1633359574.849129,2021-10-04T17:59:34
315967347,52000,2549579,2294,2294,6779,6779,0,0,25135,25135,25135,25135,0,0,19751,7701,44886,25135,2294,0,0,0,0,0,19751,0,0,0,85,12,0,1980-01-06T03:42:27,1633359587.4863958,2021-10-04T17:59:47
315967359,918000,2562596,2306,2306,7153,7153,0,0,25266,25266,25266,25266,0,0,19851,7760,45117,25266,2306,0,0,0,0,0,19851,0,0,0,6,12,0,1980-01-06T03:42:39,1633359601.41586,2021-10-04T18:00:01
315967373,15000,2575616,2318,2318,7525,7525,0,0,25395,25395,25395,25395,0,0,19953,7862,45348,25395,2318,0,0,0,0,0,19953,0,0,0,224,12,0,1980-01-06T03:42:53,1633359614.056392,2021-10-04T18:00:14
315967388,77000,2590629,2331,2331,7956,7956,0,0,25546,25546,25546,25546,0,0,20069,7979,45615,25546,2331,0,0,0,0,0,20069,0,0,0,221,12,0,1980-01-06T03:43:08,1633359627.915556,2021-10-04T18:00:27
315967400,940000,2603651,2343,2343,8327,8327,0,0,25675,25675,25675,25675,0,0,20170,8116,45845,25675,2343,0,0,0,0,0,20170,0,0,0,218,12,0,1980-01-06T03:43:20,1633359640.5752358,2021-10-04T18:00:40
315967414,220000,2616661,2355,2355,8702,8702,0,0,25806,25806,25806,25806,0,0,20271,8205,46077,25806,2355,0,0,0,0,0,20271,0,0,0,169,12,0,1980-01-06T03:43:34,1633359653.815037,2021-10-04T18:00:53
315967428,294000,2630682,2367,2367,9104,9104,0,0,25946,25946,25946,25946,0,0,20381,8284,46327,25946,2367,0,0,0,0,0,20381,0,0,0,118,12,0,1980-01-06T03:43:48,1633359669.215517,2021-10-04T18:01:09
315967441,152000,2643702,2379,2379,9476,9476,0,0,26075,26075,26075,26075,0,0,20483,8349,46558,26075,2379,0,0,0,0,0,20483,0,0,0,43,12,0,1980-01-06T03:44:01,1633359682.464148,2021-10-04T18:01:22
315967455,224000,2657721,2392,2392,9877,9877,0,0,26215,26215,26215,26215,0,0,20591,8366,46806,26215,2392,0,0,0,0,0,20591,0,0,0,186,12,0,1980-01-06T03:44:15,1633359695.7939398,2021-10-04T18:01:35
315967468,301000,2670739,2404,2404,10252,10252,0,0,26346,26346,26346,26346,0,0,20692,8371,47038,26346,2404,0,0,0,0,0,20692,0,0,0,53,12,0,1980-01-06T03:44:28,1633359709.065661,2021-10-04T18:01:49
315967482,139000,2684760,2416,2416,10653,10653,0,0,26486,26486,26486,26486,0,0,20801,8372,47287,26486,2416,0,0,0,0,0,20801,0,0,0,180,12,0,1980-01-06T03:44:42,1633359722.323729,2021-10-04T18:02:02
315967496,208000,2698782,2429,2429,11055,11055,0,0,26626,26626,26626,26626,0,0,20910,8373,47536,26626,2429,0,0,0,0,0,20910,0,0,0,51,12,0,1980-01-06T03:44:56,1633359735.553936,2021-10-04T18:02:15
315967509,318000,2711804,2441,2441,11426,11426,0,0,26755,26755,26755,26755,0,0,21011,8373,47766,26755,2441,0,0,0,0,0,21011,0,0,0,167,12,0,1980-01-06T03:45:09,1633359748.783452,2021-10-04T18:02:28
315967523,380000,2725826,2453,2453,11828,11828,0,0,26895,26895,26895,26895,0,0,21121,8373,48016,26895,2453,0,0,0,0,0,21121,0,0,0,37,12,0,1980-01-06T03:45:23,1633359764.3238769,2021-10-04T18:02:44
315967536,218000,2738845,2465,2465,12203,12203,0,0,27026,27026,27026,27026,0,0,21222,8373,48248,27026,2465,0,0,0,0,0,21222,0,0,0,155,12,0,1980-01-06T03:45:36,1633359777.625625,2021-10-04T18:02:57
315967549,295000,2751867,2477,2477,12574,12574,0,0,27155,27155,27155,27155,0,0,21323,8373,48478,27155,2477,0,0,0,0,0,21323,0,0,0,15,12,0,1980-01-06T03:45:49,1633359790.952201,2021-10-04T18:03:10
315967564,341000,2766889,2490,2490,13005,13005,0,0,27306,27306,27306,27306,0,0,21439,8373,48745,27306,2490,0,0,0,0,0,21439,0,0,0,151,12,0,1980-01-06T03:46:04,1633359804.162652,2021-10-04T18:03:24
315967578,173000,2780912,2503,2503,13407,13407,0,0,27446,27446,27446,27446,0,0,21548,8376,48994,27446,2503,0,0,0,0,0,21548,0,0,0,24,12,0,1980-01-06T03:46:18,1633359817.422137,2021-10-04T18:03:37
315967591,246000,2793936,2515,2515,13779,13779,0,0,27575,27575,27575,27575,0,0,21650,8463,49225,27575,2515,0,0,0,0,0,21650,0,0,0,227,12,0,1980-01-06T03:46:31,1633359830.691696,2021-10-04T18:03:50
315967604,389000,2806958,2526,2526,14153,14153,0,0,27706,27706,27706,27706,0,0,21751,8531,49457,27706,2526,0,0,0,0,0,21751,0,0,0,157,12,0,1980-01-06T03:46:44,1633359843.9219449,2021-10-04T18:04:03
315967617,225000,2819980,2538,2538,14524,14524,0,0,27835,27835,27835,27835,0,0,21852,8555,49687,27835,2538,0,0,0,0,0,21852,0,0,0,41,12,0,1980-01-06T03:46:57,1633359859.351661,2021-10-04T18:04:19
315967631,345000,2834068,2551,2551,14927,14927,0,0,27975,27975,27975,27975,0,0,21962,8613,49937,27975,2551,0,0,0,0,0,21962,0,0,0,226,12,0,1980-01-06T03:47:11,1633359872.582777,2021-10-04T18:04:32
315967643,421000,2846088,2562,2562,15258,15258,0,0,28088,28088,28088,28088,0,0,22056,8689,50144,28088,2562,0,0,0,0,0,22056,0,0,0,148,12,0,1980-01-06T03:47:23,1633359885.771328,2021-10-04T18:04:45
315967655,262000,2858107,2572,2572,15590,15590,0,0,28202,28202,28202,28202,0,0,22150,8707,50352,28202,2572,0,0,0,0,0,22150,0,0,0,10,12,0,1980-01-06T03:47:35,1633359899.040709,2021-10-04T18:04:59
315967671,284000,2874131,2587,2587,16028,16028,0,0,28351,28351,28351,28351,0,0,22275,8717,50626,28351,2587,0,0,0,0,0,22275,0,0,0,154,12,0,1980-01-06T03:47:51,1633359912.300597,2021-10-04T18:05:12
315967686,305000,2889152,2600,2600,16448,16448,0,0,28496,28496,28496,28496,0,0,22392,8724,50888,28496,2600,0,0,0,0,0,22392,0,0,0,34,12,0,1980-01-06T03:48:06,1633359925.519973,2021-10-04T18:05:25
315967699,361000,2902174,2612,2612,16809,16809,0,0,28620,28620,28620,28620,0,0,22493,8726,51113,28620,2612,0,0,0,0,0,22493,0,0,0,150,12,0,1980-01-06T03:48:19,1633359938.751296,2021-10-04T18:05:38
315967712,412000,2915194,2624,2624,17189,17189,0,0,28753,28753,28753,28753,0,0,22595,8727,51348,28753,2624,0,0,0,0,0,22595,0,0,0,12,12,0,1980-01-06T03:48:32,1633359954.210937,2021-10-04T18:05:54
315967726,217000,2929216,2636,2636,17588,17588,0,0,28892,28892,28892,28892,0,0,22704,8728,51596,28892,2636,0,0,0,0,0,22704,0,0,0,138,12,0,1980-01-06T03:48:46,1633359966.959864,2021-10-04T18:06:06
315967740,256000,2943238,2649,2649,17990,17990,0,0,29032,29032,29032,29032,0,0,22813,8746,51845,29032,2649,0,0,0,0,0,22813,0,0,0,26,12,0,1980-01-06T03:49:00,1633359980.819761,2021-10-04T18:06:20
315967753,316000,2956260,2661,2661,18362,18362,0,0,29161,29161,29161,29161,0,0,22915,8815,52076,29161,2661,0,0,0,0,0,22915,0,0,0,211,12,0,1980-01-06T03:49:13,1633359994.1289759,2021-10-04T18:06:34
315967767,360000,2970284,2674,2674,18764,18764,0,0,29301,29301,29301,29301,0,0,23024,8891,52325,29301,2674,0,0,0,0,0,23024,0,0,0,157,12,0,1980-01-06T03:49:27,1633360007.469161,2021-10-04T18:06:47
315967780,177000,2983305,2685,2685,19138,19138,0,0,29432,29432,29432,29432,0,0,23125,8971,52557,29432,2685,0,0,0,0,0,23125,0,0,0,99,12,0,1980-01-06T03:49:40,1633360020.7491,2021-10-04T18:07:00
315967793,252000,2996329,2697,2697,19509,19509,0,0,29561,29561,29561,29561,0,0,23226,9045,52787,29561,2697,0,0,0,0,0,23226,0,0,0,33,12,0,1980-01-06T03:49:53,1633360033.4490159,2021-10-04T18:07:13
315967807,367000,3010355,2710,2710,19910,19910,0,0,29701,29701,29701,29701,0,0,23334,9146,53035,29701,2710,0,0,0,0,0,23334,0,0,0,4,12,0,1980-01-06T03:50:07,1633360046.718072,2021-10-04T18:07:26
315967820,425000,3023376,2721,2721,20284,20284,0,0,29832,29832,29832,29832,0,0,23435,9188,53267,29832,2721,0,0,0,0,0,23435,0,0,0,164,12,0,1980-01-06T03:50:20,1633360059.337961,2021-10-04T18:07:39
315967834,467000,3037398,2734,2734,20686,20686,0,0,29972,29972,29972,29972,0,0,23544,9197,53516,29972,2734,0,0,0,0,0,23544,0,0,0,43,12,0,1980-01-06T03:50:34,1633360075.3382359,2021-10-04T18:07:55
315967847,508000,3050419,2746,2746,21057,21057,0,0,30101,30101,30101,30101,0,0,23645,9200,53746,30101,2746,0,0,0,0,0,23645,0,0,0,162,12,0,1980-01-06T03:50:47,1633360088.6777089,2021-10-04T18:08:08
315967861,297000,3064440,2758,2758,21458,21458,0,0,30241,30241,30241,30241,0,0,23754,9202,53995,30241,2758,0,0,0,0,0,23754,0,0,0,34,12,0,1980-01-06T03:51:01,1633360101.917908,2021-10-04T18:08:21
315967875,320000,3078462,2771,2771,21860,21860,0,0,30381,30381,30381,30381,0,0,23863,9202,54244,30381,2771,0,0,0,0,0,23863,0,0,0,160,12,0,1980-01-06T03:51:15,1633360115.2079759,2021-10-04T18:08:35
315967888,361000,3091481,2783,2783,22235,22235,0,0,30512,30512,30512,30512,0,0,23964,9202,54476,30512,2783,0,0,0,0,0,23964,0,0,0,22,12,0,1980-01-06T03:51:28,1633360127.798624,2021-10-04T18:08:47
315967902,389000,3105503,2795,2795,22636,22636,0,0,30652,30652,30652,30652,0,0,24073,9202,54725,30652,2795,0,0,0,0,0,24073,0,0,0,148,12,0,1980-01-06T03:51:42,1633360141.0971649,2021-10-04T18:09:01
315967916,407000,3119526,2808,2808,23037,23037,0,0,30792,30792,30792,30792,0,0,24181,9202,54973,30792,2808,0,0,0,0,0,24181,0,0,0,18,12,0,1980-01-06T03:51:56,1633360157.167845,2021-10-04T18:09:17
315967929,452000,3132547,2820,2820,23408,23408,0,0,30921,30921,30921,30921,0,0,24282,9202,55203,30921,2820,0,0,0,0,0,24282,0,0,0,134,12,0,1980-01-06T03:52:09,1633360170.456696,2021-10-04T18:09:30
315967942,480000,3145566,2832,2832,23783,23783,0,0,31052,31052,31052,31052,0,0,24383,9203,55435,31052,2832,0,0,0,0,0,24383,0,0,0,253,12,0,1980-01-06T03:52:22,1633360183.626236,2021-10-04T18:09:43
315967956,260000,3159588,2844,2844,24183,24183,0,0,31192,31192,31192,31192,0,0,24491,9203,55683,31192,2844,0,0,0,0,0,24491,0,0,0,123,12,0,1980-01-06T03:52:36,1633360196.847013,2021-10-04T18:09:56
315967969,290000,3172609,2856,2856,24554,24554,0,0,31321,31321,31321,31321,0,0,24592,9324,55913,31321,2856,0,0,0,0,0,24592,0,0,0,104,12,0,1980-01-06T03:52:49,1633360210.067864,2021-10-04T18:10:10
315967983,317000,3186630,2869,2869,24955,24955,0,0,31461,31461,31461,31461,0,0,24700,9394,56161,31461,2869,0,0,0,0,0,24700,0,0,0,44,12,0,1980-01-06T03:53:03,1633360222.745988,2021-10-04T18:10:22
315967997,329000,3200650,2881,2881,25356,25356,0,0,31601,31601,31601,31601,0,0,24809,9476,56410,31601,2881,0,0,0,0,0,24809,0,0,0,252,12,0,1980-01-06T03:53:17,1633360235.985729,2021-10-04T18:10:35
315968010,410000,3213670,2893,2893,25730,25730,0,0,31732,31732,31732,31732,0,0,24909,9531,56641,31732,2893,0,0,0,0,0,24909,0,0,0,169,12,0,1980-01-06T03:53:30,1633360251.936545,2021-10-04T18:10:51
315968024,425000,3227689,2905,2905,26131,26131,0,0,31872,31872,31872,31872,0,0,25018,9589,56890,31872,2905,0,0,0,0,0,25018,0,0,0,97,12,0,1980-01-06T03:53:44,1633360264.6061568,2021-10-04T18:11:04
315968037,451000,3240706,2917,2917,26502,26502,0,0,32001,32001,32001,32001,0,0,25119,9683,57120,32001,2917,0,0,0,0,0,25119,0,0,0,51,12,0,1980-01-06T03:53:57,1633360277.875241,2021-10-04T18:11:17
315968051,467000,3254730,2930,2930,26903,26903,0,0,32141,32141,32141,32141,0,0,25227,9724,57368,32141,2930,0,0,0,0,0,25227,0,0,0,218,12,0,1980-01-06T03:54:11,1633360291.165089,2021-10-04T18:11:31
315968065,482000,3268752,2943,2943,27304,27304,0,0,32281,32281,32281,32281,0,0,25335,9734,57616,32281,2943,0,0,0,0,0,25335,0,0,0,98,12,0,1980-01-06T03:54:25,1633360304.544585,2021-10-04T18:11:44
315968078,263000,3281770,2954,2954,27678,27678,0,0,32412,32412,32412,32412,0,0,25436,9734,57848,32412,2954,0,0,0,0,0,25436,0,0,0,216,12,0,1980-01-06T03:54:38,1633360317.736021,2021-10-04T18:11:57
315968091,290000,3294791,2966,2966,28049,28049,0,0,32541,32541,32541,32541,0,0,25537,9734,58078,32541,2966,0,0,0,0,0,25537,0,0,0,76,12,0,1980-01-06T03:54:51,1633360331.004601,2021-10-04T18:12:11
315968105,293000,3308812,2979,2979,28450,28450,0,0,32681,32681,32681,32681,0,0,25645,9734,58326,32681,2979,0,0,0,0,0,25645,0,0,0,202,12,0,1980-01-06T03:55:05,1633360347.1050649,2021-10-04T18:12:27
315968119,398000,3322833,2991,2991,28850,28850,0,0,32821,32821,32821,32821,0,0,25753,9734,58574,32821,2991,0,0,0,0,0,25753,0,0,0,72,12,0,1980-01-06T03:55:19,1633360359.825316,2021-10-04T18:12:39
315968133,410000,3336855,3004,3004,29252,29252,0,0,32961,32961,32961,32961,0,0,25862,9734,58823,32961,3004,0,0,0,0,0,25862,0,0,0,198,12,0,1980-01-06T03:55:33,1633360373.0861368,2021-10-04T18:12:53
315968146,427000,3349874,3016,3016,29626,29626,0,0,33092,33092,33092,33092,0,0,25962,9734,59054,33092,3016,0,0,0,0,0,25962,0,0,0,60,12,0,1980-01-06T03:55:46,1633360386.2938719,2021-10-04T18:13:06
315968159,441000,3362894,3027,3027,29996,29996,0,0,33221,33221,33221,33221,0,0,26063,9736,59284,33221,3027,0,0,0,0,0,26063,0,0,0,178,12,0,1980-01-06T03:55:59,1633360400.923804,2021-10-04T18:13:20
315968174,421000,3377916,3041,3041,30428,30428,0,0,33372,33372,33372,33372,0,0,26179,9757,59551,33372,3041,0,0,0,0,0,26179,0,0,0,79,12,0,1980-01-06T03:56:14,1633360414.1633608,2021-10-04T18:13:34
315968189,406000,3392944,3054,3054,30856,30856,0,0,33521,33521,33521,33521,0,0,26296,9877,59817,33521,3054,0,0,0,0,0,26296,0,0,0,77,12,0,1980-01-06T03:56:29,1633360427.9930968,2021-10-04T18:13:47
315968201,442000,3404965,3065,3065,31199,31199,0,0,33641,33641,33641,33641,0,0,26388,9964,60029,33641,3065,0,0,0,0,0,26388,0,0,0,16,12,0,1980-01-06T03:56:41,1633360441.1633449,2021-10-04T18:14:01
315968216,421000,3419990,3079,3079,31629,31629,0,0,33791,33791,33791,33791,0,0,26504,10023,60295,33791,3079,0,0,0,0,0,26504,0,0,0,210,12,0,1980-01-06T03:56:56,1633360456.593513,2021-10-04T18:14:16
315968228,518000,3432074,3090,3090,31970,31970,0,0,33909,33909,33909,33909,0,0,26598,10137,60507,33909,3090,0,0,0,0,0,26598,0,0,0,177,12,0,1980-01-06T03:57:08,1633360469.822548,2021-10-04T18:14:29
315968242,513000,3446092,3102,3102,32351,32351,0,0,34039,34039,34039,34039,0,0,26707,10217,60746,34039,3102,0,0,0,0,0,26707,0,0,0,114,12,0,1980-01-06T03:57:22,1633360483.0924969,2021-10-04T18:14:43
315968253,564000,3457109,3112,3112,32642,32642,0,0,34137,34137,34137,34137,0,0,26792,10227,60929,34137,3112,0,0,0,0,0,26792,0,0,0,212,12,0,1980-01-06T03:57:33,1633360496.313876,2021-10-04T18:14:56
315968268,542000,3472131,3126,3126,33057,33057,0,0,34279,34279,34279,34279,0,0,26909,10236,61188,34279,3126,0,0,0,0,0,26909,0,0,0,92,12,0,1980-01-06T03:57:48,1633360508.892129,2021-10-04T18:15:08
315968283,501000,3487154,3139,3139,33477,33477,0,0,34424,34424,34424,34424,0,0,27026,10241,61450,34424,3139,0,0,0,0,0,27026,0,0,0,226,12,0,1980-01-06T03:58:03,1633360522.712625,2021-10-04T18:15:22
315968296,498000,3500173,3151,3151,33845,33845,0,0,34552,34552,34552,34551,0,0,27126,10244,61678,34552,3151,0,0,0,0,0,27126,0,0,0,88,12,0,1980-01-06T03:58:16,1633360535.9817438,2021-10-04T18:15:35
315968309,633000,3513194,3163,3163,34215,34215,0,0,34680,34680,34680,34680,0,0,27228,10245,61908,34680,3163,0,0,0,0,0,27228,0,0,0,204,12,0,1980-01-06T03:58:29,1633360551.3841999,2021-10-04T18:15:51
315968323,613000,3527216,3175,3175,34614,34614,0,0,34819,34819,34819,34819,0,0,27337,10246,62156,34819,3175,0,0,0,0,0,27337,0,0,0,74,12,0,1980-01-06T03:58:43,1633360564.032224,2021-10-04T18:16:04
315968337,595000,3541239,3188,3188,35015,35015,0,0,34959,34959,34959,34959,0,0,27445,10264,62404,34959,3188,0,0,0,0,0,27445,0,0,0,218,12,0,1980-01-06T03:58:57,1633360577.271549,2021-10-04T18:16:17
315968350,590000,3554258,3200,3200,35390,35390,0,0,35090,35090,35090,35090,0,0,27546,10305,62636,35090,3200,0,0,0,0,0,27546,0,0,0,121,12,0,1980-01-06T03:59:10,1633360590.5016809,2021-10-04T18:16:30
315968364,570000,3568282,3212,3212,35791,35791,0,0,35230,35230,35230,35230,0,0,27655,10378,62885,35230,3212,0,0,0,0,0,27655,0,0,0,64,12,0,1980-01-06T03:59:24,1633360604.331285,2021-10-04T18:16:44
315968377,568000,3581306,3224,3224,36162,36162,0,0,35360,35360,35359,35359,0,0,27755,10477,63115,35359,3224,0,0,0,0,0,27755,0,0,0,23,12,0,1980-01-06T03:59:37,1633360617.603477,2021-10-04T18:16:57
315968391,548000,3595330,3237,3237,36564,36564,0,0,35500,35500,35499,35499,0,0,27864,10569,63364,35499,3237,0,0,0,0,0,27864,0,0,0,241,12,0,1980-01-06T03:59:51,1633360630.870632,2021-10-04T18:17:10
315968405,855000,3609354,3249,3249,36965,36965,0,0,35640,35640,35639,35639,0,0,27973,10625,63613,35639,3249,0,0,0,0,0,27973,0,0,0,167,12,0,1980-01-06T04:00:05,1633360646.331305,2021-10-04T18:17:26
315968418,853000,3622373,3261,3261,37342,37342,0,0,35771,35771,35770,35770,0,0,28076,10665,63847,35770,3261,0,0,0,0,0,28076,0,0,0,69,12,0,1980-01-06T04:00:18,1633360658.9810119,2021-10-04T18:17:38
315968432,832000,3636395,3274,3274,37743,37743,0,0,35911,35911,35910,35910,0,0,28184,10681,64095,35910,3274,0,0,0,0,0,28184,0,0,0,211,12,0,1980-01-06T04:00:32,1633360672.1501038,2021-10-04T18:17:52
315968444,851000,3648414,3284,3284,38087,38087,0,0,36031,36031,36030,36030,0,0,28278,10686,64309,36030,3284,0,0,0,0,0,28278,0,0,0,68,12,0,1980-01-06T04:00:44,1633360685.340065,2021-10-04T18:18:05
315968459,790000,3663438,3298,3298,38515,38515,0,0,36180,36180,36179,36179,0,0,28394,10686,64574,36179,3298,0,0,0,0,0,28394,0,0,0,202,12,0,1980-01-06T04:00:59,1633360698.5901558,2021-10-04T18:18:18
315968472,766000,3676457,3310,3310,38889,38889,0,0,36311,36311,36310,36310,0,0,28494,10686,64805,36310,3310,0,0,0,0,0,28494,0,0,0,64,12,0,1980-01-06T04:01:12,1633360711.8496919,2021-10-04T18:18:31
315968485,740000,3689476,3321,3321,39259,39259,0,0,36440,36440,36439,36439,0,0,28595,10686,65035,36439,3321,0,0,0,0,0,28595,0,0,0,180,12,0,1980-01-06T04:01:25,1633360725.080368,2021-10-04T18:18:45
315968499,696000,3703498,3334,3334,39661,39661,0,0,36580,36580,36579,36579,0,0,28704,10686,65284,36579,3334,0,0,0,0,0,28704,0,0,0,50,12,0,1980-01-06T04:01:39,1633360737.779348,2021-10-04T18:18:57
315968512,819000,3716516,3346,3346,40036,40036,0,0,36711,36711,36710,36710,0,0,28805,10686,65516,36710,3346,0,0,0,0,0,28805,0,0,0,168,12,0,1980-01-06T04:01:52,1633360750.929476,2021-10-04T18:19:10
315968526,775000,3730538,3358,3358,40437,40437,0,0,36851,36851,36850,36850,0,0,28914,10686,229,36850,3358,0,0,0,0,0,28914,0,0,0,38,12,0,1980-01-06T04:02:06,1633360766.8790128,2021-10-04T18:19:26
315968539,755000,3743561,3370,3370,40807,40807,0,0,36980,36980,36979,36979,0,0,29014,10690,458,36979,3370,0,0,0,0,0,29014,0,0,0,158,12,0,1980-01-06T04:02:19,1633360779.468776,2021-10-04T18:19:39
315968553,961000,3757583,3383,3383,41209,41209,0,0,37120,37120,37119,37119,0,0,29123,10706,707,37119,3383,0,0,0,0,0,29123,0,0,0,44,12,0,1980-01-06T04:02:33,1633360793.298888,2021-10-04T18:19:53
315968566,699000,3770600,3394,3394,41584,41584,0,0,37251,37251,37250,37250,0,0,29225,10774,940,37250,3394,0,0,0,0,0,29225,0,0,0,230,12,0,1980-01-06T04:02:46,1633360806.509804,2021-10-04T18:20:06
315968581,919000,3785623,3408,3408,42013,42013,0,0,37400,37400,37399,37399,0,0,29342,10854,1206,37399,3408,0,0,0,0,0,29342,0,0,0,188,12,0,1980-01-06T04:03:01,1633360819.718364,2021-10-04T18:20:19
315968593,935000,3797637,3419,3419,42357,42357,0,0,37520,37520,37519,37519,0,0,29435,10962,1419,37519,3419,0,0,0,0,0,29435,0,0,0,148,12,0,1980-01-06T04:03:13,1633360832.948504,2021-10-04T18:20:32
315968607,930000,3811660,3431,3431,42760,42760,0,0,37660,37660,37659,37659,0,0,29546,11056,1670,37659,3431,0,0,0,0,0,29546,0,0,0,112,12,0,1980-01-06T04:03:27,1633360848.358913,2021-10-04T18:20:48
315968620,948000,3824681,3443,3443,43135,43135,0,0,37791,37791,37790,37790,0,0,29647,11117,1902,37790,3443,0,0,0,0,0,29647,0,0,0,35,12,0,1980-01-06T04:03:40,1633360861.088536,2021-10-04T18:21:01
315968635,931000,3839704,3457,3457,43577,43577,0,0,37940,37940,37939,37939,0,0,29777,11183,2181,37939,3457,0,0,0,0,0,29777,0,0,0,235,12,0,1980-01-06T04:03:55,1633360874.987921,2021-10-04T18:21:14
315968648,712000,3852723,3468,3468,43965,43965,0,0,38071,38071,38070,38070,0,0,29892,11204,2427,38070,3468,0,0,0,0,0,29892,0,0,0,118,12,0,1980-01-06T04:04:08,1633360888.3176608,2021-10-04T18:21:28
315968661,751000,3865745,3480,3480,44350,44350,0,0,38200,38200,38199,38199,0,0,30007,11211,2671,38199,3480,0,0,0,0,0,30007,0,0,0,241,12,0,1980-01-06T04:04:21,1633360901.6170719,2021-10-04T18:21:41
315968675,773000,3879766,3493,3493,44766,44766,0,0,38340,38340,38339,38339,0,0,30130,11217,2934,38339,3493,0,0,0,0,0,30130,0,0,0,117,12,0,1980-01-06T04:04:35,1633360914.9071488,2021-10-04T18:21:54
315968688,806000,3892785,3505,3505,45155,45155,0,0,38471,38471,38470,38470,0,0,30245,11217,3180,38470,3505,0,0,0,0,0,30245,0,0,0,235,12,0,1980-01-06T04:04:48,1633360927.679265,2021-10-04T18:22:07
315968702,842000,3906807,3517,3517,45570,45570,0,0,38611,38611,38610,38610,0,0,30368,11217,3443,38610,3517,0,0,0,0,0,30368,0,0,0,105,12,0,1980-01-06T04:05:02,1633360941.016865,2021-10-04T18:22:21
315968716,876000,3920828,3530,3530,45985,45985,0,0,38751,38751,38750,38750,0,0,30490,11217,3705,38750,3530,0,0,0,0,0,30490,0,0,0,231,12,0,1980-01-06T04:05:16,1633360956.567317,2021-10-04T18:22:36
315968730,684000,3934850,3542,3542,46400,46400,0,0,38891,38891,38890,38890,0,0,30613,11217,3968,38890,3542,0,0,0,0,0,30613,0,0,0,101,12,0,1980-01-06T04:05:30,1633360970.506281,2021-10-04T18:22:50
315968743,763000,3947872,3554,3554,46784,46784,0,0,39020,39020,39019,39019,0,0,30727,11217,4211,39019,3554,0,0,0,0,0,30727,0,0,0,217,12,0,1980-01-06T04:05:43,1633360983.206501,2021-10-04T18:23:03
315968757,821000,3961893,3567,3567,47200,47200,0,0,39160,39160,39159,39159,0,0,30850,11217,4474,39159,3567,0,0,0,0,0,30850,0,0,0,87,12,0,1980-01-06T04:05:57,1633360997.196136,2021-10-04T18:23:17
315968770,661000,3974912,3578,3578,47588,47588,0,0,39291,39291,39290,39290,0,0,30965,11217,4720,39290,3578,0,0,0,0,0,30965,0,0,0,205,12,0,1980-01-06T04:06:10,1633361010.005861,2021-10-04T18:23:30
315968783,743000,3987934,3590,3590,47973,47973,0,0,39420,39420,39419,39419,0,0,31080,11221,4964,39419,3590,0,0,0,0,0,31080,0,0,0,69,12,0,1980-01-06T04:06:23,1633361023.315897,2021-10-04T18:23:43
315968797,821000,4001958,3603,3603,48390,48390,0,0,39560,39560,39559,39559,0,0,31204,11318,5228,39559,3603,0,0,0,0,0,31204,0,0,0,36,12,0,1980-01-06T04:06:37,1633361036.626396,2021-10-04T18:23:56
315968812,938000,4016982,3616,3616,48838,48838,0,0,39711,39711,39710,39710,0,0,31337,11399,5512,39710,3616,0,0,0,0,0,31337,0,0,0,253,12,0,1980-01-06T04:06:52,1633361052.1268039,2021-10-04T18:24:12
315968824,888000,4029066,3627,3627,49193,49193,0,0,39830,39830,39829,39829,0,0,31443,11429,5737,39829,3627,0,0,0,0,0,31443,0,0,0,135,12,0,1980-01-06T04:07:04,1633361065.5154688,2021-10-04T18:24:25
315968829,845000,4034076,3632,3632,49341,49341,0,0,39879,39879,39878,39878,0,0,31488,11456,5831,39878,3632,0,0,0,0,0,31488,0,0,0,208,12,0,1980-01-06T04:07:09,1633361078.9255168,2021-10-04T18:24:38
315968846,921000,4051101,3647,3647,49819,49819,0,0,40035,40035,40034,40033,0,0,31639,11494,6138,40034,3647,0,0,0,0,0,31639,0,0,0,126,12,0,1980-01-06T04:07:26,1633361092.375433,2021-10-04T18:24:52
315968868,957000,4073135,3667,3667,50433,50433,0,0,40233,40233,40232,40232,0,0,31837,11516,6534,40232,3667,0,0,0,0,0,31837,0,0,0,68,12,0,1980-01-06T04:07:48,1633361106.885325,2021-10-04T18:25:06
315968882,847000,4087157,3680,3680,50837,50837,0,0,40366,40366,40365,40365,0,0,31962,11523,6792,40365,3680,0,0,0,0,0,31962,0,0,0,194,12,0,1980-01-06T04:08:02,1633361122.4860048,2021-10-04T18:25:22
315968896,963000,4101178,3692,3692,51254,51254,0,0,40506,40506,40505,40505,0,0,32087,11523,7057,40505,3692,0,0,0,0,0,32087,0,0,0,64,12,0,1980-01-06T04:08:16,1633361136.494696,2021-10-04T18:25:36
315968909,872000,4114199,3704,3704,51640,51640,0,0,40635,40635,40634,40634,0,0,32203,11523,7302,40634,3704,0,0,0,0,0,32203,0,0,0,180,12,0,1980-01-06T04:08:29,1633361149.3447049,2021-10-04T18:25:49
315968923,778000,4128220,3717,3717,52057,52057,0,0,40775,40775,40774,40774,0,0,32327,11523,7566,40774,3717,0,0,0,0,0,32327,0,0,0,50,12,0,1980-01-06T04:08:43,1633361162.6848328,2021-10-04T18:26:02
315968937,907000,4142242,3729,3729,52474,52474,0,0,40915,40915,40914,40914,0,0,32452,11523,7831,40914,3729,0,0,0,0,0,32452,0,0,0,176,12,0,1980-01-06T04:08:57,1633361176.004624,2021-10-04T18:26:16
315968950,827000,4155261,3741,3741,52863,52863,0,0,41046,41046,41045,41045,0,0,32567,11528,8077,41045,3741,0,0,0,0,0,32567,0,0,0,43,12,0,1980-01-06T04:09:10,1633361188.81436,2021-10-04T18:26:28
315968963,753000,4168285,3753,3753,53248,53248,0,0,41175,41175,41174,41174,0,0,32682,11574,8321,41174,3753,0,0,0,0,0,32682,0,0,0,205,12,0,1980-01-06T04:09:23,1633361202.214285,2021-10-04T18:26:42
315968977,885000,4182308,3766,3766,53665,53665,0,0,41315,41315,41314,41314,0,0,32806,11653,8585,41314,3766,0,0,0,0,0,32806,0,0,0,154,12,0,1980-01-06T04:09:37,1633361215.5955489,2021-10-04T18:26:55
315968991,813000,4196332,3778,3778,54081,54081,0,0,41455,41455,41454,41454,0,0,32930,11713,8849,41454,3778,0,0,0,0,0,32930,0,0,0,84,12,0,1980-01-06T04:09:51,1633361231.265889,2021-10-04T18:27:11
315969004,751000,4209353,3790,3790,54470,54470,0,0,41586,41586,41585,41585,0,0,33045,11799,9095,41585,3790,0,0,0,0,0,33045,0,0,0,32,12,0,1980-01-06T04:10:04,1633361244.554008,2021-10-04T18:27:24
315969018,690000,4223376,3802,3802,54886,54886,0,0,41726,41726,41725,41725,0,0,33169,11832,9359,41725,3802,0,0,0,0,0,33169,0,0,0,191,12,0,1980-01-06T04:10:18,1633361257.843845,2021-10-04T18:27:37
315964805,490000,8075,3,3,101,101,0,0,37,37,37,37,0,0,24,1863,61,37,3,0,0,0,0,0,24,0,0,0,105,12,0,1980-01-06T03:00:05,1633362583.994081,2021-10-04T18:49:43
315964815,455000,18094,12,12,362,362,0,0,124,124,124,124,0,0,102,1915,226,124,12,0,0,0,0,0,102,0,0,0,231,12,0,1980-01-06T03:00:15,1633362596.421572,2021-10-04T18:49:56
315964843,418000,46143,37,37,1088,1088,0,0,365,365,365,365,0,0,321,1954,686,365,37,0,0,0,0,0,321,0,0,0,227,12,0,1980-01-06T03:00:43,1633362623.4306319,2021-10-04T18:50:23
315964856,281000,59164,49,49,1441,1441,0,0,485,485,485,485,0,0,422,1963,907,485,49,0,0,0,0,0,422,0,0,0,87,12,0,1980-01-06T03:00:56,1633362636.312625,2021-10-04T18:50:36
315964870,419000,73193,62,62,1843,1843,0,0,625,625,625,625,0,0,531,1963,1156,625,62,0,0,0,0,0,531,0,0,0,213,12,0,1980-01-06T03:01:10,1633362649.3107119,2021-10-04T18:50:49
315964883,279000,86212,74,74,2218,2218,0,0,756,756,756,756,0,0,632,1963,1388,756,74,0,0,0,0,0,632,0,0,0,75,12,0,1980-01-06T03:01:23,1633362661.7416809,2021-10-04T18:51:01
315964896,446000,99235,85,85,2588,2588,0,0,885,885,885,885,0,0,733,1963,1618,885,85,0,0,0,0,0,733,0,0,0,191,12,0,1980-01-06T03:01:36,1633362674.670637,2021-10-04T18:51:14
315964909,294000,112247,97,97,2963,2963,0,0,1016,1016,1016,1016,0,0,834,1963,1850,1016,97,0,0,0,0,0,834,0,0,0,53,12,0,1980-01-06T03:01:49,1633362687.7204049,2021-10-04T18:51:27
315964923,420000,126261,110,110,3364,3364,0,0,1156,1156,1156,1156,0,0,942,1963,2098,1156,110,0,0,0,0,0,942,0,0,0,179,12,0,1980-01-06T03:02:03,1633362700.730448,2021-10-04T18:51:40
315964937,244000,140282,122,122,3764,3764,0,0,1296,1296,1296,1296,0,0,1050,1963,2346,1296,122,0,0,0,0,0,1050,0,0,0,49,12,0,1980-01-06T03:02:17,1633362716.500277,2021-10-04T18:51:56
315964950,408000,153297,134,134,4135,4135,0,0,1425,1425,1425,1425,0,0,1151,1966,2576,1425,134,0,0,0,0,0,1151,0,0,0,168,12,0,1980-01-06T03:02:30,1633362730.049716,2021-10-04T18:52:10
315964964,240000,167328,147,147,4536,4536,0,0,1565,1565,1565,1565,0,0,1259,1997,2824,1565,147,0,0,0,0,0,1259,0,0,0,69,12,0,1980-01-06T03:02:44,1633362743.0200999,2021-10-04T18:52:23
315964978,374000,181348,159,159,4936,4936,0,0,1705,1705,1705,1705,0,0,1367,2076,3072,1705,159,0,0,0,0,0,1367,0,0,0,18,12,0,1980-01-06T03:02:58,1633362756.0095599,2021-10-04T18:52:36
315964991,228000,194366,171,171,5310,5310,0,0,1836,1836,1836,1836,0,0,1467,2149,3303,1836,171,0,0,0,0,0,1467,0,0,0,209,12,0,1980-01-06T03:03:11,1633362771.620893,2021-10-04T18:52:51
315965006,988000,208382,184,184,5711,5711,0,0,1976,1976,1976,1976,0,0,1575,2222,3551,1976,184,0,0,0,0,0,1575,0,0,0,152,12,0,1980-01-06T03:03:26,1633362786.7009208,2021-10-04T18:53:06
315965023,346000,224411,198,198,6168,6168,0,0,2136,2136,2136,2136,0,0,1698,2289,3834,2136,198,0,0,0,0,0,1698,0,0,0,107,12,0,1980-01-06T03:03:43,1633362800.239136,2021-10-04T18:53:20
315965037,414000,238439,211,211,6569,6569,0,0,2276,2276,2276,2276,0,0,1806,2356,4082,2276,211,0,0,0,0,0,1806,0,0,0,44,12,0,1980-01-06T03:03:57,1633362813.778949,2021-10-04T18:53:33
315965053,408000,254469,225,225,7026,7026,0,0,2436,2436,2436,2436,0,0,1929,2409,4365,2436,225,0,0,0,0,0,1929,0,0,0,241,12,0,1980-01-06T03:04:13,1633362828.839293,2021-10-04T18:53:48
315965066,506000,267490,237,237,7395,7395,0,0,2565,2565,2565,2565,0,0,2028,2442,4593,2565,237,0,0,0,0,0,2028,0,0,0,136,12,0,1980-01-06T03:04:26,1633362846.468968,2021-10-04T18:54:06
315965084,414000,285512,253,253,7910,7910,0,0,2745,2745,2745,2745,0,0,2167,2455,4912,2745,253,0,0,0,0,0,2167,0,0,0,55,12,0,1980-01-06T03:04:44,1633362861.429368,2021-10-04T18:54:21
315965130,650000,331595,295,295,9227,9227,0,0,3205,3205,3205,3205,0,0,2522,2457,5727,3205,295,0,0,0,0,0,2522,0,0,0,215,12,0,1980-01-06T03:05:30,1633362908.2588398,2021-10-04T18:55:08
315965187,583000,388688,346,346,10861,10861,0,0,3776,3776,3776,3776,0,0,2963,2457,6739,3776,346,0,0,0,0,0,2963,0,0,0,215,12,0,1980-01-06T03:06:27,1633362965.566748,2021-10-04T18:56:05
315965239,759000,440796,393,393,12351,12351,0,0,4296,4296,4296,4296,0,0,3366,2666,7662,4296,393,0,0,0,0,0,3366,0,0,0,124,12,0,1980-01-06T03:07:19,1633363015.7466679,2021-10-04T18:56:55
315965328,724000,529979,474,474,14903,14903,0,0,5187,5187,5187,5187,0,0,4055,2733,9242,5187,474,0,0,0,0,0,4055,0,0,0,225,12,0,1980-01-06T03:08:48,1633363108.1849809,2021-10-04T18:58:28
315965361,92000,562117,503,503,15763,15763,0,0,5478,5478,5478,5478,0,0,4304,2877,9782,5478,503,0,0,0,0,0,4304,0,0,0,116,12,0,1980-01-06T03:09:21,1633363140.0339968,2021-10-04T18:59:00
315965379,18000,580153,519,519,16229,16229,0,0,5633,5633,5633,5633,0,0,4444,2980,10077,5633,519,0,0,0,0,0,4444,0,0,0,100,12,0,1980-01-06T03:09:39,1633363155.5926368,2021-10-04T18:59:15
315965392,139000,593185,531,531,16586,16586,0,0,5755,5755,5755,5755,0,0,4545,3020,10300,5755,531,0,0,0,0,0,4545,0,0,0,249,12,0,1980-01-06T03:09:52,1633363168.543161,2021-10-04T18:59:28
315965409,83000,610212,546,546,17072,17072,0,0,5925,5925,5925,5924,0,0,4676,3057,10601,5925,546,0,0,0,0,0,4676,0,0,0,182,12,0,1980-01-06T03:10:09,1633363188.162137,2021-10-04T18:59:48
315965424,113000,625236,560,560,17499,17499,0,0,6073,6073,6073,6073,0,0,4793,3089,10866,6073,560,0,0,0,0,0,4793,0,0,0,92,12,0,1980-01-06T03:10:24,1633363201.1421049,2021-10-04T19:00:01
315965441,82000,642274,575,575,17990,17990,0,0,6245,6245,6245,6245,0,0,4925,3091,11170,6245,575,0,0,0,0,0,4925,0,0,0,248,12,0,1980-01-06T03:10:41,1633363219.471741,2021-10-04T19:00:19
315965459,134000,660310,591,591,18503,18503,0,0,6424,6424,6424,6424,0,0,5064,3093,11488,6424,591,0,0,0,0,0,5064,0,0,0,156,12,0,1980-01-06T03:10:59,1633363236.471916,2021-10-04T19:00:36
315965494,26000,695382,623,623,19504,19504,0,0,6773,6773,6773,6773,0,0,5335,3097,12108,6773,623,0,0,0,0,0,5335,0,0,0,218,12,0,1980-01-06T03:11:34,1633363273.1708848,2021-10-04T19:01:13
315965512,291000,713417,639,639,20019,20019,0,0,6953,6953,6953,6953,0,0,5474,3097,12427,6953,639,0,0,0,0,0,5474,0,0,0,124,12,0,1980-01-06T03:11:52,1633363290.1620889,2021-10-04T19:01:30
315965530,215000,731453,655,655,20534,20534,0,0,7133,7133,7133,7133,0,0,5613,3097,12746,7133,655,0,0,0,0,0,5613,0,0,0,30,12,0,1980-01-06T03:12:10,1633363307.690724,2021-10-04T19:01:47
315965550,366000,751493,674,674,21108,21108,0,0,7333,7333,7333,7333,0,0,5768,3097,13101,7333,674,0,0,0,0,0,5768,0,0,0,210,12,0,1980-01-06T03:12:30,1633363330.001744,2021-10-04T19:02:10
315965566,376000,767532,688,688,21566,21566,0,0,7493,7493,7493,7493,0,0,5892,3097,13385,7493,688,0,0,0,0,0,5892,0,0,0,98,12,0,1980-01-06T03:12:46,1633363344.9899929,2021-10-04T19:02:24
315965584,300000,785568,704,704,22081,22081,0,0,7673,7673,7673,7673,0,0,6031,3098,13704,7673,704,0,0,0,0,0,6031,0,0,0,5,12,0,1980-01-06T03:13:04,1633363362.5410519,2021-10-04T19:02:42
