time_s,time_us,time_steady,deg,vdda,vbat,seq,srcSystem,srcComponent,time_gregorian,log_timestamp,log_timestamp_gregorian
315965011,486000,211471,31.758241653442383,3.2929999828338623,2.996190309524536,215,11,0,1980-01-06T03:03:31,1633357252.744736,2021-10-04T17:20:52
315965019,985000,219970,30.293041229248047,3.2929999828338623,2.997802257537842,175,11,0,1980-01-06T03:03:39,1633357262.7752209,2021-10-04T17:21:02
315965029,698000,229683,26.77655601501465,3.2929999828338623,3.0106959342956543,168,11,0,1980-01-06T03:03:49,1633357271.3249838,2021-10-04T17:21:11
315965038,202000,238186,24.72527503967285,3.2929999828338623,2.9945785999298096,129,11,0,1980-01-06T03:03:58,1633357281.375525,2021-10-04T17:21:21
315965047,923000,247898,23.846153259277344,3.2929999828338623,3.0026373863220215,121,11,0,1980-01-06T03:04:07,1633357289.4052489,2021-10-04T17:21:29
315965056,433000,256400,22.380952835083008,3.2929999828338623,2.9945785999298096,83,11,0,1980-01-06T03:04:16,1633357300.025292,2021-10-04T17:21:40
315965066,159000,266116,21.5018310546875,3.2929999828338623,2.992967128753662,74,11,0,1980-01-06T03:04:26,1633357308.0351489,2021-10-04T17:21:48
315965074,666000,274614,20.91575050354004,3.2929999828338623,2.9913551807403564,36,11,0,1980-01-06T03:04:34,1633357318.055296,2021-10-04T17:21:58
315965084,390000,284329,20.329669952392578,3.2929999828338623,3.0058608055114746,27,11,0,1980-01-06T03:04:44,1633357326.005684,2021-10-04T17:22:06
315965094,116000,294045,19.743589401245117,3.2929999828338623,2.992967128753662,20,11,0,1980-01-06T03:04:54,1633357336.6255288,2021-10-04T17:22:16
315965101,407000,301328,20.03662872314453,3.2929999828338623,2.997802257537842,207,11,0,1980-01-06T03:05:01,1633357344.5859568,2021-10-04T17:22:24
315965111,134000,311046,19.157508850097656,3.2929999828338623,2.9913551807403564,198,11,0,1980-01-06T03:05:11,1633357352.6064079,2021-10-04T17:22:32
315965120,857000,320759,19.157508850097656,3.2929999828338623,2.98974347114563,191,11,0,1980-01-06T03:05:20,1633357363.165616,2021-10-04T17:22:43
315965129,367000,329260,18.571428298950195,3.2929999828338623,2.9913551807403564,151,11,0,1980-01-06T03:05:29,1633357371.1257489,2021-10-04T17:22:51
315965139,90000,338973,18.86446762084961,3.2929999828338623,2.9945785999298096,143,11,0,1980-01-06T03:05:39,1633357381.2160928,2021-10-04T17:23:01
315965148,815000,348689,17.985347747802734,3.2929999828338623,2.9865200519561768,136,11,0,1980-01-06T03:05:48,1633357389.736193,2021-10-04T17:23:09
315965157,325000,357191,17.692306518554688,3.2929999828338623,2.9881317615509033,96,11,0,1980-01-06T03:05:57,1633357399.7858489,2021-10-04T17:23:19
315965165,833000,365690,17.106225967407227,3.2929999828338623,2.9913551807403564,58,11,0,1980-01-06T03:06:05,1633357407.786581,2021-10-04T17:23:27
315965175,559000,375407,16.22710609436035,3.2929999828338623,2.992967128753662,51,11,0,1980-01-06T03:06:15,1633357418.516425,2021-10-04T17:23:38
315965185,284000,385121,15.347984313964844,3.2929999828338623,2.9881317615509033,42,11,0,1980-01-06T03:06:25,1633357426.508044,2021-10-04T17:23:46
315965193,792000,393621,15.641024589538574,3.2929999828338623,2.9945785999298096,4,11,0,1980-01-06T03:06:33,1633357436.496516,2021-10-04T17:23:56
315965203,516000,403336,15.347984313964844,3.2950000762939453,2.98974347114563,252,11,0,1980-01-06T03:06:43,1633357445.09658,2021-10-04T17:24:05
315965212,25000,411835,14.761903762817383,3.2929999828338623,2.9849085807800293,212,11,0,1980-01-06T03:06:52,1633357455.149633,2021-10-04T17:24:15
315965221,748000,421549,14.761903762817383,3.2929999828338623,2.9913551807403564,205,11,0,1980-01-06T03:07:01,1633357463.716073,2021-10-04T17:24:23
315965231,477000,431269,14.175823211669922,3.2929999828338623,2.9865200519561768,196,11,0,1980-01-06T03:07:11,1633357473.778805,2021-10-04T17:24:33
315965239,988000,439770,13.589742660522461,3.2929999828338623,2.9832966327667236,158,11,0,1980-01-06T03:07:19,1633357481.776177,2021-10-04T17:24:41
315965258,225000,457990,12.124541282653809,3.2929999828338623,2.9832966327667236,111,11,0,1980-01-06T03:07:38,1633357500.498836,2021-10-04T17:25:00
315965267,601000,467357,12.124541282653809,3.2929999828338623,2.978461503982544,95,11,0,1980-01-06T03:07:47,1633357510.596396,2021-10-04T17:25:10
315965276,756000,476502,13.003662109375,3.2950000762939453,2.9913551807403564,73,11,0,1980-01-06T03:07:56,1633357519.1077008,2021-10-04T17:25:19
315965286,934000,486670,13.589742660522461,3.2929999828338623,2.981684923171997,75,11,0,1980-01-06T03:08:06,1633357529.1068928,2021-10-04T17:25:29
315965295,78000,494806,14.175823211669922,3.2929999828338623,2.9913551807403564,19,11,0,1980-01-06T03:08:15,1633357537.1667209,2021-10-04T17:25:37
315965314,416000,514125,14.468863487243652,3.2929999828338623,2.9913551807403564,0,11,0,1980-01-06T03:08:34,1633357556.4265559,2021-10-04T17:25:56
315965332,727000,532418,14.761903762817383,3.2929999828338623,3.0026373863220215,213,11,0,1980-01-06T03:08:52,1633357574.4671478,2021-10-04T17:26:14
315965342,905000,542585,14.468863487243652,3.2929999828338623,2.9849085807800293,217,11,0,1980-01-06T03:09:02,1633357585.1869009,2021-10-04T17:26:25
315965351,46000,550718,14.761903762817383,3.2929999828338623,2.9849085807800293,161,11,0,1980-01-06T03:09:11,1633357593.216696,2021-10-04T17:26:33
315965360,202000,559865,14.468863487243652,3.2929999828338623,2.9832966327667236,136,11,0,1980-01-06T03:09:20,1633357601.247788,2021-10-04T17:26:41
315965370,380000,570033,14.175823211669922,3.2950000762939453,2.981684923171997,140,11,0,1980-01-06T03:09:30,1633357611.936681,2021-10-04T17:26:51
315965379,537000,579181,14.468863487243652,3.2929999828338623,2.9832966327667236,118,11,0,1980-01-06T03:09:39,1633357619.96656,2021-10-04T17:26:59
315965387,676000,587312,13.882782936096191,3.2929999828338623,2.98974347114563,70,11,0,1980-01-06T03:09:47,1633357630.0185409,2021-10-04T17:27:10
315965397,851000,597477,14.175823211669922,3.2929999828338623,2.9832966327667236,75,11,0,1980-01-06T03:09:57,1633357641.3269448,2021-10-04T17:27:21
315965407,10000,606626,13.882782936096191,3.2929999828338623,2.9881317615509033,47,11,0,1980-01-06T03:10:07,1633357648.7466679,2021-10-04T17:27:28
315965415,150000,614759,13.589742660522461,3.2929999828338623,2.9832966327667236,250,11,0,1980-01-06T03:10:15,1633357656.747565,2021-10-04T17:27:36
315965424,306000,623905,13.29670238494873,3.2929999828338623,2.9832966327667236,228,11,0,1980-01-06T03:10:24,1633357667.4267719,2021-10-04T17:27:47
315965434,485000,634074,13.003662109375,3.2929999828338623,2.9832966327667236,232,11,0,1980-01-06T03:10:34,1633357675.4377449,2021-10-04T17:27:55
315965443,641000,643221,13.29670238494873,3.2909998893737793,2.9832966327667236,210,11,0,1980-01-06T03:10:43,1633357685.456744,2021-10-04T17:28:05
315965452,800000,652371,13.003662109375,3.2929999828338623,2.9832966327667236,189,11,0,1980-01-06T03:10:52,1633357694.016748,2021-10-04T17:28:14
315965471,114000,670666,11.831501007080078,3.2929999828338623,2.9832966327667236,134,11,0,1980-01-06T03:11:11,1633357712.107048,2021-10-04T17:28:32
315965480,270000,679814,11.831501007080078,3.2929999828338623,2.9865200519561768,112,11,0,1980-01-06T03:11:20,1633357722.7680478,2021-10-04T17:28:42
315965489,428000,688963,11.538460731506348,3.2929999828338623,2.9832966327667236,90,11,0,1980-01-06T03:11:29,1633357730.7485929,2021-10-04T17:28:50
315965499,605000,699130,11.831501007080078,3.2950000762939453,2.9832966327667236,94,11,0,1980-01-06T03:11:39,1633357741.387272,2021-10-04T17:29:01
315965507,745000,707261,11.245420455932617,3.2929999828338623,2.9832966327667236,46,11,0,1980-01-06T03:11:47,1633357749.4681199,2021-10-04T17:29:09
315965517,921000,717428,10.952380180358887,3.2929999828338623,2.981684923171997,50,11,0,1980-01-06T03:11:57,1633357760.1388118,2021-10-04T17:29:20
315965527,80000,726576,11.538460731506348,3.2929999828338623,2.981684923171997,19,11,0,1980-01-06T03:12:07,1633357768.129024,2021-10-04T17:29:28
315965536,233000,735721,11.245420455932617,3.2929999828338623,2.9768497943878174,251,11,0,1980-01-06T03:12:16,1633357778.287588,2021-10-04T17:29:38
315965545,392000,744870,10.659339904785156,3.2929999828338623,2.9800732135772705,229,11,0,1980-01-06T03:12:25,1633357786.887593,2021-10-04T17:29:46
315965554,554000,754023,10.366299629211426,3.2929999828338623,2.978461503982544,207,11,0,1980-01-06T03:12:34,1633357797.0469449,2021-10-04T17:29:57
315965563,711000,763171,9.487178802490234,3.2929999828338623,2.981684923171997,185,11,0,1980-01-06T03:12:43,1633357805.058729,2021-10-04T17:30:05
315965573,886000,773336,9.487178802490234,3.2929999828338623,2.981684923171997,190,11,0,1980-01-06T03:12:53,1633357816.3672478,2021-10-04T17:30:16
315965582,27000,781470,9.487178802490234,3.2929999828338623,2.9768497943878174,135,11,0,1980-01-06T03:13:02,1633357823.8172479,2021-10-04T17:30:23
315965591,186000,790619,9.194138526916504,3.2929999828338623,2.9768497943878174,109,11,0,1980-01-06T03:13:11,1633357834.667093,2021-10-04T17:30:34
315965601,360000,800782,9.487178802490234,3.2929999828338623,2.975238084793091,113,11,0,1980-01-06T03:13:21,1633357842.7191448,2021-10-04T17:30:42
315965610,523000,809936,8.608057975769043,3.2929999828338623,2.975238084793091,91,11,0,1980-01-06T03:13:30,1633357850.707545,2021-10-04T17:30:50
315965618,666000,818072,8.021977424621582,3.2929999828338623,2.9768497943878174,43,11,0,1980-01-06T03:13:38,1633357861.3972769,2021-10-04T17:31:01
315965628,844000,828239,7.435896396636963,3.2929999828338623,2.9736263751983643,47,11,0,1980-01-06T03:13:48,1633357872.0870209,2021-10-04T17:31:12
315965638,7000,837393,6.5567755699157715,3.2909998893737793,2.9800732135772705,20,11,0,1980-01-06T03:13:58,1633357879.5470169,2021-10-04T17:31:19
315965646,147000,845524,6.263735294342041,3.2929999828338623,2.981684923171997,222,11,0,1980-01-06T03:14:06,1633357887.487196,2021-10-04T17:31:27
315965656,327000,855695,6.5567755699157715,3.2929999828338623,2.975238084793091,226,11,0,1980-01-06T03:14:16,1633357898.197717,2021-10-04T17:31:38
315965665,481000,864839,6.5567755699157715,3.2929999828338623,2.9768497943878174,204,11,0,1980-01-06T03:14:25,1633357906.8269958,2021-10-04T17:31:46
315965674,637000,873987,5.9706950187683105,3.2929999828338623,2.9800732135772705,182,11,0,1980-01-06T03:14:34,1633357916.9289289,2021-10-04T17:31:56
315965684,817000,884157,5.38461446762085,3.2929999828338623,2.975238084793091,186,11,0,1980-01-06T03:14:44,1633357925.4769719,2021-10-04T17:32:05
315965693,975000,893305,5.38461446762085,3.2929999828338623,2.9800732135772705,160,11,0,1980-01-06T03:14:53,1633357935.577656,2021-10-04T17:32:15
315965703,129000,902451,5.67765474319458,3.2929999828338623,2.978461503982544,130,11,0,1980-01-06T03:15:03,1633357943.607264,2021-10-04T17:32:23
315965712,290000,911602,4.798533916473389,3.2950000762939453,2.9768497943878174,109,11,0,1980-01-06T03:15:12,1633357954.3072798,2021-10-04T17:32:34
315965720,425000,919729,4.505493640899658,3.2950000762939453,2.975238084793091,61,11,0,1980-01-06T03:15:20,1633357961.777173,2021-10-04T17:32:41
315965729,582000,928877,4.2124528884887695,3.2929999828338623,2.9768497943878174,39,11,0,1980-01-06T03:15:29,1633357972.5176198,2021-10-04T17:32:52
315965739,764000,939048,3.6263725757598877,3.2929999828338623,2.9832966327667236,43,11,0,1980-01-06T03:15:39,1633357980.567229,2021-10-04T17:33:00
315965747,906000,947182,3.0402917861938477,3.2950000762939453,2.9736263751983643,251,11,0,1980-01-06T03:15:47,1633357987.9771369,2021-10-04T17:33:07
315965758,85000,957352,3.0402917861938477,3.2929999828338623,2.9736263751983643,246,11,0,1980-01-06T03:15:58,1633357999.3173048,2021-10-04T17:33:19
315965767,245000,966503,2.4542112350463867,3.2929999828338623,2.9736263751983643,223,11,0,1980-01-06T03:16:07,1633358009.419441,2021-10-04T17:33:29
315965776,401000,975649,1.8681306838989258,3.2929999828338623,2.9800732135772705,201,11,0,1980-01-06T03:16:16,1633358017.407009,2021-10-04T17:33:37
315965784,544000,983784,1.2820501327514648,3.2929999828338623,2.9736263751983643,153,11,0,1980-01-06T03:16:24,1633358028.067288,2021-10-04T17:33:48
315965794,719000,993949,1.5750904083251953,3.2909998893737793,2.9849085807800293,157,11,0,1980-01-06T03:16:34,1633358036.626852,2021-10-04T17:33:56
315965803,883000,1003104,1.2820501327514648,3.2929999828338623,2.9736263751983643,135,11,0,1980-01-06T03:16:43,1633358044.0181448,2021-10-04T17:34:04
315965813,43000,1012255,0.6959694623947144,3.2929999828338623,2.9736263751983643,105,11,0,1980-01-06T03:16:53,1633358054.787344,2021-10-04T17:34:14
315965822,199000,1021402,0.4029291570186615,3.2929999828338623,2.9720144271850586,80,11,0,1980-01-06T03:17:02,1633358062.837777,2021-10-04T17:34:22
315965831,360000,1030553,-0.1831514537334442,3.2929999828338623,2.9832966327667236,58,11,0,1980-01-06T03:17:11,1633358073.0266838,2021-10-04T17:34:33
315965840,517000,1039701,-0.1831514537334442,3.2929999828338623,2.9720144271850586,36,11,0,1980-01-06T03:17:20,1633358081.617153,2021-10-04T17:34:41
315965850,693000,1049867,-0.47619175910949707,3.2929999828338623,2.981684923171997,40,11,0,1980-01-06T03:17:30,1633358092.327584,2021-10-04T17:34:52
315965858,835000,1058001,-0.47619175910949707,3.2929999828338623,2.978461503982544,248,11,0,1980-01-06T03:17:38,1633358099.7168489,2021-10-04T17:34:59
315965869,14000,1068170,-1.062272310256958,3.2929999828338623,2.9800732135772705,246,11,0,1980-01-06T03:17:49,1633358110.4770849,2021-10-04T17:35:10
315965878,172000,1077319,-1.6483529806137085,3.2929999828338623,2.9687912464141846,219,11,0,1980-01-06T03:17:58,1633358119.0567238,2021-10-04T17:35:19
315965889,366000,1088502,-1.941393256187439,3.2929999828338623,2.970402956008911,250,11,0,1980-01-06T03:18:09,1633358131.1667,2021-10-04T17:35:31
315965898,525000,1097651,-2.234433650970459,3.2929999828338623,2.9849085807800293,228,11,0,1980-01-06T03:18:18,1633358139.798745,2021-10-04T17:35:39
315965908,698000,1107815,-2.82051420211792,3.2929999828338623,2.9832966327667236,232,11,0,1980-01-06T03:18:28,1633358150.0167198,2021-10-04T17:35:50
315965917,854000,1116962,-3.406594753265381,3.2929999828338623,2.970402956008911,210,11,0,1980-01-06T03:18:37,1633358158.096801,2021-10-04T17:35:58
315965925,996000,1125095,-3.406594753265381,3.2929999828338623,2.970402956008911,157,11,0,1980-01-06T03:18:45,1633358168.256672,2021-10-04T17:36:08
315965937,188000,1136276,-3.992675304412842,3.2929999828338623,2.9687912464141846,181,11,0,1980-01-06T03:18:57,1633358177.556777,2021-10-04T17:36:17
315965947,365000,1146443,-4.578755855560303,3.2929999828338623,2.9720144271850586,186,11,0,1980-01-06T03:19:07,1633358189.666772,2021-10-04T17:36:29
315965957,545000,1156612,-5.457877159118652,3.2929999828338623,2.967179298400879,190,11,0,1980-01-06T03:19:17,1633358197.6868129,2021-10-04T17:36:37
315965965,684000,1164744,-5.750917434692383,3.2929999828338623,2.970402956008911,142,11,0,1980-01-06T03:19:25,1633358208.456804,2021-10-04T17:36:48
315965974,843000,1173893,-6.043957710266113,3.2929999828338623,2.967179298400879,120,11,0,1980-01-06T03:19:34,1633358215.856637,2021-10-04T17:36:55
315965985,22000,1184063,-6.630038261413574,3.2929999828338623,2.967179298400879,117,11,0,1980-01-06T03:19:45,1633358228.5367079,2021-10-04T17:37:08
315965996,216000,1195246,-7.216118812561035,3.2929999828338623,2.967179298400879,142,11,0,1980-01-06T03:19:56,1633358237.1568239,2021-10-04T17:37:17
315966003,915000,1202940,-7.509159088134766,3.2929999828338623,2.9655678272247314,66,11,0,1980-01-06T03:20:03,1633358246.7268438,2021-10-04T17:37:26
315966014,469000,1213486,-7.802199363708496,3.2929999828338623,2.9832966327667236,71,11,0,1980-01-06T03:20:14,1633358255.406345,2021-10-04T17:37:35
315966024,644000,1223649,-8.095239639282227,3.2909998893737793,2.963955879211426,75,11,0,1980-01-06T03:20:24,1633358266.147032,2021-10-04T17:37:46
315966033,803000,1232799,-8.974360466003418,3.2929999828338623,2.962344169616699,53,11,0,1980-01-06T03:20:33,1633358276.0786679,2021-10-04T17:37:56
315966043,979000,1242965,-8.681320190429688,3.2929999828338623,2.967179298400879,53,11,0,1980-01-06T03:20:43,1633358286.986253,2021-10-04T17:38:06
315966054,156000,1253132,-9.267400741577148,3.2929999828338623,2.981684923171997,50,11,0,1980-01-06T03:20:54,1633358295.046336,2021-10-04T17:38:15
315966063,316000,1262284,-9.85348129272461,3.2929999828338623,2.963955879211426,28,11,0,1980-01-06T03:21:03,1633358305.286917,2021-10-04T17:38:25
315966072,473000,1271432,-10.14652156829834,3.2929999828338623,2.963955879211426,7,11,0,1980-01-06T03:21:12,1633358313.947429,2021-10-04T17:38:33
315966082,650000,1281598,-10.43956184387207,3.2929999828338623,2.962344169616699,11,11,0,1980-01-06T03:21:22,1633358324.22666,2021-10-04T17:38:44
315966090,792000,1289732,-10.43956184387207,3.2929999828338623,2.962344169616699,219,11,0,1980-01-06T03:21:30,1633358332.316488,2021-10-04T17:38:52
315966099,951000,1298881,-10.7326021194458,3.2929999828338623,2.962344169616699,194,11,0,1980-01-06T03:21:39,1633358340.3775408,2021-10-04T17:39:00
315966109,112000,1308034,-11.318682670593262,3.2929999828338623,2.962344169616699,163,11,0,1980-01-06T03:21:49,1633358351.206517,2021-10-04T17:39:11
315966118,271000,1317184,-12.78388500213623,3.2929999828338623,2.959120750427246,141,11,0,1980-01-06T03:21:58,1633358358.696641,2021-10-04T17:39:18
315966128,445000,1327348,-12.78388500213623,3.2929999828338623,2.9832966327667236,146,11,0,1980-01-06T03:22:08,1633358369.396301,2021-10-04T17:39:29
315966137,608000,1336502,-13.369965553283691,3.2929999828338623,2.959120750427246,124,11,0,1980-01-06T03:22:17,1633358378.016785,2021-10-04T17:39:38
315966145,749000,1344634,-13.956046104431152,3.2929999828338623,2.9881317615509033,76,11,0,1980-01-06T03:22:25,1633358388.2461329,2021-10-04T17:39:48
315966155,923000,1354798,-14.249086380004883,3.2929999828338623,2.9945785999298096,79,11,0,1980-01-06T03:22:35,1633358396.3060079,2021-10-04T17:39:56
315966166,97000,1364963,-14.835166931152344,3.2929999828338623,3.0252015590667725,73,11,0,1980-01-06T03:22:46,1633358407.1461198,2021-10-04T17:40:07
315966174,240000,1373097,-15.128207206726074,3.2909998893737793,2.981684923171997,25,11,0,1980-01-06T03:22:54,1633358415.176609,2021-10-04T17:40:15
315966184,199000,1383046,-16.30036735534668,3.2929999828338623,3.0090842247009277,23,11,0,1980-01-06T03:23:04,1633358425.39618,2021-10-04T17:40:25
315966192,713000,1391551,-16.30036735534668,3.2929999828338623,2.9865200519561768,241,11,0,1980-01-06T03:23:12,1633358434.036252,2021-10-04T17:40:34
315966201,227000,1400057,-16.593408584594727,3.2929999828338623,2.959120750427246,201,11,0,1980-01-06T03:23:21,1633358443.7385888,2021-10-04T17:40:43
315966210,955000,1409775,-16.88644790649414,3.2929999828338623,2.959120750427246,193,11,0,1980-01-06T03:23:30,1633358452.416133,2021-10-04T17:40:52
315966221,900000,1420709,-17.179489135742188,3.2909998893737793,3.02681303024292,217,11,0,1980-01-06T03:23:41,1633358463.225884,2021-10-04T17:41:03
315966230,415000,1429216,-17.76556968688965,3.2909998893737793,2.9575090408325195,178,11,0,1980-01-06T03:23:50,1633358471.316285,2021-10-04T17:41:11
315966240,149000,1438940,-18.644691467285156,3.2929999828338623,2.952674150466919,170,11,0,1980-01-06T03:24:00,1633358481.596657,2021-10-04T17:41:21
315966249,718000,1448500,-18.93773078918457,3.2929999828338623,3.0590474605560303,158,11,0,1980-01-06T03:24:09,1633358490.316037,2021-10-04T17:41:30
315966258,800000,1457572,-19.816852569580078,3.2929999828338623,2.9510622024536133,136,11,0,1980-01-06T03:24:18,1633358500.547597,2021-10-04T17:41:40
315966267,926000,1466689,-20.109891891479492,3.2929999828338623,3.038095235824585,113,11,0,1980-01-06T03:24:27,1633358508.6162128,2021-10-04T17:41:48
315966278,55000,1476809,-21.282052993774414,3.2929999828338623,2.9510622024536133,107,11,0,1980-01-06T03:24:38,1633358519.547065,2021-10-04T17:41:59
315966286,157000,1484903,-21.282052993774414,3.2929999828338623,3.030036687850952,55,11,0,1980-01-06T03:24:46,1633358527.7155879,2021-10-04T17:42:07
315966295,317000,1494053,-21.868133544921875,3.2929999828338623,2.9542856216430664,33,11,0,1980-01-06T03:24:55,1633358535.796308,2021-10-04T17:42:15
315966304,452000,1503180,-22.454214096069336,3.2909998893737793,3.1767032146453857,11,11,0,1980-01-06T03:25:04,1633358546.086,2021-10-04T17:42:26
315966313,604000,1512323,-23.040294647216797,3.2929999828338623,3.175091505050659,245,11,0,1980-01-06T03:25:13,1633358554.245857,2021-10-04T17:42:34
315966322,760000,1521469,-23.626375198364258,3.2909998893737793,3.1509158611297607,224,11,0,1980-01-06T03:25:22,1633358565.135776,2021-10-04T17:42:45
315966332,919000,1531617,-23.919416427612305,3.2929999828338623,3.197655439376831,227,11,0,1980-01-06T03:25:32,1633358573.256188,2021-10-04T17:42:53
315966341,36000,1539727,-24.21245574951172,3.2929999828338623,2.94783878326416,171,11,0,1980-01-06T03:25:41,1633358583.0365689,2021-10-04T17:43:03
315966350,390000,1549072,-24.21245574951172,3.2929999828338623,2.9494504928588867,149,11,0,1980-01-06T03:25:50,1633358591.715744,2021-10-04T17:43:11
315966360,625000,1559297,-24.21245574951172,3.2929999828338623,2.94783878326416,153,11,0,1980-01-06T03:26:00,1633358601.9063609,2021-10-04T17:43:21
315966367,929000,1566593,-24.505496978759766,3.2909998893737793,3.2073259353637695,83,11,0,1980-01-06T03:26:07,1633358609.395876,2021-10-04T17:43:29
315966377,6000,1575660,-24.79853630065918,3.2909998893737793,3.1928203105926514,52,11,0,1980-01-06T03:26:17,1633358617.5065129,2021-10-04T17:43:37
315966386,343000,1584989,-24.79853630065918,3.2909998893737793,3.1767032146453857,32,11,0,1980-01-06T03:26:26,1633358627.756196,2021-10-04T17:43:47
315966394,467000,1593105,-25.091577529907227,3.2909998893737793,3.179926633834839,240,11,0,1980-01-06T03:26:34,1633358635.8561249,2021-10-04T17:43:55
315966405,660000,1604286,-25.38461685180664,3.2929999828338623,3.179926633834839,14,11,0,1980-01-06T03:26:45,1633358646.716001,2021-10-04T17:44:06
315966414,818000,1613436,-25.677658081054688,3.2909998893737793,3.1476922035217285,249,11,0,1980-01-06T03:26:54,1633358654.806537,2021-10-04T17:44:14
315966422,961000,1621570,-26.26373863220215,3.2929999828338623,2.944615364074707,198,11,0,1980-01-06T03:27:02,1633358665.13676,2021-10-04T17:44:25
315966432,119000,1630719,-26.556779861450195,3.2909998893737793,3.1654210090637207,168,11,0,1980-01-06T03:27:12,1633358673.3058078,2021-10-04T17:44:33
315966441,279000,1639869,-26.26373863220215,3.2929999828338623,2.944615364074707,146,11,0,1980-01-06T03:27:21,1633358681.415953,2021-10-04T17:44:41
315966450,440000,1649022,-27.142860412597656,3.2909998893737793,3.146080732345581,124,11,0,1980-01-06T03:27:30,1633358691.775936,2021-10-04T17:44:51
315966459,597000,1658169,-27.142860412597656,3.2909998893737793,3.1960439682006836,102,11,0,1980-01-06T03:27:39,1633358699.875589,2021-10-04T17:44:59
315966468,755000,1667318,-27.728940963745117,3.2909998893737793,3.1928203105926514,80,11,0,1980-01-06T03:27:48,1633358710.186185,2021-10-04T17:45:10
315966477,917000,1676471,-28.315021514892578,3.2909998893737793,3.2041025161743164,57,11,0,1980-01-06T03:27:57,1633358718.935961,2021-10-04T17:45:18
315966487,75000,1685620,-28.608060836791992,3.2929999828338623,2.9430036544799805,27,11,0,1980-01-06T03:28:07,1633358728.6469998,2021-10-04T17:45:28
315966496,234000,1694770,-28.90110206604004,3.2909998893737793,3.171868085861206,3,11,0,1980-01-06T03:28:16,1633358737.335837,2021-10-04T17:45:37
315966506,410000,1704936,-29.194141387939453,3.2929999828338623,2.944615364074707,7,11,0,1980-01-06T03:28:26,1633358747.626673,2021-10-04T17:45:47
315966514,556000,1713074,-29.194141387939453,3.2929999828338623,2.941391944885254,215,11,0,1980-01-06T03:28:34,1633358755.746592,2021-10-04T17:45:55
315966523,713000,1722221,-29.194141387939453,3.2929999828338623,2.9430036544799805,193,11,0,1980-01-06T03:28:43,1633358763.276185,2021-10-04T17:46:03
315966532,867000,1731367,-28.90110206604004,3.2909998893737793,3.157362461090088,172,11,0,1980-01-06T03:28:52,1633358776.085609,2021-10-04T17:46:16
315966543,43000,1741532,-29.194141387939453,3.2929999828338623,2.941391944885254,168,11,0,1980-01-06T03:29:03,1633358783.6154199,2021-10-04T17:46:23
315966552,199000,1750679,-28.90110206604004,3.2929999828338623,2.941391944885254,142,11,0,1980-01-06T03:29:12,1633358793.9559078,2021-10-04T17:46:33
315966561,355000,1759826,-28.315021514892578,3.2929999828338623,3.186373710632324,120,11,0,1980-01-06T03:29:21,1633358802.634013,2021-10-04T17:46:42
315966570,511000,1768973,-28.315021514892578,3.2929999828338623,2.944615364074707,98,11,0,1980-01-06T03:29:30,1633358810.18342,2021-10-04T17:46:50
315966580,686000,1779138,-28.02198028564453,3.2909998893737793,3.1960439682006836,102,11,0,1980-01-06T03:29:40,1633358821.092804,2021-10-04T17:47:01
315966589,841000,1788284,-27.728940963745117,3.2929999828338623,2.9462270736694336,80,11,0,1980-01-06T03:29:49,1633358832.0332398,2021-10-04T17:47:12
315966597,984000,1796419,-27.728940963745117,3.2929999828338623,3.220219850540161,27,11,0,1980-01-06T03:29:57,1633358838.942432,2021-10-04T17:47:18
315966607,143000,1805568,-27.728940963745117,3.2929999828338623,2.94783878326416,255,11,0,1980-01-06T03:30:07,1633358847.6314929,2021-10-04T17:47:27
315966616,301000,1814717,-27.728940963745117,3.2929999828338623,2.9462270736694336,233,11,0,1980-01-06T03:30:16,1633358857.9510279,2021-10-04T17:47:37
315966624,439000,1822847,-27.728940963745117,3.2929999828338623,2.94783878326416,185,11,0,1980-01-06T03:30:24,1633358865.4902608,2021-10-04T17:47:45
315966633,596000,1831995,-27.142860412597656,3.2929999828338623,2.94783878326416,163,11,0,1980-01-06T03:30:33,1633358873.6801999,2021-10-04T17:47:53
315966642,757000,1841147,-27.142860412597656,3.2929999828338623,3.1992673873901367,141,11,0,1980-01-06T03:30:42,1633358884.641425,2021-10-04T17:48:04
315966651,915000,1850296,-27.43589973449707,3.2929999828338623,3.1638095378875732,118,11,0,1980-01-06T03:30:51,1633358892.169009,2021-10-04T17:48:12
315966661,70000,1859442,-27.43589973449707,3.2929999828338623,3.1815383434295654,88,11,0,1980-01-06T03:31:01,1633358902.529897,2021-10-04T17:48:22
315966671,237000,1869598,-27.728940963745117,3.2909998893737793,3.1283514499664307,90,11,0,1980-01-06T03:31:11,1633358911.277909,2021-10-04T17:48:31
315966680,394000,1878746,-28.02198028564453,3.2909998893737793,3.1928203105926514,68,11,0,1980-01-06T03:31:20,1633358921.5973809,2021-10-04T17:48:41
315966689,549000,1887893,-28.02198028564453,3.2929999828338623,3.183150291442871,46,11,0,1980-01-06T03:31:29,1633358929.7869248,2021-10-04T17:48:49
315966698,710000,1897044,-27.728940963745117,3.2950000762939453,2.944615364074707,24,11,0,1980-01-06T03:31:38,1633358940.0872009,2021-10-04T17:49:00
315966706,845000,1905171,-27.728940963745117,3.2929999828338623,3.112234354019165,232,11,0,1980-01-06T03:31:46,1633358947.626529,2021-10-04T17:49:07
315966717,23000,1915339,-27.728940963745117,3.2929999828338623,2.944615364074707,230,11,0,1980-01-06T03:31:57,1633358956.3256729,2021-10-04T17:49:16
315966726,177000,1924485,-27.728940963745117,3.2909998893737793,3.216996192932129,203,11,0,1980-01-06T03:32:06,1633358966.745813,2021-10-04T17:49:26
315966734,315000,1932614,-27.142860412597656,3.2929999828338623,3.1847617626190186,155,11,0,1980-01-06T03:32:14,1633358976.785917,2021-10-04T17:49:36
315966745,509000,1943797,-26.84981918334961,3.2929999828338623,2.9430036544799805,185,11,0,1980-01-06T03:32:25,1633358987.094565,2021-10-04T17:49:47
315966755,679000,1953957,-26.556779861450195,3.2929999828338623,3.1847617626190186,189,11,0,1980-01-06T03:32:35,1633358995.8937519,2021-10-04T17:49:55
315966763,824000,1962093,-26.556779861450195,3.2929999828338623,2.9430036544799805,141,11,0,1980-01-06T03:32:43,1633359006.183621,2021-10-04T17:50:06
315966774,0,1972260,-26.556779861450195,3.2929999828338623,2.94783878326416,140,11,0,1980-01-06T03:32:54,1633359014.4036329,2021-10-04T17:50:14
315966783,155000,1981406,-26.84981918334961,3.2929999828338623,2.9430036544799805,113,11,0,1980-01-06T03:33:03,1633359024.8033729,2021-10-04T17:50:24
315966791,293000,1989535,-26.84981918334961,3.2929999828338623,3.179926633834839,65,11,0,1980-01-06T03:33:11,1633359032.362205,2021-10-04T17:50:32
315966801,463000,1999695,-27.142860412597656,3.2929999828338623,2.944615364074707,69,11,0,1980-01-06T03:33:21,1633359041.101961,2021-10-04T17:50:41
315966810,623000,2008846,-26.556779861450195,3.2929999828338623,3.1621978282928467,47,11,0,1980-01-06T03:33:30,1633359051.3420808,2021-10-04T17:50:51
315966818,760000,2016975,-26.84981918334961,3.2929999828338623,3.1170694828033447,255,11,0,1980-01-06T03:33:38,1633359058.871096,2021-10-04T17:50:58
315966827,918000,2026124,-26.84981918334961,3.2929999828338623,2.944615364074707,232,11,0,1980-01-06T03:33:47,1633359069.192505,2021-10-04T17:51:09
315966837,75000,2035272,-26.556779861450195,3.2929999828338623,2.94783878326416,201,11,0,1980-01-06T03:33:57,1633359077.9107568,2021-10-04T17:51:17
315966846,233000,2044421,-26.556779861450195,3.2929999828338623,2.94783878326416,178,11,0,1980-01-06T03:34:06,1633359085.450409,2021-10-04T17:51:25
315966856,408000,2054585,-26.556779861450195,3.2929999828338623,3.208937644958496,182,11,0,1980-01-06T03:34:16,1633359096.40048,2021-10-04T17:51:36
315966875,736000,2073894,-26.26373863220215,3.2929999828338623,3.1992673873901367,164,11,0,1980-01-06T03:34:35,1633359116.7295249,2021-10-04T17:51:56
315966884,895000,2083045,-25.9706974029541,3.2929999828338623,3.1960439682006836,142,11,0,1980-01-06T03:34:44,1633359125.39908,2021-10-04T17:52:05
315966895,66000,2093206,-25.9706974029541,3.2929999828338623,3.1734797954559326,136,11,0,1980-01-06T03:34:55,1633359135.7181969,2021-10-04T17:52:15
315966903,202000,2101333,-26.556779861450195,3.2929999828338623,3.171868085861206,86,11,0,1980-01-06T03:35:03,1633359145.167948,2021-10-04T17:52:25
315966914,389000,2112509,-26.556779861450195,3.2929999828338623,2.9494504928588867,117,11,0,1980-01-06T03:35:14,1633359155.4396079,2021-10-04T17:52:35
315966923,543000,2121653,-26.26373863220215,3.2929999828338623,3.131575107574463,95,11,0,1980-01-06T03:35:23,1633359164.1971688,2021-10-04T17:52:44
315966932,701000,2130803,-26.26373863220215,3.2929999828338623,2.94783878326416,73,11,0,1980-01-06T03:35:32,1633359171.787528,2021-10-04T17:52:51
315966942,872000,2140964,-26.556779861450195,3.2929999828338623,3.1331865787506104,77,11,0,1980-01-06T03:35:42,1633359182.707752,2021-10-04T17:53:02
315966951,10000,2149094,-26.26373863220215,3.2929999828338623,2.9494504928588867,23,11,0,1980-01-06T03:35:51,1633359190.7967448,2021-10-04T17:53:10
315966959,147000,2157223,-26.26373863220215,3.2929999828338623,2.94783878326416,225,11,0,1980-01-06T03:35:59,1633359200.5160248,2021-10-04T17:53:20
315966968,307000,2166374,-26.26373863220215,3.2909998893737793,3.1960439682006836,204,11,0,1980-01-06T03:36:08,1633359209.196117,2021-10-04T17:53:29
315966978,478000,2176534,-25.9706974029541,3.2929999828338623,3.1702563762664795,208,11,0,1980-01-06T03:36:18,1633359219.5065439,2021-10-04T17:53:39
315966986,614000,2184662,-25.677658081054688,3.2929999828338623,3.1960439682006836,160,11,0,1980-01-06T03:36:26,1633359226.996696,2021-10-04T17:53:46
315966995,770000,2193809,-25.677658081054688,3.2929999828338623,2.9494504928588867,138,11,0,1980-01-06T03:36:35,1633359235.155493,2021-10-04T17:53:55
315967005,947000,2203976,-25.677658081054688,3.2929999828338623,2.944615364074707,139,11,0,1980-01-06T03:36:45,1633359246.0049958,2021-10-04T17:54:06
315967014,88000,2212110,-25.38461685180664,3.2929999828338623,2.944615364074707,83,11,0,1980-01-06T03:36:54,1633359253.5047998,2021-10-04T17:54:13
315967023,467000,2221479,-25.091577529907227,3.2929999828338623,3.146080732345581,66,11,0,1980-01-06T03:37:03,1633359263.895412,2021-10-04T17:54:23
315967032,622000,2230625,-25.677658081054688,3.2929999828338623,2.9462270736694336,44,11,0,1980-01-06T03:37:12,1633359272.6436648,2021-10-04T17:54:32
315967041,776000,2239769,-25.38461685180664,3.2929999828338623,2.9462270736694336,22,11,0,1980-01-06T03:37:21,1633359282.3744118,2021-10-04T17:54:42
315967050,930000,2248915,-25.38461685180664,3.2909998893737793,3.186373710632324,254,11,0,1980-01-06T03:37:30,1633359291.065532,2021-10-04T17:54:51
315967060,88000,2258064,-25.38461685180664,3.2929999828338623,2.9494504928588867,223,11,0,1980-01-06T03:37:40,1633359301.4035158,2021-10-04T17:55:01
315967068,223000,2266191,-25.677658081054688,3.2909998893737793,3.168644666671753,174,11,0,1980-01-06T03:37:48,1633359308.8933718,2021-10-04T17:55:08
315967077,363000,2275322,-25.677658081054688,3.2909998893737793,3.138021945953369,152,11,0,1980-01-06T03:37:57,1633359316.9827008,2021-10-04T17:55:16
315967087,533000,2285482,-25.38461685180664,3.2929999828338623,3.186373710632324,157,11,0,1980-01-06T03:38:07,1633359327.922116,2021-10-04T17:55:27
315967095,670000,2293610,-25.677658081054688,3.2929999828338623,3.149303913116455,109,11,0,1980-01-06T03:38:15,1633359335.4435608,2021-10-04T17:55:35
315967104,823000,2302754,-25.38461685180664,3.2950000762939453,2.9462270736694336,87,11,0,1980-01-06T03:38:24,1633359346.3716688,2021-10-04T17:55:46
315967113,972000,2311894,-25.677658081054688,3.2929999828338623,2.94783878326416,61,11,0,1980-01-06T03:38:33,1633359354.451388,2021-10-04T17:55:54
315967123,129000,2321042,-25.091577529907227,3.2950000762939453,2.94783878326416,31,11,0,1980-01-06T03:38:43,1633359362.001585,2021-10-04T17:56:02
315967132,278000,2330183,-25.38461685180664,3.2950000762939453,2.94783878326416,9,11,0,1980-01-06T03:38:52,1633359372.871017,2021-10-04T17:56:12
315967141,436000,2339331,-25.677658081054688,3.2929999828338623,2.9494504928588867,243,11,0,1980-01-06T03:39:01,1633359380.941393,2021-10-04T17:56:20
315967149,565000,2347452,-25.38461685180664,3.2950000762939453,2.9494504928588867,196,11,0,1980-01-06T03:39:09,1633359390.71042,2021-10-04T17:56:30
315967158,717000,2356594,-25.091577529907227,3.2909998893737793,3.1783151626586914,174,11,0,1980-01-06T03:39:18,1633359398.8226,2021-10-04T17:56:38
315967167,869000,2365738,-24.79853630065918,3.2950000762939453,2.9462270736694336,152,11,0,1980-01-06T03:39:27,1633359409.730484,2021-10-04T17:56:49
315967177,244000,2375104,-24.505496978759766,3.2880001068115234,3.2379486560821533,133,11,0,1980-01-06T03:39:37,1633359417.230437,2021-10-04T17:56:57
315967185,822000,2383672,-24.505496978759766,3.2929999828338623,2.9510622024536133,96,11,0,1980-01-06T03:39:45,1633359425.350328,2021-10-04T17:57:05
315967196,192000,2394033,-24.21245574951172,3.2909998893737793,3.186373710632324,105,11,0,1980-01-06T03:39:56,1633359436.350088,2021-10-04T17:57:16
315967203,778000,2401613,-24.21245574951172,3.2909998893737793,3.191208839416504,35,11,0,1980-01-06T03:40:03,1633359443.879269,2021-10-04T17:57:23
315967213,940000,2411768,-24.505496978759766,3.2909998893737793,3.149303913116455,22,11,0,1980-01-06T03:40:13,1633359454.809265,2021-10-04T17:57:34
315967223,329000,2421148,-24.505496978759766,3.2929999828338623,3.1879851818084717,5,11,0,1980-01-06T03:40:23,1633359462.9695768,2021-10-04T17:57:42
315967231,891000,2429701,-24.505496978759766,3.2929999828338623,2.9510622024536133,224,11,0,1980-01-06T03:40:31,1633359473.3293529,2021-10-04T17:57:53
315967240,861000,2438662,-23.919416427612305,3.2909998893737793,3.2041025161743164,197,11,0,1980-01-06T03:40:40,1633359481.458245,2021-10-04T17:58:01
315967250,222000,2448014,-23.919416427612305,3.2929999828338623,2.9462270736694336,179,11,0,1980-01-06T03:40:50,1633359491.798672,2021-10-04T17:58:11
315967259,373000,2457156,-23.626375198364258,3.2909998893737793,3.1670329570770264,157,11,0,1980-01-06T03:40:59,1633359499.277957,2021-10-04T17:58:19
315967266,480000,2464256,-23.626375198364258,3.2909998893737793,3.1654210090637207,83,11,0,1980-01-06T03:41:06,1633359507.358028,2021-10-04T17:58:27
315967277,505000,2475270,-23.626375198364258,3.2909998893737793,3.152527332305908,105,11,0,1980-01-06T03:41:17,1633359517.667465,2021-10-04T17:58:37
315967285,276000,2483033,-23.040294647216797,3.2929999828338623,3.171868085861206,44,11,0,1980-01-06T03:41:25,1633359525.208776,2021-10-04T17:58:45
315967293,808000,2491557,-23.626375198364258,3.2929999828338623,2.9494504928588867,7,11,0,1980-01-06T03:41:33,1633359533.2672088,2021-10-04T17:58:53
315967303,978000,2501716,-23.626375198364258,3.2909998893737793,3.1476922035217285,6,11,0,1980-01-06T03:41:43,1633359544.216948,2021-10-04T17:59:04
315967312,108000,2509839,-23.626375198364258,3.2929999828338623,3.168644666671753,206,11,0,1980-01-06T03:41:52,1633359551.7770128,2021-10-04T17:59:11
315967321,243000,2518965,-23.626375198364258,3.2909998893737793,3.1847617626190186,184,11,0,1980-01-06T03:42:01,1633359562.686641,2021-10-04T17:59:22
315967331,378000,2529090,-23.626375198364258,3.2909998893737793,3.183150291442871,188,11,0,1980-01-06T03:42:11,1633359570.867981,2021-10-04T17:59:30
315967339,934000,2537637,-23.919416427612305,3.2929999828338623,2.9510622024536133,149,11,0,1980-01-06T03:42:19,1633359580.5969288,2021-10-04T17:59:40
315967349,71000,2546765,-23.919416427612305,3.2909998893737793,3.138021945953369,118,11,0,1980-01-06T03:42:29,1633359588.6860929,2021-10-04T17:59:48
315967359,220000,2556903,-23.626375198364258,3.2929999828338623,2.9494504928588867,120,11,0,1980-01-06T03:42:39,1633359599.606724,2021-10-04T17:59:59
315967376,440000,2574107,-23.333335876464844,3.2929999828338623,2.9510622024536133,50,11,0,1980-01-06T03:42:56,1633359615.216012,2021-10-04T18:00:15
315967385,575000,2583233,-23.040294647216797,3.2909998893737793,3.2153847217559814,28,11,0,1980-01-06T03:43:05,1633359626.15516,2021-10-04T18:00:26
315967393,685000,2591335,-22.747255325317383,3.2909998893737793,3.1960439682006836,237,11,0,1980-01-06T03:43:13,1633359633.636185,2021-10-04T18:00:33
315967404,53000,2601693,-23.040294647216797,3.2909998893737793,3.175091505050659,243,11,0,1980-01-06T03:43:24,1633359644.535476,2021-10-04T18:00:44
315967413,186000,2610816,-22.747255325317383,3.2909998893737793,3.191208839416504,218,11,0,1980-01-06T03:43:33,1633359652.65546,2021-10-04T18:00:52
315967420,736000,2618359,-22.454214096069336,3.2929999828338623,2.952674150466919,154,11,0,1980-01-06T03:43:40,1633359662.915621,2021-10-04T18:01:02
315967430,883000,2628497,-22.747255325317383,3.2909998893737793,3.2073259353637695,159,11,0,1980-01-06T03:43:50,1633359670.994884,2021-10-04T18:01:10
315967440,21000,2637624,-22.454214096069336,3.2929999828338623,2.9510622024536133,129,11,0,1980-01-06T03:44:00,1633359679.114264,2021-10-04T18:01:19
315967448,136000,2645732,-22.747255325317383,3.2909998893737793,3.1557507514953613,75,11,0,1980-01-06T03:44:08,1633359688.834137,2021-10-04T18:01:28
315967457,702000,2655289,-23.040294647216797,3.2909998893737793,3.171868085861206,63,11,0,1980-01-06T03:44:17,1633359697.5441759,2021-10-04T18:01:37
315967467,693000,2665269,-23.333335876464844,3.2929999828338623,2.9494504928588867,58,11,0,1980-01-06T03:44:27,1633359707.8939369,2021-10-04T18:01:47
315967476,469000,2674037,-22.454214096069336,3.2909998893737793,3.1734797954559326,25,11,0,1980-01-06T03:44:36,1633359715.9634879,2021-10-04T18:01:55
315967485,592000,2683151,-22.454214096069336,3.2929999828338623,2.952674150466919,3,11,0,1980-01-06T03:44:45,1633359726.884141,2021-10-04T18:02:06
315967495,713000,2693262,-22.161174774169922,3.2909998893737793,3.1783151626586914,7,11,0,1980-01-06T03:44:55,1633359734.964036,2021-10-04T18:02:14
315967503,818000,2701359,-21.57509422302246,3.2929999828338623,2.9510622024536133,216,11,0,1980-01-06T03:45:03,1633359745.203593,2021-10-04T18:02:25
315967512,946000,2710478,-21.57509422302246,3.2909998893737793,3.191208839416504,191,11,0,1980-01-06T03:45:12,1633359752.773344,2021-10-04T18:02:32
315967522,83000,2719606,-21.868133544921875,3.2929999828338623,2.9510622024536133,160,11,0,1980-01-06T03:45:22,1633359761.512964,2021-10-04T18:02:41
315967531,451000,2728964,-20.695972442626953,3.2909998893737793,3.2073259353637695,141,11,0,1980-01-06T03:45:31,1633359771.892665,2021-10-04T18:02:51
315967539,580000,2737085,-21.282052993774414,3.2929999828338623,3.1960439682006836,93,11,0,1980-01-06T03:45:39,1633359779.3923519,2021-10-04T18:02:59
315967548,696000,2746192,-21.282052993774414,3.2950000762939453,2.9494504928588867,71,11,0,1980-01-06T03:45:48,1633359789.7830958,2021-10-04T18:03:09
315967558,15000,2755503,-21.57509422302246,3.2909998893737793,3.1734797954559326,54,11,0,1980-01-06T03:45:58,1633359797.862329,2021-10-04T18:03:17
315967568,369000,2765846,-21.868133544921875,3.2929999828338623,2.9510622024536133,58,11,0,1980-01-06T03:46:08,1633359808.743396,2021-10-04T18:03:28
315967576,933000,2774401,-21.57509422302246,3.2929999828338623,3.160585880279541,18,11,0,1980-01-06T03:46:16,1633359816.841768,2021-10-04T18:03:36
315967586,294000,2783753,-20.989013671875,3.2929999828338623,2.9510622024536133,254,11,0,1980-01-06T03:46:26,1633359824.971928,2021-10-04T18:03:44
315967594,389000,2791840,-20.989013671875,3.2929999828338623,3.205714225769043,206,11,0,1980-01-06T03:46:34,1633359834.651589,2021-10-04T18:03:54
315967603,485000,2800927,-20.989013671875,3.2929999828338623,3.157362461090088,184,11,0,1980-01-06T03:46:43,1633359843.311657,2021-10-04T18:04:03
315967613,489000,2810921,-21.282052993774414,3.2909998893737793,3.1670329570770264,180,11,0,1980-01-06T03:46:53,1633359853.641165,2021-10-04T18:04:13
315967621,212000,2818636,-21.57509422302246,3.2929999828338623,3.1638095378875732,119,11,0,1980-01-06T03:47:01,1633359861.1413329,2021-10-04T18:04:21
315967631,799000,2829213,-21.282052993774414,3.2950000762939453,2.9494504928588867,133,11,0,1980-01-06T03:47:11,1633359871.9612799,2021-10-04T18:04:31
315967640,910000,2838315,-21.282052993774414,3.2909998893737793,3.2266666889190674,111,11,0,1980-01-06T03:47:20,1633359880.04108,2021-10-04T18:04:40
315967649,239000,2846635,-20.989013671875,3.2929999828338623,2.9542856216430664,66,11,0,1980-01-06T03:47:29,1633359888.110545,2021-10-04T18:04:48
315967658,546000,2855934,-20.989013671875,3.2929999828338623,3.149303913116455,49,11,0,1980-01-06T03:47:38,1633359898.4415998,2021-10-04T18:04:58
315967667,73000,2864452,-20.695972442626953,3.2909998893737793,3.2105495929718018,10,11,0,1980-01-06T03:47:47,1633359906.590889,2021-10-04T18:05:06
315967677,61000,2874431,-20.695972442626953,3.2909998893737793,3.205714225769043,9,11,0,1980-01-06T03:47:57,1633359916.810837,2021-10-04T18:05:16
315967686,31000,2883392,-20.695972442626953,3.2929999828338623,3.160585880279541,234,11,0,1980-01-06T03:48:06,1633359924.921185,2021-10-04T18:05:24
315967695,206000,2892557,-20.695972442626953,3.2929999828338623,2.952674150466919,210,11,0,1980-01-06T03:48:15,1633359935.810113,2021-10-04T18:05:35
315967703,567000,2900910,-20.695972442626953,3.2929999828338623,3.2008790969848633,166,11,0,1980-01-06T03:48:23,1633359943.3198678,2021-10-04T18:05:43
315967712,723000,2910057,-20.109891891479492,3.2950000762939453,2.955897331237793,143,11,0,1980-01-06T03:48:32,1633359951.420708,2021-10-04T18:05:51
315967721,442000,2918767,-20.109891891479492,3.2929999828338623,3.213772773742676,110,11,0,1980-01-06T03:48:41,1633359961.730324,2021-10-04T18:06:01
315967730,984000,2928300,-19.816852569580078,3.2929999828338623,3.1783151626586914,92,11,0,1980-01-06T03:48:50,1633359969.959385,2021-10-04T18:06:09
315967741,71000,2938377,-19.816852569580078,3.2909998893737793,3.208937644958496,87,11,0,1980-01-06T03:49:01,1633359980.819761,2021-10-04T18:06:20
315967749,366000,2946663,-20.109891891479492,3.2909998893737793,3.2008790969848633,39,11,0,1980-01-06T03:49:09,1633359989.60922,2021-10-04T18:06:29
315967758,94000,2955383,-20.40293312072754,3.2929999828338623,2.9575090408325195,4,11,0,1980-01-06T03:49:18,1633359999.3091369,2021-10-04T18:06:39
315967768,677000,2965956,-20.40293312072754,3.2880001068115234,2.9607326984405518,17,11,0,1980-01-06T03:49:28,1633360007.469161,2021-10-04T18:06:47
315967777,431000,2974701,-20.40293312072754,3.2929999828338623,2.955897331237793,238,11,0,1980-01-06T03:49:37,1633360017.790957,2021-10-04T18:06:57
315967785,146000,2982408,-19.816852569580078,3.2909998893737793,3.154139280319214,180,11,0,1980-01-06T03:49:45,1633360025.329277,2021-10-04T18:07:05
315967793,881000,2991134,-20.109891891479492,3.2909998893737793,3.183150291442871,147,11,0,1980-01-06T03:49:53,1633360033.4490159,2021-10-04T18:07:13
315967803,66000,3000310,-19.816852569580078,3.2929999828338623,2.9542856216430664,124,11,0,1980-01-06T03:50:03,1633360044.3482769,2021-10-04T18:07:24
315967812,442000,3009677,-20.109891891479492,3.2929999828338623,3.1928203105926514,106,11,0,1980-01-06T03:50:12,1633360051.8587599,2021-10-04T18:07:31
315967821,590000,3018816,-20.109891891479492,3.2950000762939453,2.9575090408325195,84,11,0,1980-01-06T03:50:21,1633360062.118865,2021-10-04T18:07:42
315967831,146000,3028363,-19.52381134033203,3.2909998893737793,3.1895968914031982,73,11,0,1980-01-06T03:50:31,1633360071.3779569,2021-10-04T18:07:51
315967839,364000,3036572,-19.52381134033203,3.2909998893737793,2.9542856216430664,25,11,0,1980-01-06T03:50:39,1633360078.30828,2021-10-04T18:07:58
315967849,998000,3047196,-19.52381134033203,3.2929999828338623,2.9575090408325195,36,11,0,1980-01-06T03:50:49,1633360089.2681088,2021-10-04T18:08:09
315967858,191000,3055381,-18.93773078918457,3.2929999828338623,2.9575090408325195,244,11,0,1980-01-06T03:50:58,1633360097.347488,2021-10-04T18:08:17
315967867,351000,3064531,-18.93773078918457,3.2929999828338623,3.2008790969848633,222,11,0,1980-01-06T03:51:07,1633360107.1073039,2021-10-04T18:08:27
315967875,543000,3072716,-18.644691467285156,3.2909998893737793,3.216996192932129,172,11,0,1980-01-06T03:51:15,1633360115.2079759,2021-10-04T18:08:35
315967886,204000,3083366,-18.35165023803711,3.2929999828338623,3.179926633834839,184,11,0,1980-01-06T03:51:26,1633360126.0277169,2021-10-04T18:08:46
315967892,722000,3089878,-17.76556968688965,3.2929999828338623,3.205714225769043,94,11,0,1980-01-06T03:51:32,1633360133.5788689,2021-10-04T18:08:53
315967902,525000,3099671,-18.644691467285156,3.2929999828338623,2.955897331237793,86,11,0,1980-01-06T03:51:42,1633360141.6967878,2021-10-04T18:09:01
315967912,482000,3109618,-18.058610916137695,3.2909998893737793,3.1654210090637207,84,11,0,1980-01-06T03:51:52,1633360151.9567518,2021-10-04T18:09:11
315967921,848000,3118975,-17.76556968688965,3.2929999828338623,2.955897331237793,66,11,0,1980-01-06T03:52:01,1633360160.126937,2021-10-04T18:09:20
315967930,183000,3127302,-18.058610916137695,3.2929999828338623,2.9542856216430664,21,11,0,1980-01-06T03:52:10,1633360170.456696,2021-10-04T18:09:30
315967939,552000,3136662,-18.058610916137695,3.2909998893737793,3.212161064147949,4,11,0,1980-01-06T03:52:19,1633360178.4976158,2021-10-04T18:09:38
315967946,887000,3143989,-18.058610916137695,3.2929999828338623,2.955897331237793,190,11,0,1980-01-06T03:52:26,1633360185.996477,2021-10-04T18:09:45
315967957,886000,3154978,-18.35165023803711,3.2909998893737793,3.20249080657959,213,11,0,1980-01-06T03:52:37,1633360196.847013,2021-10-04T18:09:56
315967966,432000,3163515,-18.644691467285156,3.2929999828338623,2.9542856216430664,174,11,0,1980-01-06T03:52:46,1633360204.9261038,2021-10-04T18:10:04
315967974,998000,3172073,-18.644691467285156,3.2929999828338623,2.955897331237793,134,11,0,1980-01-06T03:52:54,1633360214.626636,2021-10-04T18:10:14
315967984,734000,3181798,-18.35165023803711,3.2909998893737793,3.175091505050659,127,11,0,1980-01-06T03:53:04,1633360223.346248,2021-10-04T18:10:23
315967993,261000,3190317,-18.35165023803711,3.2929999828338623,2.9510622024536133,87,11,0,1980-01-06T03:53:13,1633360233.616096,2021-10-04T18:10:33
315968001,795000,3198842,-18.35165023803711,3.2929999828338623,3.1767032146453857,49,11,0,1980-01-06T03:53:21,1633360241.0756319,2021-10-04T18:10:41
315968011,555000,3208593,-18.644691467285156,3.2929999828338623,2.955897331237793,41,11,0,1980-01-06T03:53:31,1633360251.936545,2021-10-04T18:10:51
315968021,287000,3218315,-18.644691467285156,3.2909998893737793,3.2041025161743164,32,11,0,1980-01-06T03:53:41,1633360260.656049,2021-10-04T18:11:00
315968029,805000,3226825,-18.35165023803711,3.2929999828338623,2.955897331237793,250,11,0,1980-01-06T03:53:49,1633360268.1252918,2021-10-04T18:11:08
315968038,318000,3235330,-18.058610916137695,3.2929999828338623,2.9575090408325195,210,11,0,1980-01-06T03:53:58,1633360278.4851,2021-10-04T18:11:18
315968048,48000,3245050,-18.058610916137695,3.2909998893737793,3.175091505050659,202,11,0,1980-01-06T03:54:08,1633360286.6554399,2021-10-04T18:11:26
315968056,558000,3253551,-17.76556968688965,3.2929999828338623,2.955897331237793,165,11,0,1980-01-06T03:54:16,1633360296.975533,2021-10-04T18:11:36
315968066,285000,3263269,-17.76556968688965,3.2909998893737793,3.1928203105926514,156,11,0,1980-01-06T03:54:26,1633360305.144908,2021-10-04T18:11:45
315968074,793000,3271769,-17.76556968688965,3.2929999828338623,2.9575090408325195,118,11,0,1980-01-06T03:54:34,1633360315.3852758,2021-10-04T18:11:55
315968083,305000,3280272,-17.179489135742188,3.2929999828338623,2.962344169616699,78,11,0,1980-01-06T03:54:43,1633360323.474941,2021-10-04T18:12:03
315968093,28000,3289986,-16.88644790649414,3.2950000762939453,2.9575090408325195,70,11,0,1980-01-06T03:54:53,1633360331.614248,2021-10-04T18:12:11
315968102,755000,3299703,-17.179489135742188,3.2929999828338623,3.194432258605957,63,11,0,1980-01-06T03:55:02,1633360342.5941758,2021-10-04T18:12:22
315968111,266000,3308205,-17.179489135742188,3.2909998893737793,3.2008790969848633,23,11,0,1980-01-06T03:55:11,1633360350.104056,2021-10-04T18:12:30
315968120,987000,3317917,-17.179489135742188,3.2929999828338623,3.1960439682006836,16,11,0,1980-01-06T03:55:20,1633360360.4238648,2021-10-04T18:12:40
315968129,499000,3326421,-16.88644790649414,3.2929999828338623,3.175091505050659,233,11,0,1980-01-06T03:55:29,1633360368.5442278,2021-10-04T18:12:48
315968139,224000,3336136,-16.88644790649414,3.2929999828338623,2.959120750427246,225,11,0,1980-01-06T03:55:39,1633360378.805276,2021-10-04T18:12:58
315968147,733000,3344636,-16.593408584594727,3.2909998893737793,3.1783151626586914,187,11,0,1980-01-06T03:55:47,1633360386.884629,2021-10-04T18:13:06
315968168,397000,3365280,-16.007328033447266,3.2929999828338623,2.9575090408325195,201,11,0,1980-01-06T03:56:08,1633360407.2434049,2021-10-04T18:13:27
315968176,903000,3373778,-16.30036735534668,3.2929999828338623,3.2153847217559814,163,11,0,1980-01-06T03:56:16,1633360415.923429,2021-10-04T18:13:35
315968187,845000,3384709,-15.714287757873535,3.2950000762939453,2.9607326984405518,187,11,0,1980-01-06T03:56:27,1633360426.8334,2021-10-04T18:13:46
315968195,136000,3391993,-15.714287757873535,3.2909998893737793,3.20249080657959,116,11,0,1980-01-06T03:56:35,1633360434.2632089,2021-10-04T18:13:54
315968204,863000,3401710,-15.421247482299805,3.2929999828338623,3.212161064147949,109,11,0,1980-01-06T03:56:44,1633360444.532996,2021-10-04T18:14:04
315968213,374000,3410212,-15.128207206726074,3.2929999828338623,3.179926633834839,69,11,0,1980-01-06T03:56:53,1633360452.632853,2021-10-04T18:14:12
315968221,883000,3418712,-15.128207206726074,3.2929999828338623,2.955897331237793,31,11,0,1980-01-06T03:57:01,1633360460.1326969,2021-10-04T18:14:20
315968231,608000,3428428,-15.128207206726074,3.2929999828338623,2.959120750427246,22,11,0,1980-01-06T03:57:11,1633360471.023149,2021-10-04T18:14:31
315968241,334000,3438145,-15.128207206726074,3.2950000762939453,2.9575090408325195,15,11,0,1980-01-06T03:57:21,1633360479.142773,2021-10-04T18:14:39
315968248,627000,3445431,-14.835166931152344,3.2929999828338623,2.959120750427246,202,11,0,1980-01-06T03:57:28,1633360488.7927358,2021-10-04T18:14:48
315968258,354000,3455148,-14.542126655578613,3.2909998893737793,3.1879851818084717,193,11,0,1980-01-06T03:57:38,1633360497.502552,2021-10-04T18:14:57
315968268,79000,3464863,-14.542126655578613,3.2929999828338623,3.2073259353637695,185,11,0,1980-01-06T03:57:48,1633360507.7222118,2021-10-04T18:15:07
315968276,591000,3473367,-14.249086380004883,3.2909998893737793,3.205714225769043,147,11,0,1980-01-06T03:57:56,1633360515.7719438,2021-10-04T18:15:15
315968286,318000,3483084,-13.663005828857422,3.2929999828338623,2.9575090408325195,138,11,0,1980-01-06T03:58:06,1633360526.083041,2021-10-04T18:15:26
315968294,826000,3491584,-13.369965553283691,3.2929999828338623,2.963955879211426,100,11,0,1980-01-06T03:58:14,1633360534.8222558,2021-10-04T18:15:34
315968303,337000,3500087,-13.076925277709961,3.2929999828338623,3.212161064147949,61,11,0,1980-01-06T03:58:23,1633360541.692184,2021-10-04T18:15:41
315968313,59000,3509799,-13.369965553283691,3.2929999828338623,3.2218313217163086,53,11,0,1980-01-06T03:58:33,1633360552.571852,2021-10-04T18:15:52
315968322,785000,3519516,-13.076925277709961,3.2929999828338623,2.962344169616699,46,11,0,1980-01-06T03:58:42,1633360560.681532,2021-10-04T18:16:00
315968330,79000,3526802,-13.076925277709961,3.2929999828338623,2.962344169616699,231,11,0,1980-01-06T03:58:50,1633360570.3421679,2021-10-04T18:16:10
315968339,803000,3536517,-12.78388500213623,3.2929999828338623,2.963955879211426,224,11,0,1980-01-06T03:58:59,1633360579.051316,2021-10-04T18:16:19
315968348,315000,3545020,-12.78388500213623,3.2929999828338623,2.962344169616699,184,11,0,1980-01-06T03:59:08,1633360589.3322399,2021-10-04T18:16:29
315968358,38000,3554733,-12.78388500213623,3.2909998893737793,3.2041025161743164,176,11,0,1980-01-06T03:59:18,1633360596.774801,2021-10-04T18:16:36
315968367,761000,3564447,-12.4908447265625,3.2929999828338623,2.9607326984405518,170,11,0,1980-01-06T03:59:27,1633360605.520905,2021-10-04T18:16:45
315968376,266000,3572944,-12.4908447265625,3.2909998893737793,3.2153847217559814,130,11,0,1980-01-06T03:59:36,1633360616.4311569,2021-10-04T18:16:56
315968385,991000,3582659,-12.4908447265625,3.2929999828338623,2.967179298400879,122,11,0,1980-01-06T03:59:45,1633360623.941253,2021-10-04T18:17:03
315968394,500000,3591160,-12.4908447265625,3.2909998893737793,3.2073259353637695,83,11,0,1980-01-06T03:59:54,1633360634.230501,2021-10-04T18:17:14
315968404,32000,3600683,-12.197803497314453,3.2929999828338623,3.2234432697296143,68,11,0,1980-01-06T04:00:04,1633360642.3804839,2021-10-04T18:17:22
315968412,237000,3608885,-11.904763221740723,3.2929999828338623,2.9655678272247314,3,11,0,1980-01-06T04:00:12,1633360652.6909769,2021-10-04T18:17:32
315968420,748000,3617387,-11.611722946166992,3.2909998893737793,3.2524542808532715,221,11,0,1980-01-06T04:00:20,1633360660.760401,2021-10-04T18:17:40
315968430,471000,3627101,-11.318682670593262,3.2929999828338623,2.962344169616699,212,11,0,1980-01-06T04:00:30,1633360668.800284,2021-10-04T18:17:48
315968438,978000,3635599,-11.318682670593262,3.2909998893737793,3.2041025161743164,174,11,0,1980-01-06T04:00:38,1633360678.470592,2021-10-04T18:17:58
315968447,487000,3644100,-11.025642395019531,3.2929999828338623,3.20249080657959,135,11,0,1980-01-06T04:00:47,1633360686.540256,2021-10-04T18:18:06
315968458,426000,3655028,-11.025642395019531,3.2909998893737793,3.208937644958496,158,11,0,1980-01-06T04:00:58,1633360698.000365,2021-10-04T18:18:18
315968466,929000,3663524,-11.025642395019531,3.2929999828338623,2.9655678272247314,119,11,0,1980-01-06T04:01:06,1633360705.469704,2021-10-04T18:18:25
315968475,438000,3672023,-10.7326021194458,3.2929999828338623,2.963955879211426,80,11,0,1980-01-06T04:01:15,1633360715.7905278,2021-10-04T18:18:35
315968485,157000,3681732,-10.43956184387207,3.2929999828338623,3.2186081409454346,72,11,0,1980-01-06T04:01:25,1633360723.909509,2021-10-04T18:18:43
315968493,666000,3690233,-10.14652156829834,3.2950000762939453,2.967179298400879,33,11,0,1980-01-06T04:01:33,1633360731.449332,2021-10-04T18:18:51
315968502,171000,3698730,-10.14652156829834,3.2909998893737793,3.213772773742676,250,11,0,1980-01-06T04:01:42,1633360741.721381,2021-10-04T18:19:01
315968511,895000,3708445,-9.85348129272461,3.2929999828338623,2.9687912464141846,243,11,0,1980-01-06T04:01:51,1633360750.34984,2021-10-04T18:19:10
315968520,400000,3716941,-9.85348129272461,3.2929999828338623,2.963955879211426,203,11,0,1980-01-06T04:02:00,1633360759.969873,2021-10-04T18:19:19
315968528,911000,3725444,-9.560441017150879,3.2929999828338623,2.9687912464141846,165,11,0,1980-01-06T04:02:08,1633360768.0488808,2021-10-04T18:19:28
315968538,636000,3735159,-9.560441017150879,3.2950000762939453,2.9655678272247314,157,11,0,1980-01-06T04:02:18,1633360778.8894398,2021-10-04T18:19:38
315968547,143000,3743657,-9.85348129272461,3.2929999828338623,3.0880584716796875,118,11,0,1980-01-06T04:02:27,1633360786.998673,2021-10-04T18:19:46
315968556,866000,3753371,-10.43956184387207,3.2929999828338623,2.9655678272247314,111,11,0,1980-01-06T04:02:36,1633360795.061048,2021-10-04T18:19:55
315968566,588000,3763083,-10.43956184387207,3.2929999828338623,3.083223342895508,102,11,0,1980-01-06T04:02:46,1633360805.328449,2021-10-04T18:20:05
315968573,878000,3770367,-11.025642395019531,3.2929999828338623,3.097728967666626,32,11,0,1980-01-06T04:02:53,1633360813.448544,2021-10-04T18:20:13
315968583,601000,3780079,-11.611722946166992,3.2929999828338623,2.963955879211426,24,11,0,1980-01-06T04:03:03,1633360823.6886609,2021-10-04T18:20:23
315968593,323000,3789792,-11.904763221740723,3.2929999828338623,2.963955879211426,16,11,0,1980-01-06T04:03:13,1633360831.7680888,2021-10-04T18:20:31
315968601,262000,3797723,-12.197803497314453,3.2929999828338623,2.962344169616699,182,11,0,1980-01-06T04:03:21,1633360839.270328,2021-10-04T18:20:39
315968610,856000,3807307,-12.78388500213623,3.2929999828338623,3.216996192932129,169,11,0,1980-01-06T04:03:30,1633360849.557852,2021-10-04T18:20:49
315968619,362000,3815805,-13.663005828857422,3.2909998893737793,3.120292901992798,130,11,0,1980-01-06T04:03:39,1633360857.6877089,2021-10-04T18:20:57
315968628,248000,3824682,-13.076925277709961,3.2950000762939453,2.962344169616699,46,11,0,1980-01-06T04:03:48,1633360867.488205,2021-10-04T18:21:07
315968638,360000,3834784,-13.663005828857422,3.2929999828338623,2.963955879211426,190,11,0,1980-01-06T04:03:58,1633360876.1882038,2021-10-04T18:21:16
315968647,301000,3843716,-14.249086380004883,3.2929999828338623,2.9607326984405518,61,11,0,1980-01-06T04:04:07,1633360886.558172,2021-10-04T18:21:26
315968656,329000,3852735,-15.421247482299805,3.2880001068115234,3.242784023284912,189,11,0,1980-01-06T04:04:16,1633360894.697492,2021-10-04T18:21:34
315968665,267000,3861664,-16.30036735534668,3.2909998893737793,2.962344169616699,60,11,0,1980-01-06T04:04:25,1633360902.817113,2021-10-04T18:21:42
315968674,208000,3870596,-17.76556968688965,3.2929999828338623,2.9655678272247314,187,11,0,1980-01-06T04:04:34,1633360913.108088,2021-10-04T18:21:53
315968683,378000,3879757,-18.644691467285156,3.2929999828338623,2.959120750427246,59,11,0,1980-01-06T04:04:43,1633360921.266888,2021-10-04T18:22:01
315968691,202000,3887573,-19.52381134033203,3.2929999828338623,2.9607326984405518,170,11,0,1980-01-06T04:04:51,1633360931.696792,2021-10-04T18:22:11
315968701,259000,3897620,-20.695972442626953,3.2880001068115234,3.316923141479492,58,11,0,1980-01-06T04:05:01,1633360939.81718,2021-10-04T18:22:19
315968710,198000,3906550,-21.868133544921875,3.2929999828338623,2.955897331237793,185,11,0,1980-01-06T04:05:10,1633360947.3967478,2021-10-04T18:22:27
315968720,256000,3916598,-22.454214096069336,3.2909998893737793,3.168644666671753,73,11,0,1980-01-06T04:05:20,1633360958.346592,2021-10-04T18:22:38
315968729,194000,3925528,-23.333335876464844,3.2929999828338623,2.9542856216430664,200,11,0,1980-01-06T04:05:29,1633360966.49698,2021-10-04T18:22:46
315968738,135000,3934460,-23.919416427612305,3.2909998893737793,3.075164794921875,72,11,0,1980-01-06T04:05:38,1633360976.8561928,2021-10-04T18:22:56
315968747,75000,3943391,-24.21245574951172,3.2909998893737793,3.0171430110931396,199,11,0,1980-01-06T04:05:47,1633360985.0061529,2021-10-04T18:23:05
315968756,15000,3952322,-24.79853630065918,3.2880001068115234,3.1783151626586914,70,11,0,1980-01-06T04:05:56,1633360995.986085,2021-10-04T18:23:15
315968764,954000,3961253,-25.091577529907227,3.2909998893737793,2.9687912464141846,198,11,0,1980-01-06T04:06:04,1633361003.576248,2021-10-04T18:23:23
315968773,885000,3970184,-25.677658081054688,3.2929999828338623,2.9510622024536133,70,11,0,1980-01-06T04:06:13,1633361014.0266168,2021-10-04T18:23:34
315968783,931000,3980230,-25.677658081054688,3.2929999828338623,3.1879851818084717,213,11,0,1980-01-06T04:06:23,1633361022.105861,2021-10-04T18:23:42
315968791,747000,3988047,-25.9706974029541,3.2909998893737793,3.3040292263031006,69,11,0,1980-01-06T04:06:31,1633361029.6568968,2021-10-04T18:23:49
315968801,347000,3997647,-26.26373863220215,3.2880001068115234,3.3233699798583984,194,11,0,1980-01-06T04:06:41,1633361040.606101,2021-10-04T18:24:00
315968811,981000,4008280,-26.26373863220215,3.2909998893737793,2.955897331237793,81,11,0,1980-01-06T04:06:51,1633361049.315657,2021-10-04T18:24:09
315968820,92000,4016392,-25.9706974029541,3.2929999828338623,2.955897331237793,190,11,0,1980-01-06T04:07:00,1633361059.6961088,2021-10-04T18:24:19
315968828,520000,4024819,-26.556779861450195,3.2909998893737793,3.2298898696899414,46,11,0,1980-01-06T04:07:08,1633361067.276989,2021-10-04T18:24:27
315968837,980000,4034280,-26.556779861450195,3.2929999828338623,2.9542856216430664,172,11,0,1980-01-06T04:07:17,1633361078.3062088,2021-10-04T18:24:38
315968846,910000,4043210,-27.142860412597656,3.2950000762939453,2.959120750427246,44,11,0,1980-01-06T04:07:26,1633361085.945284,2021-10-04T18:24:45
315968855,842000,4052142,-27.142860412597656,3.2909998893737793,2.952674150466919,172,11,0,1980-01-06T04:07:35,1633361094.135705,2021-10-04T18:24:54
315968866,66000,4062365,-27.142860412597656,3.2929999828338623,3.3088643550872803,58,11,0,1980-01-06T04:07:46,1633361104.516393,2021-10-04T18:25:04
315968874,995000,4071294,-27.142860412597656,3.2929999828338623,2.9542856216430664,185,11,0,1980-01-06T04:07:54,1633361112.6852849,2021-10-04T18:25:12
315968883,927000,4080226,-27.43589973449707,3.2950000762939453,3.0703296661376953,56,11,0,1980-01-06T04:08:03,1633361123.0755289,2021-10-04T18:25:23
315968892,858000,4089157,-27.728940963745117,3.2929999828338623,2.9575090408325195,184,11,0,1980-01-06T04:08:12,1633361131.2851279,2021-10-04T18:25:31
315968902,904000,4099203,-27.728940963745117,3.2880001068115234,3.2008790969848633,71,11,0,1980-01-06T04:08:22,1633361142.304764,2021-10-04T18:25:42
315968911,836000,4108135,-27.728940963745117,3.2909998893737793,3.157362461090088,199,11,0,1980-01-06T04:08:31,1633361150.5245888,2021-10-04T18:25:50
315968921,882000,4118181,-28.02198028564453,3.2909998893737793,2.952674150466919,86,11,0,1980-01-06T04:08:41,1633361160.896384,2021-10-04T18:26:00
315968930,812000,4127111,-28.02198028564453,3.2909998893737793,3.1960439682006836,214,11,0,1980-01-06T04:08:50,1633361169.594549,2021-10-04T18:26:09
315968939,740000,4136039,-28.02198028564453,3.2909998893737793,2.952674150466919,85,11,0,1980-01-06T04:08:59,1633361177.20472,2021-10-04T18:26:17
315968948,670000,4144969,-28.02198028564453,3.2909998893737793,2.952674150466919,212,11,0,1980-01-06T04:09:08,1633361187.64644,2021-10-04T18:26:27
315968957,600000,4153899,-28.608060836791992,3.2909998893737793,3.1847617626190186,84,11,0,1980-01-06T04:09:17,1633361196.404361,2021-10-04T18:26:36
315968967,646000,4163945,-28.315021514892578,3.2909998893737793,3.339487314224243,227,11,0,1980-01-06T04:09:27,1633361206.246469,2021-10-04T18:26:46
315968976,576000,4172875,-28.02198028564453,3.2950000762939453,2.9575090408325195,98,11,0,1980-01-06T04:09:36,1633361214.404188,2021-10-04T18:26:54
315968986,624000,4182923,-28.608060836791992,3.2880001068115234,3.3410987854003906,241,11,0,1980-01-06T04:09:46,1633361225.4241118,2021-10-04T18:27:05
315968995,554000,4191853,-28.608060836791992,3.2909998893737793,3.3314285278320312,112,11,0,1980-01-06T04:09:55,1633361233.6061969,2021-10-04T18:27:13
315969003,370000,4199669,-28.608060836791992,3.2929999828338623,2.9542856216430664,224,11,0,1980-01-06T04:10:03,1633361243.9749599,2021-10-04T18:27:23
315969013,418000,4209717,-28.90110206604004,3.2880001068115234,3.246007204055786,111,11,0,1980-01-06T04:10:13,1633361252.1039279,2021-10-04T18:27:32
315969021,232000,4217531,-28.90110206604004,3.2909998893737793,2.955897331237793,223,11,0,1980-01-06T04:10:21,1633361259.6244729,2021-10-04T18:27:39
315964806,453000,6454,11.831501007080078,3.2929999828338623,2.9865200519561768,98,11,0,1980-01-06T03:00:06,1633362583.994081,2021-10-04T18:49:43
315964814,754000,14747,11.831501007080078,3.2929999828338623,2.9881317615509033,54,11,0,1980-01-06T03:00:14,1633362591.991665,2021-10-04T18:49:51
315964834,192000,34167,12.71062183380127,3.299999952316284,2.962344169616699,39,11,0,1980-01-06T03:00:34,1633362612.0908449,2021-10-04T18:50:12
315964854,846000,54800,12.71062183380127,3.2929999828338623,2.9865200519561768,55,11,0,1980-01-06T03:00:54,1633362630.741077,2021-10-04T18:50:30
315964862,137000,62084,12.71062183380127,3.2929999828338623,2.9881317615509033,240,11,0,1980-01-06T03:01:02,1633362638.063164,2021-10-04T18:50:38
315964870,638000,70576,13.29670238494873,3.2929999828338623,2.9849085807800293,202,11,0,1980-01-06T03:01:10,1633362648.140492,2021-10-04T18:50:48
315964880,359000,80288,13.29670238494873,3.2950000762939453,3.08644700050354,194,11,0,1980-01-06T03:01:20,1633362656.0810199,2021-10-04T18:50:56
315964887,649000,87570,13.29670238494873,3.2929999828338623,2.9865200519561768,124,11,0,1980-01-06T03:01:27,1633362666.150296,2021-10-04T18:51:06
315964897,370000,97281,13.589742660522461,3.2929999828338623,3.0139193534851074,116,11,0,1980-01-06T03:01:37,1633362674.090644,2021-10-04T18:51:14
315964905,876000,105779,13.589742660522461,3.2929999828338623,2.9994137287139893,77,11,0,1980-01-06T03:01:45,1633362682.150405,2021-10-04T18:51:22
315964914,385000,114279,13.589742660522461,3.2950000762939453,2.9881317615509033,38,11,0,1980-01-06T03:01:54,1633362692.17998,2021-10-04T18:51:32
315964925,319000,125203,13.882782936096191,3.2929999828338623,2.9865200519561768,61,11,0,1980-01-06T03:02:05,1633362700.730448,2021-10-04T18:51:40
315964933,822000,133697,14.175823211669922,3.2929999828338623,3.0203661918640137,22,11,0,1980-01-06T03:02:13,1633362710.889781,2021-10-04T18:51:50
315964943,544000,143409,14.468863487243652,3.2929999828338623,2.9865200519561768,14,11,0,1980-01-06T03:02:23,1633362719.4701688,2021-10-04T18:51:59
315964954,480000,154335,14.468863487243652,3.2929999828338623,2.98974347114563,37,11,0,1980-01-06T03:02:34,1633362730.049716,2021-10-04T18:52:10
315964962,986000,162831,14.468863487243652,3.2929999828338623,2.9865200519561768,254,11,0,1980-01-06T03:02:42,1633362738.0001318,2021-10-04T18:52:18
315964971,493000,171330,15.347984313964844,3.2929999828338623,2.9881317615509033,216,11,0,1980-01-06T03:02:51,1633362748.0397,2021-10-04T18:52:28
315964981,215000,181043,15.347984313964844,3.2929999828338623,2.9865200519561768,207,11,0,1980-01-06T03:03:01,1633362756.5893998,2021-10-04T18:52:36
315964989,719000,189537,15.347984313964844,3.2909998893737793,3.034871816635132,169,11,0,1980-01-06T03:03:09,1633362766.609709,2021-10-04T18:52:46
315964999,440000,199250,15.934064865112305,3.2929999828338623,2.9865200519561768,161,11,0,1980-01-06T03:03:19,1633362774.59966,2021-10-04T18:52:54
315965009,148000,208957,15.934064865112305,3.2929999828338623,2.9913551807403564,152,11,0,1980-01-06T03:03:29,1633362787.299597,2021-10-04T18:53:07
315965020,83000,219882,15.934064865112305,3.2929999828338623,2.9865200519561768,175,11,0,1980-01-06T03:03:40,1633362795.241065,2021-10-04T18:53:15
315965029,798000,229593,16.813186645507812,3.2929999828338623,3.057435989379883,168,11,0,1980-01-06T03:03:49,1633362805.8291,2021-10-04T18:53:25
315965039,514000,239309,16.813186645507812,3.2929999828338623,2.9849085807800293,160,11,0,1980-01-06T03:03:59,1633362814.3995528,2021-10-04T18:53:34
315965049,227000,249021,17.399267196655273,3.2929999828338623,3.02681303024292,151,11,0,1980-01-06T03:04:09,1633362826.488869,2021-10-04T18:53:46
315965058,934000,258729,17.985347747802734,3.2950000762939453,3.0106959342956543,143,11,0,1980-01-06T03:04:18,1633362834.398733,2021-10-04T18:53:54
315965068,646000,268441,18.27838706970215,3.2929999828338623,3.060659170150757,136,11,0,1980-01-06T03:04:28,1633362847.058972,2021-10-04T18:54:07
315965079,572000,279366,18.571428298950195,3.296999931335449,3.149303913116455,159,11,0,1980-01-06T03:04:39,1633362857.028712,2021-10-04T18:54:17
315965131,770000,331564,21.208791732788086,3.2929999828338623,2.9913551807403564,212,11,0,1980-01-06T03:05:31,1633362908.2588398,2021-10-04T18:55:08
315965169,402000,369196,23.846153259277344,3.2929999828338623,2.98974347114563,151,11,0,1980-01-06T03:06:09,1633362946.9166958,2021-10-04T18:55:46
315965222,832000,422627,26.483516693115234,3.2929999828338623,2.992967128753662,238,11,0,1980-01-06T03:07:02,1633363000.7359838,2021-10-04T18:56:40
315965236,189000,435983,27.069597244262695,3.2929999828338623,2.9913551807403564,67,11,0,1980-01-06T03:07:16,1633363012.775024,2021-10-04T18:56:52
315965254,408000,454202,27.655677795410156,3.2929999828338623,2.9945785999298096,22,11,0,1980-01-06T03:07:34,1633363031.3550448,2021-10-04T18:57:11
315965283,551000,483345,25.897436141967773,3.2950000762939453,3.0332601070404053,0,11,0,1980-01-06T03:08:03,1633363062.014652,2021-10-04T18:57:42
315965315,123000,514917,24.13919448852539,3.2929999828338623,2.992967128753662,39,11,0,1980-01-06T03:08:35,1633363090.555253,2021-10-04T18:58:10
315965324,838000,524632,23.846153259277344,3.2929999828338623,2.992967128753662,32,11,0,1980-01-06T03:08:44,1633363101.1736479,2021-10-04T18:58:21
315965334,553000,534347,23.55311393737793,3.2929999828338623,2.992967128753662,25,11,0,1980-01-06T03:08:54,1633363111.1433759,2021-10-04T18:58:31
315965380,693000,580487,26.190475463867188,3.2950000762939453,2.992967128753662,181,11,0,1980-01-06T03:09:40,1633363156.183277,2021-10-04T18:59:16
315965390,407000,590201,27.069597244262695,3.2950000762939453,2.9945785999298096,174,11,0,1980-01-06T03:09:50,1633363166.74298,2021-10-04T18:59:26
315965398,905000,598699,27.655677795410156,3.2950000762939453,2.9945785999298096,135,11,0,1980-01-06T03:09:58,1633363176.7223408,2021-10-04T18:59:36
315965409,833000,609627,28.241758346557617,3.2929999828338623,3.0219781398773193,159,11,0,1980-01-06T03:10:09,1633363188.7424839,2021-10-04T18:59:48
315965420,761000,620555,29.120878219604492,3.2929999828338623,3.0219781398773193,183,11,0,1980-01-06T03:10:20,1633363196.6921968,2021-10-04T18:59:56
315965430,476000,630269,30.0,3.2929999828338623,3.0461537837982178,175,11,0,1980-01-06T03:10:30,1633363209.412176,2021-10-04T19:00:09
315965442,617000,642411,30.58608055114746,3.2929999828338623,2.992967128753662,230,11,0,1980-01-06T03:10:42,1633363220.08174,2021-10-04T19:00:20
315965455,972000,655765,31.172161102294922,3.2929999828338623,3.0364832878112793,59,11,0,1980-01-06T03:10:55,1633363234.70216,2021-10-04T19:00:34
315965466,899000,666693,31.172161102294922,3.2929999828338623,2.996190309524536,83,11,0,1980-01-06T03:11:06,1633363242.6227279,2021-10-04T19:00:42
315965477,828000,677621,30.58608055114746,3.2929999828338623,3.0397069454193115,107,11,0,1980-01-06T03:11:17,1633363257.3110569,2021-10-04T19:00:57
315965489,969000,689762,30.0,3.2929999828338623,2.9945785999298096,160,11,0,1980-01-06T03:11:29,1633363267.3023279,2021-10-04T19:01:07
315965503,327000,703120,28.53479766845703,3.2909998893737793,3.0203661918640137,246,11,0,1980-01-06T03:11:43,1633363281.360817,2021-10-04T19:01:21
315965514,255000,714048,28.241758346557617,3.2929999828338623,2.992967128753662,12,11,0,1980-01-06T03:11:54,1633363291.9338849,2021-10-04T19:01:31
315965527,609000,727402,27.36263656616211,3.2929999828338623,3.0252015590667725,98,11,0,1980-01-06T03:12:07,1633363305.9206169,2021-10-04T19:01:45
315965538,537000,738330,26.77655601501465,3.2909998893737793,3.052600622177124,121,11,0,1980-01-06T03:12:18,1633363316.531224,2021-10-04T19:01:56
315965553,104000,752898,27.36263656616211,3.2929999828338623,3.0252015590667725,236,11,0,1980-01-06T03:12:33,1633363331.190764,2021-10-04T19:02:11
315965565,249000,765042,27.94871711730957,3.2929999828338623,2.992967128753662,34,11,0,1980-01-06T03:12:45,1633363343.7710888,2021-10-04T19:02:23
315965576,173000,775966,28.827838897705078,3.2929999828338623,3.023589611053467,57,11,0,1980-01-06T03:12:56,1633363353.7817318,2021-10-04T19:02:33
315965587,101000,786894,29.706958770751953,3.2950000762939453,2.9913551807403564,80,11,0,1980-01-06T03:13:07,1633363363.720193,2021-10-04T19:02:43
