time_s,time_us,time_steady,dna_temp,heater_is_on,seq,srcSystem,srcComponent,time_gregorian,log_timestamp,log_timestamp_gregorian
315965013,805200,214395,17.678436279296875,0,230,13,0,1980-01-06T03:03:33,1633357257.155241,2021-10-04T17:20:57
315965027,805200,228395,16.783966064453125,0,141,13,0,1980-01-06T03:03:47,1633357270.1548998,2021-10-04T17:21:10
315965040,805200,241395,15.352020263671875,0,38,13,0,1980-01-06T03:04:00,1633357283.786085,2021-10-04T17:21:23
315965055,805200,256395,21.26043701171875,0,216,13,0,1980-01-06T03:04:15,1633357296.7857969,2021-10-04T17:21:36
315965068,805200,269395,19.40533447265625,0,114,13,0,1980-01-06T03:04:28,1633357311.856281,2021-10-04T17:21:51
315965082,805200,283395,16.9195556640625,0,25,13,0,1980-01-06T03:04:42,1633357325.4260879,2021-10-04T17:22:05
315965095,805200,296395,15.162933349609375,0,178,13,0,1980-01-06T03:04:55,1633357338.385428,2021-10-04T17:22:18
315965109,805200,310395,20.569732666015625,0,89,13,0,1980-01-06T03:05:09,1633357352.025569,2021-10-04T17:22:32
315965124,805200,325395,17.501251220703125,0,11,13,0,1980-01-06T03:05:24,1633357367.5961368,2021-10-04T17:22:47
315965137,805200,338395,15.020416259765625,0,165,13,0,1980-01-06T03:05:37,1633357380.636304,2021-10-04T17:23:00
315965150,805200,351395,20.610687255859375,0,64,13,0,1980-01-06T03:05:50,1633357393.567488,2021-10-04T17:23:13
315965164,805200,365395,17.36785888671875,0,229,13,0,1980-01-06T03:06:04,1633357407.2068129,2021-10-04T17:23:27
315965178,805200,379395,19.36309814453125,0,140,13,0,1980-01-06T03:06:18,1633357420.30592,2021-10-04T17:23:40
315965191,805200,392395,16.144439697265625,0,37,13,0,1980-01-06T03:06:31,1633357433.246248,2021-10-04T17:23:53
315965204,968500,405395,20.528717041015625,0,193,13,0,1980-01-06T03:06:44,1633357448.956089,2021-10-04T17:24:08
315965219,968500,420395,17.722564697265625,0,115,13,0,1980-01-06T03:06:59,1633357462.537637,2021-10-04T17:24:22
315965233,968500,434395,17.45684814453125,1,24,13,0,1980-01-06T03:07:13,1633357475.566457,2021-10-04T17:24:35
315965246,968500,447395,18.5948486328125,0,179,13,0,1980-01-06T03:07:26,1633357488.626525,2021-10-04T17:24:48
315965260,968500,461395,16.419952392578125,1,88,13,0,1980-01-06T03:07:40,1633357501.6766489,2021-10-04T17:25:01
315965287,968500,488395,16.23651123046875,0,153,13,0,1980-01-06T03:08:07,1633357530.306272,2021-10-04T17:25:30
315965301,968500,502395,20.4876708984375,0,63,13,0,1980-01-06T03:08:21,1633357543.996816,2021-10-04T17:25:43
315965315,968500,516395,17.323272705078125,0,230,13,0,1980-01-06T03:08:35,1633357557.048204,2021-10-04T17:25:57
315965342,968500,543395,20.814849853515625,0,39,13,0,1980-01-06T03:09:02,1633357585.8065279,2021-10-04T17:26:25
315965356,968500,557395,17.189208984375,0,203,13,0,1980-01-06T03:09:16,1633357598.886509,2021-10-04T17:26:38
315965370,968500,571395,17.5899658203125,1,114,13,0,1980-01-06T03:09:30,1633357612.546881,2021-10-04T17:26:52
315965383,968500,584395,19.40533447265625,0,12,13,0,1980-01-06T03:09:43,1633357625.5767279,2021-10-04T17:27:05
315965397,968500,598395,15.210296630859375,0,179,13,0,1980-01-06T03:09:57,1633357641.3269448,2021-10-04T17:27:21
315965412,236700,612395,19.82513427734375,0,89,13,0,1980-01-06T03:10:12,1633357654.986733,2021-10-04T17:27:34
315965426,236700,626395,15.77374267578125,0,254,13,0,1980-01-06T03:10:26,1633357668.026929,2021-10-04T17:27:48
315965439,236700,639395,20.4876708984375,0,154,13,0,1980-01-06T03:10:39,1633357681.0367608,2021-10-04T17:28:01
315965454,236700,654395,16.783966064453125,0,76,13,0,1980-01-06T03:10:54,1633357694.6167848,2021-10-04T17:28:14
315965467,236700,667395,21.22015380859375,0,229,13,0,1980-01-06T03:11:07,1633357709.736764,2021-10-04T17:28:29
315965480,236700,680395,16.0521240234375,0,127,13,0,1980-01-06T03:11:20,1633357723.347105,2021-10-04T17:28:43
315965495,236700,695395,20.528717041015625,0,49,13,0,1980-01-06T03:11:35,1633357736.947433,2021-10-04T17:28:56
315965509,236700,709395,16.098297119140625,0,216,13,0,1980-01-06T03:11:49,1633357750.048624,2021-10-04T17:29:10
315965522,236700,722395,21.139404296875,0,113,13,0,1980-01-06T03:12:02,1633357763.1071649,2021-10-04T17:29:23
315965536,236700,736395,17.05462646484375,0,24,13,0,1980-01-06T03:12:16,1633357778.8874118,2021-10-04T17:29:38
315965550,236700,750395,19.82513427734375,0,191,13,0,1980-01-06T03:12:30,1633357791.956868,2021-10-04T17:29:51
315965564,236700,764395,17.81072998046875,0,100,13,0,1980-01-06T03:12:44,1633357805.658529,2021-10-04T17:30:05
315965578,236700,778395,17.986419677734375,1,11,13,0,1980-01-06T03:12:58,1633357819.359652,2021-10-04T17:30:19
315965592,236700,792395,18.248382568359375,0,177,13,0,1980-01-06T03:13:12,1633357834.667093,2021-10-04T17:30:34
315965605,363800,805395,16.6024169921875,1,75,13,0,1980-01-06T03:13:25,1633357847.7872288,2021-10-04T17:30:47
315965619,363800,819395,20.03338623046875,0,242,13,0,1980-01-06T03:13:39,1633357861.3972769,2021-10-04T17:31:01
315965633,363800,833395,19.699676513671875,0,151,13,0,1980-01-06T03:13:53,1633357874.4776008,2021-10-04T17:31:14
315965646,363800,846395,17.27862548828125,0,50,13,0,1980-01-06T03:14:06,1633357888.1069129,2021-10-04T17:31:28
315965675,363800,875395,16.783966064453125,0,137,13,0,1980-01-06T03:14:35,1633357916.9289289,2021-10-04T17:31:56
315965688,363800,888395,19.40533447265625,0,37,13,0,1980-01-06T03:14:48,1633357929.956929,2021-10-04T17:32:09
315965701,363800,901395,16.282440185546875,0,190,13,0,1980-01-06T03:15:01,1633357942.9973009,2021-10-04T17:32:22
315965716,363800,916395,20.528717041015625,0,112,13,0,1980-01-06T03:15:16,1633357956.676957,2021-10-04T17:32:36
315965729,363800,929395,15.4931640625,0,10,13,0,1980-01-06T03:15:29,1633357971.9277198,2021-10-04T17:32:51
315965742,363800,942395,19.699676513671875,0,165,13,0,1980-01-06T03:15:42,1633357985.618084,2021-10-04T17:33:05
315965757,363800,957395,18.551727294921875,1,87,13,0,1980-01-06T03:15:57,1633357999.3173048,2021-10-04T17:33:19
315965771,363800,971395,15.866790771484375,1,252,13,0,1980-01-06T03:16:11,1633358012.4076278,2021-10-04T17:33:32
315965784,363800,984395,18.551727294921875,0,152,13,0,1980-01-06T03:16:24,1633358025.3767478,2021-10-04T17:33:45
315965798,363800,998395,18.465301513671875,1,61,13,0,1980-01-06T03:16:38,1633358041.057164,2021-10-04T17:34:01
315965812,363800,1012395,17.233917236328125,0,227,13,0,1980-01-06T03:16:52,1633358054.2068238,2021-10-04T17:34:14
315965825,363800,1025395,18.637939453125,1,125,13,0,1980-01-06T03:17:05,1633358067.91688,2021-10-04T17:34:27
315965840,363800,1040395,16.3741455078125,0,47,13,0,1980-01-06T03:17:20,1633358081.036829,2021-10-04T17:34:41
315965854,363800,1054395,20.24053955078125,0,214,13,0,1980-01-06T03:17:34,1633358096.797669,2021-10-04T17:34:56
315965867,363800,1067395,14.7816162109375,1,111,13,0,1980-01-06T03:17:47,1633358109.8770769,2021-10-04T17:35:09
315965882,363800,1082395,18.98089599609375,0,33,13,0,1980-01-06T03:18:02,1633358125.436729,2021-10-04T17:35:25
315965897,363800,1097395,19.657745361328125,0,211,13,0,1980-01-06T03:18:17,1633358138.636972,2021-10-04T17:35:38
315965911,635100,1111395,16.282440185546875,1,122,13,0,1980-01-06T03:18:31,1633358152.380317,2021-10-04T17:35:52
315965925,635100,1125395,18.248382568359375,0,33,13,0,1980-01-06T03:18:45,1633358167.6770358,2021-10-04T17:36:07
315965939,635100,1139395,18.938201904296875,1,198,13,0,1980-01-06T03:18:59,1633358183.34656,2021-10-04T17:36:23
315965955,635100,1155395,15.304840087890625,1,133,13,0,1980-01-06T03:19:15,1633358197.106669,2021-10-04T17:36:37
315965969,635100,1169395,19.783355712890625,0,42,13,0,1980-01-06T03:19:29,1633358210.2065809,2021-10-04T17:36:50
315965982,635100,1182395,16.6024169921875,1,197,13,0,1980-01-06T03:19:42,1633358223.3167288,2021-10-04T17:37:03
315965998,635100,1198395,16.51129150390625,0,131,13,0,1980-01-06T03:19:58,1633358241.0266528,2021-10-04T17:37:21
315966012,635100,1212395,19.699676513671875,0,41,13,0,1980-01-06T03:20:12,1633358254.206709,2021-10-04T17:37:34
315966025,635100,1225395,15.63372802734375,1,195,13,0,1980-01-06T03:20:25,1633358267.9169638,2021-10-04T17:37:47
315966042,635100,1242395,15.115478515625,0,141,13,0,1980-01-06T03:20:42,1633358283.626492,2021-10-04T17:38:03
315966056,635100,1256395,19.32080078125,0,50,13,0,1980-01-06T03:20:56,1633358298.986548,2021-10-04T17:38:18
315966070,635100,1270395,17.05462646484375,1,217,13,0,1980-01-06T03:21:10,1633358312.778957,2021-10-04T17:38:32
315966084,635100,1284395,17.09954833984375,0,128,13,0,1980-01-06T03:21:24,1633358325.9978719,2021-10-04T17:38:45
315966098,635100,1298395,19.57379150390625,0,37,13,0,1980-01-06T03:21:38,1633358339.776525,2021-10-04T17:38:59
315966112,635100,1312395,15.9595947265625,1,203,13,0,1980-01-06T03:21:52,1633358352.976125,2021-10-04T17:39:12
315966125,635100,1325395,18.248382568359375,0,101,13,0,1980-01-06T03:22:05,1633358368.2283158,2021-10-04T17:39:28
315966140,635100,1340395,19.699676513671875,1,23,13,0,1980-01-06T03:22:20,1633358381.9759889,2021-10-04T17:39:41
315966154,635100,1354395,15.304840087890625,1,190,13,0,1980-01-06T03:22:34,1633358395.7161279,2021-10-04T17:39:55
315966167,635100,1367395,18.11761474609375,0,87,13,0,1980-01-06T03:22:47,1633358408.8961,2021-10-04T17:40:08
315966181,635100,1381395,19.615814208984375,0,254,13,0,1980-01-06T03:23:01,1633358424.786676,2021-10-04T17:40:24
315966195,635100,1395395,15.399139404296875,1,165,13,0,1980-01-06T03:23:15,1633358437.9665399,2021-10-04T17:40:37
315966209,885200,1409395,18.637939453125,0,74,13,0,1980-01-06T03:23:29,1633358451.246372,2021-10-04T17:40:51
315966223,885200,1423395,18.422027587890625,1,241,13,0,1980-01-06T03:23:43,1633358464.9966009,2021-10-04T17:41:04
315966237,885200,1437395,15.727142333984375,1,151,13,0,1980-01-06T03:23:57,1633358478.8357918,2021-10-04T17:41:18
315966251,885200,1451395,19.741546630859375,0,60,13,0,1980-01-06T03:24:11,1633358494.266309,2021-10-04T17:41:34
315966265,885200,1465395,18.073944091796875,1,227,13,0,1980-01-06T03:24:25,1633358507.4557679,2021-10-04T17:41:47
315966279,885200,1479395,14.7816162109375,1,136,13,0,1980-01-06T03:24:39,1633358521.296296,2021-10-04T17:42:01
315966293,885200,1493395,17.09954833984375,0,36,13,0,1980-01-06T03:24:53,1633358534.628288,2021-10-04T17:42:14
315966306,885200,1506395,18.938201904296875,1,178,13,0,1980-01-06T03:25:06,1633358547.895717,2021-10-04T17:42:27
315966321,885200,1521395,15.352020263671875,1,85,13,0,1980-01-06T03:25:21,1633358563.946612,2021-10-04T17:42:43
315966335,885200,1535395,19.531768798828125,0,236,13,0,1980-01-06T03:25:35,1633358577.256217,2021-10-04T17:42:57
315966347,885200,1547395,16.328338623046875,1,110,13,0,1980-01-06T03:25:47,1633358589.9658089,2021-10-04T17:43:09
315966361,885200,1561395,17.722564697265625,0,7,13,0,1980-01-06T03:26:01,1633358603.0959558,2021-10-04T17:43:23
315966374,885200,1574395,17.45684814453125,1,148,13,0,1980-01-06T03:26:14,1633358616.306361,2021-10-04T17:43:36
315966387,885200,1587395,16.0521240234375,0,34,13,0,1980-01-06T03:26:27,1633358629.5459769,2021-10-04T17:43:49
315966402,144400,1601395,21.58148193359375,0,185,13,0,1980-01-06T03:26:42,1633358642.7663329,2021-10-04T17:44:02
315966416,144400,1615395,15.9132080078125,1,82,13,0,1980-01-06T03:26:56,1633358656.006132,2021-10-04T17:44:16
315966429,144400,1628395,19.32080078125,0,223,13,0,1980-01-06T03:27:09,1633358671.507153,2021-10-04T17:44:31
315966443,144400,1642395,16.6024169921875,1,119,13,0,1980-01-06T03:27:23,1633358684.827225,2021-10-04T17:44:44
315966457,144400,1656395,16.098297119140625,0,16,13,0,1980-01-06T03:27:37,1633358698.126101,2021-10-04T17:44:58
315966469,144400,1668395,18.5948486328125,1,147,13,0,1980-01-06T03:27:49,1633358711.376353,2021-10-04T17:45:11
315966483,144400,1682395,14.733642578125,1,41,13,0,1980-01-06T03:28:03,1633358724.056073,2021-10-04T17:45:24
315966497,144400,1696395,19.699676513671875,0,194,13,0,1980-01-06T03:28:17,1633358737.9358249,2021-10-04T17:45:37
315966511,324900,1710395,16.556884765625,1,91,13,0,1980-01-06T03:28:31,1633358751.166565,2021-10-04T17:45:51
315966525,324900,1724395,18.76690673828125,0,242,13,0,1980-01-06T03:28:45,1633358766.6766238,2021-10-04T17:46:06
315966540,324900,1739395,17.05462646484375,1,149,13,0,1980-01-06T03:29:00,1633358781.805137,2021-10-04T17:46:21
315966553,324900,1752395,17.144378662109375,0,35,13,0,1980-01-06T03:29:13,1633358795.1144688,2021-10-04T17:46:35
315966566,324900,1765395,18.637939453125,1,176,13,0,1980-01-06T03:29:26,1633358807.813937,2021-10-04T17:46:47
315966581,324900,1780395,15.54010009765625,1,83,13,0,1980-01-06T03:29:41,1633358821.672741,2021-10-04T17:47:01
315966594,324900,1793395,18.335296630859375,0,224,13,0,1980-01-06T03:29:54,1633358834.952004,2021-10-04T17:47:14
315966608,324900,1807395,19.066162109375,1,120,13,0,1980-01-06T03:30:08,1633358848.221484,2021-10-04T17:47:28
315966621,324900,1820395,15.68048095703125,1,5,13,0,1980-01-06T03:30:21,1633358863.7314599,2021-10-04T17:47:43
315966635,324900,1834395,18.378692626953125,0,158,13,0,1980-01-06T03:30:35,1633358877.109717,2021-10-04T17:47:57
315966648,324900,1847395,17.233917236328125,1,42,13,0,1980-01-06T03:30:48,1633358889.801256,2021-10-04T17:48:09
315966662,324900,1861395,14.82952880859375,1,195,13,0,1980-01-06T03:31:02,1633358903.1286569,2021-10-04T17:48:23
315966676,324900,1875395,19.783355712890625,0,92,13,0,1980-01-06T03:31:16,1633358917.0579438,2021-10-04T17:48:37
315966690,324900,1889395,15.77374267578125,1,243,13,0,1980-01-06T03:31:30,1633358930.3971848,2021-10-04T17:48:50
315966703,324900,1902395,18.76690673828125,0,129,13,0,1980-01-06T03:31:43,1633358943.676632,2021-10-04T17:49:03
315966716,324900,1915395,18.422027587890625,1,14,13,0,1980-01-06T03:31:56,1633358956.3256729,2021-10-04T17:49:16
315966745,324900,1944395,17.63421630859375,0,74,13,0,1980-01-06T03:32:25,1633358987.094565,2021-10-04T17:49:47
315966760,324900,1959395,19.489654541015625,0,237,13,0,1980-01-06T03:32:40,1633359001.024361,2021-10-04T17:50:01
315966773,324900,1972395,15.304840087890625,1,121,13,0,1980-01-06T03:32:53,1633359014.4036329,2021-10-04T17:50:14
315966786,324900,1985395,15.77374267578125,0,6,13,0,1980-01-06T03:33:06,1633359027.802749,2021-10-04T17:50:27
315966800,455600,1999395,19.615814208984375,0,159,13,0,1980-01-06T03:33:20,1633359041.101961,2021-10-04T17:50:41
315966827,455800,2026395,16.328338623046875,0,196,13,0,1980-01-06T03:33:47,1633359069.192505,2021-10-04T17:51:09
315966841,455800,2040395,19.86688232421875,0,93,13,0,1980-01-06T03:34:01,1633359082.500864,2021-10-04T17:51:22
315966855,455800,2054395,17.545654296875,1,244,13,0,1980-01-06T03:34:15,1633359096.40048,2021-10-04T17:51:36
315966868,455800,2067395,15.4461669921875,0,130,13,0,1980-01-06T03:34:28,1633359111.009505,2021-10-04T17:51:51
315966884,455800,2083395,18.8526611328125,0,48,13,0,1980-01-06T03:34:44,1633359124.8100078,2021-10-04T17:52:04
315966897,455800,2096395,19.57379150390625,1,188,13,0,1980-01-06T03:34:57,1633359137.498052,2021-10-04T17:52:17
315966912,455800,2111395,16.282440185546875,1,95,13,0,1980-01-06T03:35:12,1633359152.667724,2021-10-04T17:52:32
315966926,455800,2125395,17.09954833984375,0,248,13,0,1980-01-06T03:35:26,1633359168.188372,2021-10-04T17:52:48
315966940,455800,2139395,19.9085693359375,0,145,13,0,1980-01-06T03:35:40,1633359182.119992,2021-10-04T17:53:02
315966954,455800,2153395,16.738677978515625,1,40,13,0,1980-01-06T03:35:54,1633359195.36678,2021-10-04T17:53:15
315966967,455800,2166395,15.8203125,0,182,13,0,1980-01-06T03:36:07,1633359208.016193,2021-10-04T17:53:28
315966981,455800,2180395,20.281829833984375,0,77,13,0,1980-01-06T03:36:21,1633359221.285416,2021-10-04T17:53:41
315966994,455800,2193395,15.8203125,1,220,13,0,1980-01-06T03:36:34,1633359234.555476,2021-10-04T17:53:54
315967008,671600,2207395,18.248382568359375,0,114,13,0,1980-01-06T03:36:48,1633359247.804484,2021-10-04T17:54:07
315967021,671600,2220395,19.783355712890625,0,1,13,0,1980-01-06T03:37:01,1633359263.3146648,2021-10-04T17:54:23
315967035,671600,2234395,16.328338623046875,1,152,13,0,1980-01-06T03:37:15,1633359276.603965,2021-10-04T17:54:36
315967049,671600,2248395,16.6024169921875,0,49,13,0,1980-01-06T03:37:29,1633359289.89484,2021-10-04T17:54:49
315967062,671600,2261395,20.07489013671875,0,189,13,0,1980-01-06T03:37:42,1633359303.182788,2021-10-04T17:55:03
315967076,671600,2275395,14.92510986328125,1,86,13,0,1980-01-06T03:37:56,1633359316.4026968,2021-10-04T17:55:16
315967089,671600,2288395,17.766693115234375,0,227,13,0,1980-01-06T03:38:09,1633359329.692404,2021-10-04T17:55:29
315967103,787300,2302395,19.36309814453125,1,123,13,0,1980-01-06T03:38:23,1633359343.0118048,2021-10-04T17:55:43
315967115,787300,2314395,15.77374267578125,0,254,13,0,1980-01-06T03:38:35,1633359358.422109,2021-10-04T17:55:58
315967130,787300,2329395,19.27850341796875,0,161,13,0,1980-01-06T03:38:50,1633359371.7010078,2021-10-04T17:56:11
315967144,787300,2343395,15.0679931640625,1,58,13,0,1980-01-06T03:39:04,1633359384.90064,2021-10-04T17:56:24
315967157,787300,2356395,19.489654541015625,0,198,13,0,1980-01-06T03:39:17,1633359398.2303278,2021-10-04T17:56:38
315967171,787300,2370395,15.727142333984375,1,95,13,0,1980-01-06T03:39:31,1633359411.5202608,2021-10-04T17:56:51
315967184,787300,2383395,17.36785888671875,0,236,13,0,1980-01-06T03:39:44,1633359424.770864,2021-10-04T17:57:04
315967197,787300,2396395,19.0235595703125,1,120,13,0,1980-01-06T03:39:57,1633359437.5293329,2021-10-04T17:57:17
315967212,914400,2411395,15.4461669921875,1,27,13,0,1980-01-06T03:40:12,1633359453.629557,2021-10-04T17:57:33
315967225,914400,2424395,19.657745361328125,0,170,13,0,1980-01-06T03:40:25,1633359466.9589639,2021-10-04T17:57:46
315967239,914400,2438395,16.144439697265625,1,65,13,0,1980-01-06T03:40:39,1633359480.288657,2021-10-04T17:58:00
315967265,914400,2464395,18.98089599609375,1,92,13,0,1980-01-06T03:41:05,1633359506.778177,2021-10-04T17:58:26
315967279,914400,2478395,15.25762939453125,0,245,13,0,1980-01-06T03:41:19,1633359520.038837,2021-10-04T17:58:40
315967292,914400,2491395,19.193695068359375,0,129,13,0,1980-01-06T03:41:32,1633359532.6872919,2021-10-04T17:58:52
315967307,914400,2506395,19.27850341796875,1,36,13,0,1980-01-06T03:41:47,1633359548.8192809,2021-10-04T17:59:08
315967320,914400,2519395,16.144439697265625,0,177,13,0,1980-01-06T03:42:00,1633359562.107985,2021-10-04T17:59:22
315967333,914400,2532395,19.57379150390625,0,63,13,0,1980-01-06T03:42:13,1633359575.4290888,2021-10-04T17:59:35
315967347,914400,2546395,14.7816162109375,1,214,13,0,1980-01-06T03:42:27,1633359588.096793,2021-10-04T17:59:48
315967360,914400,2559395,19.40533447265625,0,101,13,0,1980-01-06T03:42:40,1633359601.41586,2021-10-04T18:00:01
315967374,914400,2573395,16.005889892578125,1,252,13,0,1980-01-06T03:42:54,1633359614.635752,2021-10-04T18:00:14
315967388,914400,2587395,18.204864501953125,0,148,13,0,1980-01-06T03:43:08,1633359628.495297,2021-10-04T18:00:28
315967403,154700,2601395,19.783355712890625,1,45,13,0,1980-01-06T03:43:23,1633359643.955736,2021-10-04T18:00:43
315967416,154700,2614395,15.25762939453125,0,186,13,0,1980-01-06T03:43:36,1633359657.1955888,2021-10-04T18:00:57
315967429,154700,2627395,19.57379150390625,0,70,13,0,1980-01-06T03:43:49,1633359669.824512,2021-10-04T18:01:09
315967443,154700,2641395,15.304840087890625,1,223,13,0,1980-01-06T03:44:03,1633359683.064208,2021-10-04T18:01:23
315967456,154700,2654395,19.657745361328125,0,108,13,0,1980-01-06T03:44:16,1633359696.384512,2021-10-04T18:01:36
315967470,154700,2668395,15.210296630859375,1,5,13,0,1980-01-06T03:44:30,1633359709.644937,2021-10-04T18:01:49
315967483,154700,2681395,19.32080078125,0,145,13,0,1980-01-06T03:44:43,1633359722.923833,2021-10-04T18:02:02
315967497,154700,2695395,16.874420166015625,1,42,13,0,1980-01-06T03:44:57,1633359736.144441,2021-10-04T18:02:16
315967511,272200,2709395,17.678436279296875,0,195,13,0,1980-01-06T03:45:11,1633359751.553529,2021-10-04T18:02:31
315967523,272200,2721395,18.073944091796875,1,69,13,0,1980-01-06T03:45:23,1633359764.3238769,2021-10-04T18:02:44
315967537,272200,2735395,16.190521240234375,0,220,13,0,1980-01-06T03:45:37,1633359777.625625,2021-10-04T18:02:57
315967551,272200,2749395,20.116363525390625,0,117,13,0,1980-01-06T03:45:51,1633359790.952201,2021-10-04T18:03:10
315967565,272200,2763395,15.54010009765625,1,14,13,0,1980-01-06T03:46:05,1633359804.74202,2021-10-04T18:03:24
315967579,272200,2777395,18.89544677734375,0,164,13,0,1980-01-06T03:46:19,1633359818.0021758,2021-10-04T18:03:38
315967591,272200,2789395,16.23651123046875,1,39,13,0,1980-01-06T03:46:31,1633359831.271509,2021-10-04T18:03:51
315967606,272200,2804395,16.190521240234375,0,202,13,0,1980-01-06T03:46:46,1633359846.701856,2021-10-04T18:04:06
315967618,272200,2816395,20.157806396484375,0,76,13,0,1980-01-06T03:46:58,1633359859.351661,2021-10-04T18:04:19
315967632,272200,2830395,14.877349853515625,1,229,13,0,1980-01-06T03:47:12,1633359872.582777,2021-10-04T18:04:32
315967645,272200,2843395,19.9085693359375,0,114,13,0,1980-01-06T03:47:25,1633359885.771328,2021-10-04T18:04:45
315967660,272200,2858395,15.9595947265625,1,21,13,0,1980-01-06T03:47:40,1633359899.630393,2021-10-04T18:04:59
315967673,272200,2871395,19.27850341796875,0,163,13,0,1980-01-06T03:47:53,1633359912.300597,2021-10-04T18:05:12
315967686,272200,2884395,16.556884765625,1,48,13,0,1980-01-06T03:48:06,1633359926.140605,2021-10-04T18:05:26
315967700,272200,2898395,17.501251220703125,0,201,13,0,1980-01-06T03:48:20,1633359938.751296,2021-10-04T18:05:38
315967713,272200,2911395,19.699676513671875,0,85,13,0,1980-01-06T03:48:33,1633359954.210937,2021-10-04T18:05:54
315967727,272200,2925395,15.4931640625,1,238,13,0,1980-01-06T03:48:47,1633359967.55982,2021-10-04T18:06:07
315967741,272200,2939395,19.531768798828125,0,133,13,0,1980-01-06T03:49:01,1633359981.4191039,2021-10-04T18:06:21
315967754,272200,2952395,18.723968505859375,1,19,13,0,1980-01-06T03:49:14,1633359994.1289759,2021-10-04T18:06:34
315967768,272200,2966395,15.25762939453125,1,170,13,0,1980-01-06T03:49:28,1633360007.469161,2021-10-04T18:06:47
315967781,272200,2979395,18.98089599609375,0,57,13,0,1980-01-06T03:49:41,1633360020.7491,2021-10-04T18:07:00
315967795,272200,2993395,17.189208984375,1,208,13,0,1980-01-06T03:49:55,1633360034.048717,2021-10-04T18:07:14
315967809,538600,3007395,17.766693115234375,0,104,13,0,1980-01-06T03:50:09,1633360049.489004,2021-10-04T18:07:29
315967822,538600,3020395,18.5948486328125,1,245,13,0,1980-01-06T03:50:22,1633360062.728452,2021-10-04T18:07:42
315967836,538600,3034395,16.144439697265625,0,142,13,0,1980-01-06T03:50:36,1633360075.957705,2021-10-04T18:07:55
315967849,538600,3047395,20.281829833984375,0,26,13,0,1980-01-06T03:50:49,1633360089.2681088,2021-10-04T18:08:09
315967863,538600,3061395,15.399139404296875,1,179,13,0,1980-01-06T03:51:03,1633360102.5078208,2021-10-04T18:08:22
315967876,538600,3074395,19.950225830078125,0,64,13,0,1980-01-06T03:51:16,1633360115.8074,2021-10-04T18:08:35
315967889,538600,3087395,15.866790771484375,1,206,13,0,1980-01-06T03:51:29,1633360128.391393,2021-10-04T18:08:48
315967902,538600,3100395,18.809814453125,0,91,13,0,1980-01-06T03:51:42,1633360141.6967878,2021-10-04T18:09:01
315967917,538600,3115395,19.615814208984375,0,254,13,0,1980-01-06T03:51:57,1633360157.756692,2021-10-04T18:09:17
315967931,538600,3129395,16.51129150390625,1,151,13,0,1980-01-06T03:52:11,1633360171.039204,2021-10-04T18:09:31
315967943,538600,3141395,18.378692626953125,0,25,13,0,1980-01-06T03:52:23,1633360184.206665,2021-10-04T18:09:44
315967957,538600,3155395,19.1512451171875,1,176,13,0,1980-01-06T03:52:37,1633360197.4365208,2021-10-04T18:09:57
315967970,538600,3168395,16.23651123046875,0,63,13,0,1980-01-06T03:52:50,1633360210.067864,2021-10-04T18:10:10
315967984,538600,3182395,20.405487060546875,0,213,13,0,1980-01-06T03:53:04,1633360223.346248,2021-10-04T18:10:23
315967997,538600,3195395,15.63372802734375,0,100,13,0,1980-01-06T03:53:17,1633360236.565629,2021-10-04T18:10:36
315968012,652200,3210395,19.9085693359375,0,7,13,0,1980-01-06T03:53:32,1633360252.5155928,2021-10-04T18:10:52
315968025,652200,3223395,14.68560791015625,1,148,13,0,1980-01-06T03:53:45,1633360265.7860649,2021-10-04T18:11:05
315968038,652200,3236395,19.9918212890625,0,32,13,0,1980-01-06T03:53:58,1633360278.4851,2021-10-04T18:11:18
315968052,652200,3250395,17.233917236328125,1,185,13,0,1980-01-06T03:54:12,1633360291.764829,2021-10-04T18:11:31
315968065,652200,3263395,17.81072998046875,0,70,13,0,1980-01-06T03:54:25,1633360305.144908,2021-10-04T18:11:45
315968079,652200,3277395,19.40533447265625,1,222,13,0,1980-01-06T03:54:39,1633360318.3344529,2021-10-04T18:11:58
315968092,652200,3290395,16.64788818359375,0,107,13,0,1980-01-06T03:54:52,1633360331.614248,2021-10-04T18:12:11
315968106,782100,3304395,20.528717041015625,0,4,13,0,1980-01-06T03:55:06,1633360347.1050649,2021-10-04T18:12:27
315968120,782100,3318395,15.25762939453125,1,157,13,0,1980-01-06T03:55:20,1633360360.4238648,2021-10-04T18:12:40
315968133,782100,3331395,20.03338623046875,0,41,13,0,1980-01-06T03:55:33,1633360373.6748729,2021-10-04T18:12:53
315968147,782100,3345395,15.4461669921875,1,194,13,0,1980-01-06T03:55:47,1633360386.884629,2021-10-04T18:13:06
315968160,782100,3358395,19.699676513671875,0,79,13,0,1980-01-06T03:56:00,1633360402.103569,2021-10-04T18:13:22
315968176,782100,3374395,16.9195556640625,1,252,13,0,1980-01-06T03:56:16,1633360415.334048,2021-10-04T18:13:35
315968189,782100,3387395,18.2918701171875,0,138,13,0,1980-01-06T03:56:29,1633360431.353945,2021-10-04T18:13:51
315968203,782100,3401395,20.07489013671875,0,33,13,0,1980-01-06T03:56:43,1633360443.933861,2021-10-04T18:14:03
315968217,782100,3415395,15.4931640625,0,186,13,0,1980-01-06T03:56:57,1633360457.2028089,2021-10-04T18:14:17
315968230,782100,3428395,20.405487060546875,0,71,13,0,1980-01-06T03:57:10,1633360470.4334729,2021-10-04T18:14:30
315968244,782100,3442395,15.399139404296875,1,223,13,0,1980-01-06T03:57:24,1633360483.693708,2021-10-04T18:14:43
315968256,782100,3454395,22.176849365234375,0,98,13,0,1980-01-06T03:57:36,1633360496.9125688,2021-10-04T18:14:56
315968270,782100,3468395,15.77374267578125,1,251,13,0,1980-01-06T03:57:50,1633360509.4722009,2021-10-04T18:15:09
315968283,782100,3481395,18.723968505859375,0,135,13,0,1980-01-06T03:58:03,1633360522.712625,2021-10-04T18:15:22
315968297,782100,3495395,17.545654296875,1,32,13,0,1980-01-06T03:58:17,1633360535.9817438,2021-10-04T18:15:35
315968311,1400,3508395,18.637939453125,0,173,13,0,1980-01-06T03:58:31,1633360551.3841999,2021-10-04T18:15:51
315968325,1400,3522395,18.03021240234375,1,69,13,0,1980-01-06T03:58:45,1633360564.6417449,2021-10-04T18:16:04
315968338,1400,3535395,17.81072998046875,0,210,13,0,1980-01-06T03:58:58,1633360577.851989,2021-10-04T18:16:17
315968352,1400,3549395,19.36309814453125,1,107,13,0,1980-01-06T03:59:12,1633360591.081668,2021-10-04T18:16:31
315968366,1400,3563395,16.693328857421875,0,2,13,0,1980-01-06T03:59:26,1633360604.331285,2021-10-04T18:16:44
315968379,1400,3576395,20.157806396484375,0,144,13,0,1980-01-06T03:59:39,1633360617.603477,2021-10-04T18:16:57
315968393,1400,3590395,15.63372802734375,0,39,13,0,1980-01-06T03:59:53,1633360630.870632,2021-10-04T18:17:10
315968406,178400,3603395,20.733306884765625,0,182,13,0,1980-01-06T04:00:06,1633360646.331305,2021-10-04T18:17:26
315968420,178400,3617395,15.020416259765625,0,76,13,0,1980-01-06T04:00:20,1633360659.5902328,2021-10-04T18:17:39
315968433,178400,3630395,20.24053955078125,0,219,13,0,1980-01-06T04:00:33,1633360672.7700489,2021-10-04T18:17:52
315968446,178400,3643395,15.4931640625,1,104,13,0,1980-01-06T04:00:46,1633360685.930485,2021-10-04T18:18:05
315968460,178400,3657395,19.36309814453125,0,0,13,0,1980-01-06T04:01:00,1633360699.180229,2021-10-04T18:18:19
315968474,178400,3671395,16.3741455078125,1,151,13,0,1980-01-06T04:01:14,1633360712.449584,2021-10-04T18:18:32
315968488,178400,3685395,18.809814453125,0,48,13,0,1980-01-06T04:01:28,1633360725.659492,2021-10-04T18:18:45
315968500,178400,3697395,17.5899658203125,1,178,13,0,1980-01-06T04:01:40,1633360741.141245,2021-10-04T18:19:01
315968514,327100,3711395,17.986419677734375,0,75,13,0,1980-01-06T04:01:54,1633360754.269625,2021-10-04T18:19:14
315968527,327100,3724395,17.766693115234375,1,216,13,0,1980-01-06T04:02:07,1633360766.8790128,2021-10-04T18:19:26
315968541,327100,3738395,16.6024169921875,0,113,13,0,1980-01-06T04:02:21,1633360780.0792248,2021-10-04T18:19:40
315968555,327100,3752395,19.86688232421875,0,7,13,0,1980-01-06T04:02:35,1633360793.878536,2021-10-04T18:19:53
315968569,327100,3766395,15.77374267578125,1,160,13,0,1980-01-06T04:02:49,1633360807.129709,2021-10-04T18:20:07
315968582,327100,3779395,19.531768798828125,0,45,13,0,1980-01-06T04:03:02,1633360820.298285,2021-10-04T18:20:20
315968595,327100,3792395,16.005889892578125,1,187,13,0,1980-01-06T04:03:15,1633360832.948504,2021-10-04T18:20:32
315968608,327100,3805395,18.809814453125,0,72,13,0,1980-01-06T04:03:28,1633360848.358913,2021-10-04T18:20:48
315968622,327100,3819395,17.678436279296875,1,225,13,0,1980-01-06T04:03:42,1633360861.697973,2021-10-04T18:21:01
315968637,327100,3834395,15.0679931640625,1,132,13,0,1980-01-06T04:03:57,1633360875.5783088,2021-10-04T18:21:15
315968649,327100,3846395,19.1512451171875,0,6,13,0,1980-01-06T04:04:09,1633360888.92768,2021-10-04T18:21:28
315968663,327100,3860395,18.5948486328125,1,157,13,0,1980-01-06T04:04:23,1633360902.237321,2021-10-04T18:21:42
315968676,327100,3873395,15.63372802734375,0,44,13,0,1980-01-06T04:04:36,1633360914.9071488,2021-10-04T18:21:54
315968690,327100,3887395,19.82513427734375,0,194,13,0,1980-01-06T04:04:50,1633360928.278365,2021-10-04T18:22:08
315968704,327100,3901395,17.0096435546875,1,91,13,0,1980-01-06T04:05:04,1633360943.8473198,2021-10-04T18:22:23
315968717,327100,3914395,16.964630126953125,0,232,13,0,1980-01-06T04:05:17,1633360957.14652,2021-10-04T18:22:37
315968731,327100,3928395,20.281829833984375,0,129,13,0,1980-01-06T04:05:31,1633360971.08808,2021-10-04T18:22:51
315968745,327100,3942395,15.4461669921875,1,25,13,0,1980-01-06T04:05:45,1633360983.8062449,2021-10-04T18:23:03
315968758,327100,3955395,19.447509765625,0,166,13,0,1980-01-06T04:05:58,1633360997.196136,2021-10-04T18:23:17
315968772,327100,3969395,16.3741455078125,1,63,13,0,1980-01-06T04:06:12,1633361010.595957,2021-10-04T18:23:30
315968786,327100,3983395,17.63421630859375,0,214,13,0,1980-01-06T04:06:26,1633361023.906045,2021-10-04T18:23:43
315968798,327100,3995395,18.76690673828125,1,88,13,0,1980-01-06T04:06:38,1633361039.41656,2021-10-04T18:23:59
315968813,482600,4010395,16.419952392578125,1,251,13,0,1980-01-06T04:06:53,1633361052.70552,2021-10-04T18:24:12
315968827,482600,4024395,15.866790771484375,0,148,13,0,1980-01-06T04:07:07,1633361066.106149,2021-10-04T18:24:26
315968840,482600,4037395,19.950225830078125,1,32,13,0,1980-01-06T04:07:20,1633361079.5251958,2021-10-04T18:24:39
315968853,482600,4050395,14.5411376953125,1,175,13,0,1980-01-06T04:07:33,1633361092.955832,2021-10-04T18:24:52
315968867,482600,4064395,17.501251220703125,0,70,13,0,1980-01-06T04:07:47,1633361105.705509,2021-10-04T18:25:05
315968881,482600,4078395,19.783355712890625,1,223,13,0,1980-01-06T04:08:01,1633361119.0849528,2021-10-04T18:25:19
315968894,482600,4091395,15.54010009765625,1,107,13,0,1980-01-06T04:08:14,1633361132.475153,2021-10-04T18:25:32
315968908,482600,4105395,18.11761474609375,0,4,13,0,1980-01-06T04:08:28,1633361148.14604,2021-10-04T18:25:48
315968922,482600,4119395,18.98089599609375,1,157,13,0,1980-01-06T04:08:42,1633361161.485916,2021-10-04T18:26:01
315968935,482600,4132395,14.250274658203125,1,41,13,0,1980-01-06T04:08:55,1633361174.8147569,2021-10-04T18:26:14
315968949,482600,4146395,18.465301513671875,0,194,13,0,1980-01-06T04:09:09,1633361188.224469,2021-10-04T18:26:28
315968963,482600,4160395,18.76690673828125,1,89,13,0,1980-01-06T04:09:23,1633361201.606113,2021-10-04T18:26:41
315968976,482600,4173395,15.162933349609375,1,232,13,0,1980-01-06T04:09:36,1633361215.004521,2021-10-04T18:26:55
315968990,482600,4187395,16.64788818359375,0,126,13,0,1980-01-06T04:09:50,1633361228.394057,2021-10-04T18:27:08
315969004,482600,4201395,19.10870361328125,1,23,13,0,1980-01-06T04:10:04,1633361243.9749599,2021-10-04T18:27:23
315969018,482600,4215395,14.589385986328125,1,176,13,0,1980-01-06T04:10:18,1633361257.243981,2021-10-04T18:27:37
315964805,854200,8375,9.2056884765625,1,81,13,0,1980-01-06T03:00:05,1633362584.591456,2021-10-04T18:49:44
315964818,854200,21375,20.281829833984375,0,223,13,0,1980-01-06T03:00:18,1633362597.0128238,2021-10-04T18:49:57
315964831,854200,34375,16.144439697265625,0,108,13,0,1980-01-06T03:00:31,1633362612.0908449,2021-10-04T18:50:12
315964847,854200,50375,20.24053955078125,0,25,13,0,1980-01-06T03:00:47,1633362625.782068,2021-10-04T18:50:25
315964860,854200,63375,16.144439697265625,0,168,13,0,1980-01-06T03:01:00,1633362638.640992,2021-10-04T18:50:38
315964873,854200,76375,20.97747802734375,0,52,13,0,1980-01-06T03:01:13,1633362651.070788,2021-10-04T18:50:51
315964886,854200,89375,17.05462646484375,0,193,13,0,1980-01-06T03:01:26,1633362666.150296,2021-10-04T18:51:06
315964912,854200,115375,17.09954833984375,0,221,13,0,1980-01-06T03:01:52,1633362691.560093,2021-10-04T18:51:31
315964926,854200,129375,19.657745361328125,0,132,13,0,1980-01-06T03:02:06,1633362705.210345,2021-10-04T18:51:45
315964940,854200,143375,17.722564697265625,0,41,13,0,1980-01-06T03:02:20,1633362718.860157,2021-10-04T18:51:58
315964954,854200,157375,19.32080078125,1,207,13,0,1980-01-06T03:02:34,1633362731.801476,2021-10-04T18:52:11
315964981,854200,184375,18.938201904296875,1,16,13,0,1980-01-06T03:03:01,1633362760.380208,2021-10-04T18:52:40
315964994,854200,197375,18.98089599609375,0,169,13,0,1980-01-06T03:03:14,1633362773.3892798,2021-10-04T18:52:53
315965010,888500,211375,17.233917236328125,1,80,13,0,1980-01-06T03:03:30,1633362789.040813,2021-10-04T18:53:09
315965027,888500,228375,18.03021240234375,0,27,13,0,1980-01-06T03:03:47,1633362804.6691198,2021-10-04T18:53:24
315965040,888500,241375,18.11761474609375,1,180,13,0,1980-01-06T03:04:00,1633362819.689293,2021-10-04T18:53:39
315965055,888500,256375,18.03021240234375,0,102,13,0,1980-01-06T03:04:15,1633362833.2287169,2021-10-04T18:53:53
315965069,888500,270375,16.419952392578125,1,13,13,0,1980-01-06T03:04:29,1633362848.2488,2021-10-04T18:54:08
315965088,888500,289375,18.11761474609375,0,238,13,0,1980-01-06T03:04:48,1633362863.808765,2021-10-04T18:54:23
315965177,62000,377375,17.63421630859375,0,1,13,0,1980-01-06T03:06:17,1633362953.738405,2021-10-04T18:55:53
315965190,62000,390375,15.304840087890625,0,157,13,0,1980-01-06T03:06:30,1633362966.7364368,2021-10-04T18:56:06
315965256,62000,456375,20.97747802734375,0,172,13,0,1980-01-06T03:07:36,1633363032.5749369,2021-10-04T18:57:12
315965272,62000,472375,18.422027587890625,0,105,13,0,1980-01-06T03:07:52,1633363048.065053,2021-10-04T18:57:28
315965348,919900,549375,16.0521240234375,1,252,13,0,1980-01-06T03:09:08,1633363124.343356,2021-10-04T18:58:44
315965364,919900,565375,21.26043701171875,0,185,13,0,1980-01-06T03:09:24,1633363141.8243809,2021-10-04T18:59:01
315965381,919900,582375,18.465301513671875,0,131,13,0,1980-01-06T03:09:41,1633363158.8128328,2021-10-04T18:59:18
315965395,919900,596375,16.190521240234375,0,40,13,0,1980-01-06T03:09:55,1633363174.362645,2021-10-04T18:59:34
315965410,919900,611375,19.657745361328125,0,218,13,0,1980-01-06T03:10:10,1633363189.3224409,2021-10-04T18:59:49
315965426,919900,627375,20.405487060546875,0,153,13,0,1980-01-06T03:10:26,1633363202.9339519,2021-10-04T19:00:02
315965463,919900,664375,15.9595947265625,1,80,13,0,1980-01-06T03:11:03,1633363240.263185,2021-10-04T19:00:40
315965478,919900,679375,21.05853271484375,0,2,13,0,1980-01-06T03:11:18,1633363257.9019408,2021-10-04T19:00:57
315965496,919900,697375,18.422027587890625,0,215,13,0,1980-01-06T03:11:36,1633363274.950796,2021-10-04T19:01:14
315965518,43700,718375,15.77374267578125,0,209,13,0,1980-01-06T03:11:58,1633363296.570852,2021-10-04T19:01:36
315965535,43700,735375,21.01800537109375,0,155,13,0,1980-01-06T03:12:15,1633363313.540452,2021-10-04T19:01:53
315965554,43700,754375,19.657745361328125,0,124,13,0,1980-01-06T03:12:34,1633363331.7707639,2021-10-04T19:02:11
315965569,43700,769375,17.5899658203125,0,46,13,0,1980-01-06T03:12:49,1633363346.770201,2021-10-04T19:02:26
315965589,43700,789375,15.586944580078125,0,28,13,0,1980-01-06T03:13:09,1633363368.4096599,2021-10-04T19:02:48
