time_s,time_us,time_steady,temperature,seq,srcSystem,srcComponent,time_gregorian,log_timestamp,log_timestamp_gregorian
315965011,537870,211977,11.9375,50,10,2,1980-01-06T03:03:31,1633357253.335481,2021-10-04T17:20:53
315965018,626801,219076,11.875,112,10,2,1980-01-06T03:03:38,1633357259.54582,2021-10-04T17:20:59
315965025,629422,226162,11.6875,174,10,2,1980-01-06T03:03:45,1633357268.37514,2021-10-04T17:21:08
315965032,633188,233074,11.5,232,10,2,1980-01-06T03:03:52,1633357275.176781,2021-10-04T17:21:15
315965039,656839,240113,11.25,38,10,2,1980-01-06T03:03:59,1633357281.966209,2021-10-04T17:21:21
315965045,678815,246116,11.125,90,10,2,1980-01-06T03:04:05,1633357288.205232,2021-10-04T17:21:28
315965053,676825,254134,10.875,162,10,2,1980-01-06T03:04:13,1633357295.625553,2021-10-04T17:21:35
315965059,729526,260254,10.6875,214,10,2,1980-01-06T03:04:19,1633357301.8157399,2021-10-04T17:21:41
315965065,736797,266181,10.5,10,10,2,1980-01-06T03:04:25,1633357308.616652,2021-10-04T17:21:48
315965072,748488,273251,10.25,72,10,2,1980-01-06T03:04:32,1633357314.816664,2021-10-04T17:21:54
315965079,746828,280184,10.0,130,10,2,1980-01-06T03:04:39,1633357321.615401,2021-10-04T17:22:01
315965086,746779,287184,9.6875,192,10,2,1980-01-06T03:04:46,1633357327.765612,2021-10-04T17:22:07
315965093,759837,294209,9.5,254,10,2,1980-01-06T03:04:53,1633357336.6255288,2021-10-04T17:22:16
315965100,798794,301265,9.25,60,10,2,1980-01-06T03:05:00,1633357343.3956568,2021-10-04T17:22:23
315965107,811977,308236,9.0,122,10,2,1980-01-06T03:05:07,1633357350.2056758,2021-10-04T17:22:30
315965113,900962,314300,8.6875,174,10,2,1980-01-06T03:05:13,1633357356.405601,2021-10-04T17:22:36
315965121,898800,322301,8.375,242,10,2,1980-01-06T03:05:21,1633357363.746093,2021-10-04T17:22:43
315965127,908803,328374,8.125,38,10,2,1980-01-06T03:05:27,1633357369.9656448,2021-10-04T17:22:49
315965134,901704,335303,7.875,100,10,2,1980-01-06T03:05:34,1633357376.756036,2021-10-04T17:22:56
315965140,928810,341398,7.4375,152,10,2,1980-01-06T03:05:40,1633357382.9665608,2021-10-04T17:23:02
315965147,961411,348373,7.125,214,10,2,1980-01-06T03:05:47,1633357389.736193,2021-10-04T17:23:09
315965169,141722,369542,6.125,140,10,2,1980-01-06T03:06:09,1633357411.6463048,2021-10-04T17:23:31
315965176,131848,376543,5.75,202,10,2,1980-01-06T03:06:16,1633357418.516425,2021-10-04T17:23:38
315965182,211532,382604,5.4375,254,10,2,1980-01-06T03:06:22,1633357424.7462769,2021-10-04T17:23:44
315965189,231436,389637,5.125,60,10,2,1980-01-06T03:06:29,1633357431.476565,2021-10-04T17:23:51
315965195,228955,395624,4.875,112,10,2,1980-01-06T03:06:35,1633357438.276541,2021-10-04T17:23:58
315965203,339732,403626,4.5625,184,10,2,1980-01-06T03:06:43,1633357445.09658,2021-10-04T17:24:05
315965210,359891,410634,4.25,242,10,2,1980-01-06T03:06:50,1633357451.9262118,2021-10-04T17:24:11
315965224,392369,424749,3.5,110,10,2,1980-01-06T03:07:04,1633357466.966301,2021-10-04T17:24:26
315965231,399761,431681,3.375,172,10,2,1980-01-06T03:07:11,1633357473.778805,2021-10-04T17:24:33
315965237,439646,437792,3.0625,224,10,2,1980-01-06T03:07:17,1633357479.9963279,2021-10-04T17:24:39
315965244,432066,444705,2.8125,30,10,2,1980-01-06T03:07:24,1633357486.8562279,2021-10-04T17:24:46
315965250,439642,450711,2.5,82,10,2,1980-01-06T03:07:30,1633357493.6366649,2021-10-04T17:24:53
315965258,489631,458846,2.0,150,10,2,1980-01-06T03:07:38,1633357500.498836,2021-10-04T17:25:00
315965264,532472,464816,1.875,202,10,2,1980-01-06T03:07:44,1633357506.71748,2021-10-04T17:25:06
315965271,569734,471920,1.875,8,10,2,1980-01-06T03:07:51,1633357513.538404,2021-10-04T17:25:13
315965278,622386,478914,1.875,70,10,2,1980-01-06T03:07:58,1633357519.706425,2021-10-04T17:25:19
315965285,622948,485914,2.0,132,10,2,1980-01-06T03:08:05,1633357529.1068928,2021-10-04T17:25:29
315965299,675881,499988,2.125,252,10,2,1980-01-06T03:08:19,1633357542.2165198,2021-10-04T17:25:42
315965306,698928,506938,2.0625,58,10,2,1980-01-06T03:08:26,1633357548.996981,2021-10-04T17:25:48
315965313,705501,513952,2.0625,120,10,2,1980-01-06T03:08:33,1633357555.8473969,2021-10-04T17:25:55
315965319,728283,519977,2.0625,172,10,2,1980-01-06T03:08:39,1633357562.6465929,2021-10-04T17:26:02
315965326,755938,527014,2.0,234,10,2,1980-01-06T03:08:46,1633357568.866744,2021-10-04T17:26:08
315965332,775827,533015,2.0,30,10,2,1980-01-06T03:08:52,1633357575.6469438,2021-10-04T17:26:15
315965340,776335,541017,1.9375,98,10,2,1980-01-06T03:09:00,1633357582.486552,2021-10-04T17:26:22
315965347,775601,548026,1.8125,160,10,2,1980-01-06T03:09:07,1633357588.766516,2021-10-04T17:26:28
315965360,858404,561113,1.8125,18,10,2,1980-01-06T03:09:20,1633357603.906821,2021-10-04T17:26:43
315965368,858427,569185,1.6875,86,10,2,1980-01-06T03:09:28,1633357611.316936,2021-10-04T17:26:51
315965374,945514,575183,1.625,138,10,2,1980-01-06T03:09:34,1633357617.57828,2021-10-04T17:26:57
315965382,7818,582263,1.625,200,10,2,1980-01-06T03:09:42,1633357624.4073758,2021-10-04T17:27:04
315965388,935593,589175,1.5,6,10,2,1980-01-06T03:09:48,1633357631.216616,2021-10-04T17:27:11
315965396,935593,597175,1.5,74,10,2,1980-01-06T03:09:56,1633357638.027021,2021-10-04T17:27:18
315965404,167527,604175,1.375,136,10,2,1980-01-06T03:10:04,1633357644.907044,2021-10-04T17:27:24
315965410,217508,610243,1.3125,188,10,2,1980-01-06T03:10:10,1633357653.816648,2021-10-04T17:27:33
315965424,280147,624304,1.0625,56,10,2,1980-01-06T03:10:24,1633357666.8267329,2021-10-04T17:27:46
315965430,309824,630310,0.9375,108,10,2,1980-01-06T03:10:30,1633357673.087072,2021-10-04T17:27:53
315965437,327403,637335,0.8125,170,10,2,1980-01-06T03:10:37,1633357679.837061,2021-10-04T17:27:59
315965444,397425,644476,0.75,232,10,2,1980-01-06T03:10:44,1633357686.61686,2021-10-04T17:28:06
315965451,407427,651448,0.625,38,10,2,1980-01-06T03:10:51,1633357693.43712,2021-10-04T17:28:13
315965458,417436,658443,0.4375,96,10,2,1980-01-06T03:10:58,1633357699.6666288,2021-10-04T17:28:19
315965465,400154,665399,0.25,158,10,2,1980-01-06T03:11:05,1633357706.4767199,2021-10-04T17:28:26
315965471,397418,671423,0.125,210,10,2,1980-01-06T03:11:11,1633357712.686956,2021-10-04T17:28:32
315965478,460356,678483,-0.0625,16,10,2,1980-01-06T03:11:18,1633357719.5169969,2021-10-04T17:28:39
315965492,478462,692497,-0.3125,140,10,2,1980-01-06T03:11:32,1633357735.2071118,2021-10-04T17:28:55
315965498,477407,698570,-0.4375,192,10,2,1980-01-06T03:11:38,1633357741.9769008,2021-10-04T17:29:01
315965506,587743,706587,-0.625,4,10,2,1980-01-06T03:11:46,1633357748.2868009,2021-10-04T17:29:08
315965513,637743,713554,-0.75,66,10,2,1980-01-06T03:11:53,1633357755.056813,2021-10-04T17:29:15
315965520,597912,720526,-0.875,128,10,2,1980-01-06T03:12:00,1633357761.907189,2021-10-04T17:29:21
315965526,597930,726592,-1.0,180,10,2,1980-01-06T03:12:06,1633357768.129024,2021-10-04T17:29:28
315965533,605015,733532,-1.125,242,10,2,1980-01-06T03:12:13,1633357774.9479718,2021-10-04T17:29:34
315965539,605129,739594,-1.3125,38,10,2,1980-01-06T03:12:19,1633357781.866808,2021-10-04T17:29:41
315965547,677741,747605,-1.5625,106,10,2,1980-01-06T03:12:27,1633357790.7674599,2021-10-04T17:29:50
315965554,685008,754610,-1.8125,168,10,2,1980-01-06T03:12:34,1633357797.0469449,2021-10-04T17:29:57
315965561,821228,761751,-2.0,230,10,2,1980-01-06T03:12:41,1633357803.8788998,2021-10-04T17:30:03
315965567,825361,767835,-2.125,26,10,2,1980-01-06T03:12:47,1633357810.096885,2021-10-04T17:30:10
315965575,885149,775880,-2.3125,98,10,2,1980-01-06T03:12:55,1633357817.5676289,2021-10-04T17:30:17
315965581,895565,781814,-2.5625,150,10,2,1980-01-06T03:13:01,1633357823.8172479,2021-10-04T17:30:23
315965589,15114,789010,-2.75,212,10,2,1980-01-06T03:13:09,1633357831.3697639,2021-10-04T17:30:31
315965596,7807,796014,-2.875,18,10,2,1980-01-06T03:13:16,1633357837.657469,2021-10-04T17:30:37
315965604,104226,803985,-3.0625,86,10,2,1980-01-06T03:13:24,1633357844.499413,2021-10-04T17:30:44
315965610,154711,810039,-3.4375,138,10,2,1980-01-06T03:13:30,1633357850.707545,2021-10-04T17:30:50
315965617,194503,817076,-3.875,200,10,2,1980-01-06T03:13:37,1633357859.6174169,2021-10-04T17:30:59
315965623,204114,823086,-4.125,252,10,2,1980-01-06T03:13:43,1633357866.467373,2021-10-04T17:31:06
315965631,300294,831183,-4.6875,68,10,2,1980-01-06T03:13:51,1633357873.277413,2021-10-04T17:31:13
315965637,295157,837249,-5.0625,120,10,2,1980-01-06T03:13:57,1633357879.5470169,2021-10-04T17:31:19
315965644,376428,844255,-5.1875,182,10,2,1980-01-06T03:14:04,1633357886.327164,2021-10-04T17:31:26
315965650,415312,850373,-5.5,234,10,2,1980-01-06T03:14:10,1633357892.57726,2021-10-04T17:31:32
315965657,414215,857294,-5.6875,40,10,2,1980-01-06T03:14:17,1633357899.366793,2021-10-04T17:31:39
315965665,454444,865335,-5.875,108,10,2,1980-01-06T03:14:25,1633357906.2471318,2021-10-04T17:31:46
315965672,484617,872365,-6.0,170,10,2,1980-01-06T03:14:32,1633357913.0569959,2021-10-04T17:31:53
315965678,554286,878435,-6.125,222,10,2,1980-01-06T03:14:38,1633357919.2772129,2021-10-04T17:31:59
315965685,574113,885454,-6.25,28,10,2,1980-01-06T03:14:45,1633357928.7969398,2021-10-04T17:32:08
315965691,594429,891493,-6.3125,80,10,2,1980-01-06T03:14:51,1633357934.997052,2021-10-04T17:32:14
315965699,646836,899624,-6.5,152,10,2,1980-01-06T03:14:59,1633357941.8068879,2021-10-04T17:32:21
315965705,647031,905536,-6.6875,204,10,2,1980-01-06T03:15:05,1633357948.0581448,2021-10-04T17:32:28
315965712,684590,912647,-6.875,6,10,2,1980-01-06T03:15:12,1633357954.906937,2021-10-04T17:32:34
315965719,740201,919632,-7.125,68,10,2,1980-01-06T03:15:19,1633357961.1970038,2021-10-04T17:32:41
315965726,736892,926633,-7.375,130,10,2,1980-01-06T03:15:26,1633357968.6171598,2021-10-04T17:32:48
315965733,855841,933731,-7.5625,192,10,2,1980-01-06T03:15:33,1633357974.8695278,2021-10-04T17:32:54
315965740,924123,940804,-7.875,254,10,2,1980-01-06T03:15:40,1633357981.75688,2021-10-04T17:33:01
315965746,986848,946877,-8.0625,50,10,2,1980-01-06T03:15:46,1633357987.9771369,2021-10-04T17:33:07
315965755,55426,954961,-8.375,122,10,2,1980-01-06T03:15:55,1633357997.516885,2021-10-04T17:33:17
315965761,128200,961006,-8.75,174,10,2,1980-01-06T03:16:01,1633358003.806865,2021-10-04T17:33:23
315965768,156858,968054,-9.0625,232,10,2,1980-01-06T03:16:08,1633358011.216908,2021-10-04T17:33:31
315965775,244418,975207,-9.4375,38,10,2,1980-01-06T03:16:15,1633358017.407009,2021-10-04T17:33:37
315965782,254941,982136,-9.8125,100,10,2,1980-01-06T03:16:22,1633358024.1972408,2021-10-04T17:33:44
315965789,254411,989131,-10.0625,162,10,2,1980-01-06T03:16:29,1633358030.407176,2021-10-04T17:33:50
315965796,264803,996144,-10.375,224,10,2,1980-01-06T03:16:36,1633358037.2176719,2021-10-04T17:33:57
315965802,309728,1002164,-10.625,20,10,2,1980-01-06T03:16:42,1633358043.4366999,2021-10-04T17:34:03
315965809,322311,1009204,-11.0,82,10,2,1980-01-06T03:16:49,1633358053.0376048,2021-10-04T17:34:13
315965816,399503,1016266,-11.1875,140,10,2,1980-01-06T03:16:56,1633358059.287257,2021-10-04T17:34:19
315965823,512347,1023365,-11.5,202,10,2,1980-01-06T03:17:03,1633358066.157289,2021-10-04T17:34:26
315965830,512148,1030378,-11.8125,8,10,2,1980-01-06T03:17:10,1633358072.446969,2021-10-04T17:34:32
315965837,502187,1037369,-12.0625,70,10,2,1980-01-06T03:17:17,1633358079.287004,2021-10-04T17:34:39
315965844,579365,1044504,-12.3125,132,10,2,1980-01-06T03:17:24,1633358086.086936,2021-10-04T17:34:46
315965851,569481,1051453,-12.625,194,10,2,1980-01-06T03:17:31,1633358092.9170358,2021-10-04T17:34:52
315965857,629773,1057551,-12.875,246,10,2,1980-01-06T03:17:37,1633358099.7168489,2021-10-04T17:34:59
315965865,639498,1065506,-13.125,58,10,2,1980-01-06T03:17:45,1633358106.576881,2021-10-04T17:35:06
315965871,669481,1071536,-13.4375,110,10,2,1980-01-06T03:17:51,1633358112.836652,2021-10-04T17:35:12
315965878,732216,1078604,-13.8125,172,10,2,1980-01-06T03:17:58,1633358123.667568,2021-10-04T17:35:23
315965886,759592,1086616,-14.0625,244,10,2,1980-01-06T03:18:06,1633358129.94736,2021-10-04T17:35:29
315965895,792248,1095729,-14.4375,66,10,2,1980-01-06T03:18:15,1633358137.4667199,2021-10-04T17:35:37
315965902,54800,1101676,-14.625,118,10,2,1980-01-06T03:18:22,1633358143.697712,2021-10-04T17:35:43
315965909,57423,1108684,-15.0625,180,10,2,1980-01-06T03:18:29,1633358150.596837,2021-10-04T17:35:50
315965915,136948,1114757,-15.3125,232,10,2,1980-01-06T03:18:35,1633358156.917096,2021-10-04T17:35:56
315965922,214701,1121838,-15.5,38,10,2,1980-01-06T03:18:42,1633358163.766888,2021-10-04T17:36:03
315965929,267610,1128968,-15.625,100,10,2,1980-01-06T03:18:49,1633358170.617269,2021-10-04T17:36:10
315965937,357419,1136977,-15.8125,168,10,2,1980-01-06T03:18:57,1633358177.556777,2021-10-04T17:36:17
315965943,365356,1142986,-16.0,220,10,2,1980-01-06T03:19:03,1633358185.7274048,2021-10-04T17:36:25
315965953,536964,1153156,-16.375,52,10,2,1980-01-06T03:19:13,1633358195.3265479,2021-10-04T17:36:35
315965959,537057,1159149,-16.5,108,10,2,1980-01-06T03:19:19,1633358201.5967278,2021-10-04T17:36:41
315965966,697264,1166325,-16.6875,170,10,2,1980-01-06T03:19:26,1633358208.456804,2021-10-04T17:36:48
315965972,707597,1172411,-16.875,222,10,2,1980-01-06T03:19:32,1633358214.6966639,2021-10-04T17:36:54
315965980,804683,1180486,-17.1875,34,10,2,1980-01-06T03:19:40,1633358222.1270518,2021-10-04T17:37:02
315965985,865151,1185558,-17.4375,80,10,2,1980-01-06T03:19:45,1633358230.306809,2021-10-04T17:37:10
315965995,886701,1195613,-18.0625,168,10,2,1980-01-06T03:19:55,1633358237.1568239,2021-10-04T17:37:17
315966002,931443,1202505,-18.3125,226,10,2,1980-01-06T03:20:02,1633358243.976388,2021-10-04T17:37:23
315966010,961168,1210545,-18.8125,42,10,2,1980-01-06T03:20:10,1633358253.026752,2021-10-04T17:37:33
315966017,41097,1216616,-19.0625,94,10,2,1980-01-06T03:20:17,1633358259.317241,2021-10-04T17:37:39
315966024,53787,1223645,-19.4375,156,10,2,1980-01-06T03:20:24,1633358266.147032,2021-10-04T17:37:46
315966030,77270,1229656,-19.875,208,10,2,1980-01-06T03:20:30,1633358274.316685,2021-10-04T17:37:54
315966040,74052,1239658,-20.4375,40,10,2,1980-01-06T03:20:40,1633358281.81652,2021-10-04T17:38:01
315966047,183977,1246785,-20.8125,102,10,2,1980-01-06T03:20:47,1633358288.776329,2021-10-04T17:38:08
315966055,183789,1254773,-21.25,170,10,2,1980-01-06T03:20:55,1633358295.666584,2021-10-04T17:38:15
315966061,201079,1260764,-21.5,222,10,2,1980-01-06T03:21:01,1633358301.939625,2021-10-04T17:38:21
315966068,211173,1267803,-21.875,28,10,2,1980-01-06T03:21:08,1633358308.879,2021-10-04T17:38:28
315966074,261165,1273853,-22.125,80,10,2,1980-01-06T03:21:14,1633358317.876852,2021-10-04T17:38:37
315966081,293882,1280879,-22.25,142,10,2,1980-01-06T03:21:21,1633358324.8165329,2021-10-04T17:38:44
315966089,357372,1288934,-22.625,214,10,2,1980-01-06T03:21:29,1633358331.1264038,2021-10-04T17:38:51
315966096,371584,1295947,-22.875,16,10,2,1980-01-06T03:21:36,1633358338.0362248,2021-10-04T17:38:58
315966102,371086,1302049,-23.125,72,10,2,1980-01-06T03:21:42,1633358344.2966518,2021-10-04T17:39:04
315966109,447570,1309024,-23.4375,130,10,2,1980-01-06T03:21:49,1633358351.206517,2021-10-04T17:39:11
315966116,451093,1316028,-23.9375,192,10,2,1980-01-06T03:21:56,1633358358.106664,2021-10-04T17:39:18
315966124,471704,1324048,-24.3125,8,10,2,1980-01-06T03:22:04,1633358364.928048,2021-10-04T17:39:24
315966131,493800,1331102,-24.75,70,10,2,1980-01-06T03:22:11,1633358371.7260609,2021-10-04T17:39:31
315966137,543856,1337126,-25.125,122,10,2,1980-01-06T03:22:17,1633358378.016785,2021-10-04T17:39:38
315966144,613800,1344224,-25.5,184,10,2,1980-01-06T03:22:24,1633358387.068668,2021-10-04T17:39:47
315966151,641383,1351225,-25.9375,242,10,2,1980-01-06T03:22:31,1633358393.967793,2021-10-04T17:39:53
315966158,623810,1358214,-26.3125,48,10,2,1980-01-06T03:22:38,1633358400.9697049,2021-10-04T17:40:00
315966166,691161,1366282,-26.75,120,10,2,1980-01-06T03:22:46,1633358407.726028,2021-10-04T17:40:07
315966172,833655,1372417,-27.125,172,10,2,1980-01-06T03:22:52,1633358414.01664,2021-10-04T17:40:14
315966179,773974,1379393,-27.625,234,10,2,1980-01-06T03:22:59,1633358420.836081,2021-10-04T17:40:20
315966185,802975,1385438,-27.9375,30,10,2,1980-01-06T03:23:05,1633358427.156044,2021-10-04T17:40:27
315966192,894112,1392503,-28.125,92,10,2,1980-01-06T03:23:12,1633358434.036252,2021-10-04T17:40:34
315966200,107038,1399484,-28.5,150,10,2,1980-01-06T03:23:20,1633358440.965932,2021-10-04T17:40:40
315966207,136798,1406515,-28.875,212,10,2,1980-01-06T03:23:27,1633358447.276093,2021-10-04T17:40:47
315966214,154070,1413534,-29.25,18,10,2,1980-01-06T03:23:34,1633358456.316412,2021-10-04T17:40:56
315966221,196928,1420573,-29.75,80,10,2,1980-01-06T03:23:41,1633358463.835916,2021-10-04T17:41:03
315966228,296794,1427670,-30.125,142,10,2,1980-01-06T03:23:48,1633358470.1360009,2021-10-04T17:41:10
315966235,456312,1434843,-30.5,204,10,2,1980-01-06T03:23:55,1633358477.026233,2021-10-04T17:41:17
315966242,394742,1441756,-30.9375,6,10,2,1980-01-06T03:24:02,1633358483.375908,2021-10-04T17:41:23
315966249,396810,1448774,-31.375,68,10,2,1980-01-06T03:24:09,1633358490.896512,2021-10-04T17:41:30
315966256,484058,1455865,-31.9375,130,10,2,1980-01-06T03:24:16,1633358497.2060728,2021-10-04T17:41:37
315966263,566787,1462944,-32.3125,192,10,2,1980-01-06T03:24:23,1633358504.125809,2021-10-04T17:41:44
315966269,596911,1468981,-32.8125,244,10,2,1980-01-06T03:24:29,1633358510.4361799,2021-10-04T17:41:50
315966277,594158,1476984,-33.375,60,10,2,1980-01-06T03:24:37,1633358519.547065,2021-10-04T17:41:59
315966283,596802,1482968,-33.6875,112,10,2,1980-01-06T03:24:43,1633358525.896517,2021-10-04T17:42:05
315966290,654179,1490014,-33.875,170,10,2,1980-01-06T03:24:50,1633358533.4558969,2021-10-04T17:42:13
315966297,674152,1497054,-34.4375,232,10,2,1980-01-06T03:24:57,1633358539.736445,2021-10-04T17:42:19
315966304,740296,1504063,-34.9375,38,10,2,1980-01-06T03:25:04,1633358546.686172,2021-10-04T17:42:26
315966311,748037,1511059,-35.625,100,10,2,1980-01-06T03:25:11,1633358553.086217,2021-10-04T17:42:33
315966318,778452,1518101,-36.125,162,10,2,1980-01-06T03:25:18,1633358559.956197,2021-10-04T17:42:39
315966324,797759,1524113,-36.625,214,10,2,1980-01-06T03:25:24,1633358566.306316,2021-10-04T17:42:46
315966332,789952,1532088,-37.3125,26,10,2,1980-01-06T03:25:32,1633358573.256188,2021-10-04T17:42:53
315966338,800712,1538124,-37.5,78,10,2,1980-01-06T03:25:38,1633358579.655669,2021-10-04T17:42:59
315966345,810239,1545135,-38.0,140,10,2,1980-01-06T03:25:45,1633358586.586052,2021-10-04T17:43:06
315966351,807518,1551114,-38.25,192,10,2,1980-01-06T03:25:51,1633358592.8759649,2021-10-04T17:43:12
315966358,811034,1558134,-38.375,254,10,2,1980-01-06T03:25:58,1633358601.9063609,2021-10-04T17:43:21
315966364,830235,1564146,-38.375,50,10,2,1980-01-06T03:26:04,1633358608.236665,2021-10-04T17:43:28
315966371,930509,1571249,-38.8125,112,10,2,1980-01-06T03:26:11,1633358614.536424,2021-10-04T17:43:34
315966379,10344,1578334,-39.125,174,10,2,1980-01-06T03:26:19,1633358621.456449,2021-10-04T17:43:41
315966386,17659,1585412,-39.25,236,10,2,1980-01-06T03:26:26,1633358627.756196,2021-10-04T17:43:47
315966392,60273,1591384,-39.4375,32,10,2,1980-01-06T03:26:32,1633358634.075773,2021-10-04T17:43:54
315966400,343060,1599456,-39.625,100,10,2,1980-01-06T03:26:40,1633358641.596184,2021-10-04T17:44:01
315966406,433425,1605630,-39.875,156,10,2,1980-01-06T03:26:46,1633358647.9163759,2021-10-04T17:44:07
315966413,507361,1612625,-40.0,214,10,2,1980-01-06T03:26:53,1633358654.806537,2021-10-04T17:44:14
315966420,455842,1619570,-40.3125,20,10,2,1980-01-06T03:27:00,1633358661.166781,2021-10-04T17:44:21
315966426,453128,1625573,-40.3125,72,10,2,1980-01-06T03:27:06,1633358668.105916,2021-10-04T17:44:28
315966433,453127,1632640,-40.3125,134,10,2,1980-01-06T03:27:13,1633358674.4765089,2021-10-04T17:44:34
315966440,513233,1639596,-40.625,196,10,2,1980-01-06T03:27:20,1633358680.7976198,2021-10-04T17:44:40
315966446,513062,1645633,-41.0,248,10,2,1980-01-06T03:27:26,1633358687.217692,2021-10-04T17:44:47
315966453,534308,1652640,-41.25,54,10,2,1980-01-06T03:27:33,1633358694.137068,2021-10-04T17:44:54
315966460,555697,1659674,-41.375,112,10,2,1980-01-06T03:27:40,1633358700.475793,2021-10-04T17:45:00
315966467,582960,1666703,-42.0,174,10,2,1980-01-06T03:27:47,1633358709.6073558,2021-10-04T17:45:09
315966473,692965,1672800,-42.8125,226,10,2,1980-01-06T03:27:53,1633358715.9666839,2021-10-04T17:45:15
315966481,762976,1680866,-43.1875,42,10,2,1980-01-06T03:28:01,1633358722.8858728,2021-10-04T17:45:22
315966487,775821,1686963,-43.4375,94,10,2,1980-01-06T03:28:07,1633358729.245777,2021-10-04T17:45:29
315966494,873295,1693976,-43.875,156,10,2,1980-01-06T03:28:14,1633358736.7359169,2021-10-04T17:45:36
315966501,53386,1699975,-44.125,208,10,2,1980-01-06T03:28:21,1633358743.086097,2021-10-04T17:45:43
315966508,134379,1707133,-44.125,14,10,2,1980-01-06T03:28:28,1633358749.986312,2021-10-04T17:45:49
315966515,213692,1714150,-44.125,76,10,2,1980-01-06T03:28:35,1633358756.3769848,2021-10-04T17:45:56
315966522,234264,1721160,-44.125,134,10,2,1980-01-06T03:28:42,1633358762.696208,2021-10-04T17:46:02
315966528,316196,1727346,-44.0625,190,10,2,1980-01-06T03:28:48,1633358769.0262449,2021-10-04T17:46:09
315966535,356149,1734275,-44.0,248,10,2,1980-01-06T03:28:55,1633358777.825485,2021-10-04T17:46:17
315966543,476126,1742477,-44.25,64,10,2,1980-01-06T03:29:03,1633358784.214972,2021-10-04T17:46:24
315966551,486216,1750422,-44.5,132,10,2,1980-01-06T03:29:11,1633358791.1264448,2021-10-04T17:46:31
315966557,573387,1756495,-44.375,184,10,2,1980-01-06T03:29:17,1633358797.474356,2021-10-04T17:46:37
315966564,573520,1763514,-44.375,246,10,2,1980-01-06T03:29:24,1633358806.614784,2021-10-04T17:46:46
315966571,613433,1770613,-44.25,52,10,2,1980-01-06T03:29:31,1633358812.9939039,2021-10-04T17:46:52
315966578,623640,1777623,-44.125,114,10,2,1980-01-06T03:29:38,1633358820.4830039,2021-10-04T17:47:00
315966585,661825,1784580,-43.9375,176,10,2,1980-01-06T03:29:45,1633358826.8331208,2021-10-04T17:47:06
315966591,676128,1790606,-43.9375,228,10,2,1980-01-06T03:29:51,1633358833.203001,2021-10-04T17:47:13
315966598,693387,1797645,-43.8125,34,10,2,1980-01-06T03:29:58,1633358839.5516438,2021-10-04T17:47:19
315966605,764527,1804746,-43.8125,92,10,2,1980-01-06T03:30:05,1633358846.471585,2021-10-04T17:47:26
315966611,773714,1810714,-43.875,144,10,2,1980-01-06T03:30:11,1633358852.811069,2021-10-04T17:47:32
315966618,863683,1817803,-43.75,206,10,2,1980-01-06T03:30:18,1633358859.7110078,2021-10-04T17:47:39
315966624,923503,1823852,-43.875,2,10,2,1980-01-06T03:30:24,1633358866.110256,2021-10-04T17:47:46
315966632,923866,1831833,-43.9375,74,10,2,1980-01-06T03:30:32,1633358873.099869,2021-10-04T17:47:53
315966638,937939,1837873,-44.0,126,10,2,1980-01-06T03:30:38,1633358879.4394689,2021-10-04T17:47:59
315966645,933394,1844854,-43.9375,188,10,2,1980-01-06T03:30:45,1633358886.4324489,2021-10-04T17:48:06
315966652,933497,1851873,-44.25,250,10,2,1980-01-06T03:30:52,1633358892.768805,2021-10-04T17:48:12
315966660,53964,1858986,-44.3125,52,10,2,1980-01-06T03:31:00,1633358901.949585,2021-10-04T17:48:21
315966666,56128,1865012,-44.4375,108,10,2,1980-01-06T03:31:06,1633358908.319108,2021-10-04T17:48:28
315966674,154267,1873077,-44.625,176,10,2,1980-01-06T03:31:14,1633358915.287765,2021-10-04T17:48:35
315966680,143500,1879078,-44.5,228,10,2,1980-01-06T03:31:20,1633358922.217296,2021-10-04T17:48:42
315966687,156434,1886086,-44.3125,34,10,2,1980-01-06T03:31:27,1633358928.607192,2021-10-04T17:48:48
315966694,226145,1893242,-44.25,96,10,2,1980-01-06T03:31:34,1633358934.947497,2021-10-04T17:48:54
315966701,333826,1900226,-44.3125,158,10,2,1980-01-06T03:31:41,1633358941.886693,2021-10-04T17:49:01
315966707,271812,1906173,-44.375,210,10,2,1980-01-06T03:31:47,1633358948.216713,2021-10-04T17:49:08
315966714,361840,1913360,-44.4375,16,10,2,1980-01-06T03:31:54,1633358955.156296,2021-10-04T17:49:15
315966720,431840,1919323,-44.5,68,10,2,1980-01-06T03:32:00,1633358961.515264,2021-10-04T17:49:21
315966727,432132,1926346,-44.75,130,10,2,1980-01-06T03:32:07,1633358967.9152079,2021-10-04T17:49:27
315966733,434437,1932333,-44.6875,182,10,2,1980-01-06T03:32:13,1633358976.2049608,2021-10-04T17:49:36
315966742,471571,1941425,-44.5625,4,10,2,1980-01-06T03:32:22,1633358983.1143608,2021-10-04T17:49:43
315966749,551538,1948453,-44.5,66,10,2,1980-01-06T03:32:29,1633358990.1240919,2021-10-04T17:49:50
315966756,578647,1955474,-44.5,128,10,2,1980-01-06T03:32:36,1633358996.4840329,2021-10-04T17:49:56
315966763,551965,1962445,-44.5,186,10,2,1980-01-06T03:32:43,1633359005.6043398,2021-10-04T17:50:05
315966771,561538,1970464,-44.5,2,10,2,1980-01-06T03:32:51,1633359012.6032119,2021-10-04T17:50:12
315966777,581526,1976476,-44.5,54,10,2,1980-01-06T03:32:57,1633359019.02316,2021-10-04T17:50:19
315966784,571829,1983466,-44.625,116,10,2,1980-01-06T03:33:04,1633359026.022656,2021-10-04T17:50:26
315966791,661634,1990615,-44.8125,178,10,2,1980-01-06T03:33:11,1633359032.362205,2021-10-04T17:50:32
315966797,651667,1996534,-44.875,230,10,2,1980-01-06T03:33:17,1633359039.312433,2021-10-04T17:50:39
315966804,753363,2003564,-45.0625,32,10,2,1980-01-06T03:33:24,1633359045.651584,2021-10-04T17:50:45
315966811,833492,2010636,-45.1875,94,10,2,1980-01-06T03:33:31,1633359052.541553,2021-10-04T17:50:52
315966817,879447,2016674,-45.25,146,10,2,1980-01-06T03:33:37,1633359058.252748,2021-10-04T17:50:58
315966824,886163,2023694,-45.375,208,10,2,1980-01-06T03:33:44,1633359065.791452,2021-10-04T17:51:05
315966830,966251,2029856,-45.375,8,10,2,1980-01-06T03:33:50,1633359071.5815039,2021-10-04T17:51:11
315966838,56076,2036845,-45.1875,66,10,2,1980-01-06T03:33:58,1633359078.5104039,2021-10-04T17:51:18
315966845,64032,2043861,-45.0625,128,10,2,1980-01-06T03:34:05,1633359084.850512,2021-10-04T17:51:24
315966853,79340,2051885,-44.9375,200,10,2,1980-01-06T03:34:13,1633359094.660552,2021-10-04T17:51:34
315966858,63743,2056858,-44.75,242,10,2,1980-01-06T03:34:18,1633359098.2019129,2021-10-04T17:51:38
315966875,175759,2073966,-44.375,136,10,2,1980-01-06T03:34:35,1633359116.149308,2021-10-04T17:51:56
315966882,196393,2080999,-44.25,198,10,2,1980-01-06T03:34:42,1633359123.059057,2021-10-04T17:52:03
315966887,263466,2086056,-44.1875,240,10,2,1980-01-06T03:34:47,1633359128.808408,2021-10-04T17:52:08
315966894,346093,2093146,-44.125,46,10,2,1980-01-06T03:34:54,1633359136.3182158,2021-10-04T17:52:16
315966901,383411,2100163,-44.1875,108,10,2,1980-01-06T03:35:01,1633359143.978492,2021-10-04T17:52:23
315966910,570967,2109332,-44.1875,186,10,2,1980-01-06T03:35:10,1633359151.498328,2021-10-04T17:52:31
315966916,573410,2115348,-44.0625,238,10,2,1980-01-06T03:35:16,1633359157.2175488,2021-10-04T17:52:37
315966923,732977,2122494,-44.1875,44,10,2,1980-01-06T03:35:23,1633359164.7776809,2021-10-04T17:52:44
315966930,702916,2129483,-44.25,106,10,2,1980-01-06T03:35:30,1633359171.177408,2021-10-04T17:52:51
315966937,670938,2136443,-44.25,168,10,2,1980-01-06T03:35:37,1633359177.546825,2021-10-04T17:52:57
315966944,730708,2143497,-44.375,226,10,2,1980-01-06T03:35:44,1633359184.4867768,2021-10-04T17:53:04
315966951,723394,2150504,-44.25,32,10,2,1980-01-06T03:35:51,1633359193.567072,2021-10-04T17:53:13
315966957,774098,2156550,-44.25,84,10,2,1980-01-06T03:35:57,1633359199.926756,2021-10-04T17:53:19
315966965,863008,2164632,-44.1875,156,10,2,1980-01-06T03:36:05,1633359206.8264039,2021-10-04T17:53:26
315966970,833406,2169609,-44.125,198,10,2,1980-01-06T03:36:10,1633359212.56664,2021-10-04T17:53:32
315966977,903086,2176664,-44.0625,4,10,2,1980-01-06T03:36:17,1633359220.126128,2021-10-04T17:53:40
315966984,890800,2183666,-44.0625,66,10,2,1980-01-06T03:36:24,1633359225.8360279,2021-10-04T17:53:45
315966991,891228,2190667,-43.9375,128,10,2,1980-01-06T03:36:31,1633359233.365481,2021-10-04T17:53:53
315966997,980673,2196827,-44.0,180,10,2,1980-01-06T03:36:37,1633359239.1047158,2021-10-04T17:53:59
315967005,220877,2203794,-44.1875,242,10,2,1980-01-06T03:36:45,1633359246.624585,2021-10-04T17:54:06
315967012,177043,2210763,-44.125,48,10,2,1980-01-06T03:36:52,1633359252.3445768,2021-10-04T17:54:12
315967019,208558,2217796,-44.0625,106,10,2,1980-01-06T03:36:59,1633359259.314292,2021-10-04T17:54:19
315967025,278274,2223929,-44.0625,162,10,2,1980-01-06T03:37:05,1633359265.684036,2021-10-04T17:54:25
315967033,281021,2231866,-44.0625,230,10,2,1980-01-06T03:37:13,1633359273.2343118,2021-10-04T17:54:33
315967040,281086,2238868,-44.1875,36,10,2,1980-01-06T03:37:20,1633359279.6037688,2021-10-04T17:54:39
315967047,351011,2245936,-44.25,98,10,2,1980-01-06T03:37:27,1633359288.7043839,2021-10-04T17:54:48
315967053,358271,2251936,-44.3125,150,10,2,1980-01-06T03:37:33,1633359295.084049,2021-10-04T17:54:55
315967060,418782,2259069,-44.4375,212,10,2,1980-01-06T03:37:40,1633359301.9928758,2021-10-04T17:55:01
315967066,458296,2265046,-44.4375,8,10,2,1980-01-06T03:37:46,1633359308.313036,2021-10-04T17:55:08
315967073,508382,2272103,-44.5625,70,10,2,1980-01-06T03:37:53,1633359314.643141,2021-10-04T17:55:14
315967080,521097,2279202,-44.5625,132,10,2,1980-01-06T03:38:00,1633359321.543604,2021-10-04T17:55:21
315967086,588769,2285176,-44.5,184,10,2,1980-01-06T03:38:06,1633359327.922116,2021-10-04T17:55:27
315967093,598381,2292176,-44.375,242,10,2,1980-01-06T03:38:13,1633359334.2727249,2021-10-04T17:55:34
315967100,703776,2299164,-44.375,48,10,2,1980-01-06T03:38:20,1633359341.203744,2021-10-04T17:55:41
315967106,734013,2305297,-44.25,104,10,2,1980-01-06T03:38:26,1633359347.551636,2021-10-04T17:55:47
315967114,733564,2313275,-44.0625,172,10,2,1980-01-06T03:38:34,1633359354.451388,2021-10-04T17:55:54
315967121,733812,2320183,-43.875,234,10,2,1980-01-06T03:38:41,1633359361.401821,2021-10-04T17:56:01
315967127,753549,2326233,-43.75,30,10,2,1980-01-06T03:38:47,1633359368.3015049,2021-10-04T17:56:08
315967134,816714,2333304,-43.875,92,10,2,1980-01-06T03:38:54,1633359374.622532,2021-10-04T17:56:14
315967141,923673,2340387,-43.6875,150,10,2,1980-01-06T03:39:01,1633359383.7214558,2021-10-04T17:56:23
315967147,936282,2346443,-43.6875,206,10,2,1980-01-06T03:39:07,1633359387.280597,2021-10-04T17:56:27
315967155,6173,2353476,-43.5625,8,10,2,1980-01-06T03:39:15,1633359397.0405328,2021-10-04T17:56:37
315967161,26320,2359498,-43.375,60,10,2,1980-01-06T03:39:21,1633359402.7610278,2021-10-04T17:56:42
315967169,39574,2367503,-43.375,132,10,2,1980-01-06T03:39:29,1633359409.730484,2021-10-04T17:56:49
315967175,43500,2373515,-43.5625,184,10,2,1980-01-06T03:39:35,1633359416.059888,2021-10-04T17:56:56
315967182,43991,2380506,-43.75,246,10,2,1980-01-06T03:39:42,1633359422.969609,2021-10-04T17:57:02
315967188,104030,2386576,-43.9375,42,10,2,1980-01-06T03:39:48,1633359429.369948,2021-10-04T17:57:09
315967196,195739,2394676,-43.875,114,10,2,1980-01-06T03:39:56,1633359436.350088,2021-10-04T17:57:16
315967202,261213,2400597,-44.125,166,10,2,1980-01-06T03:40:02,1633359442.679216,2021-10-04T17:57:22
315967210,320002,2408654,-44.0625,234,10,2,1980-01-06T03:40:10,1633359450.2592158,2021-10-04T17:57:30
315967217,320534,2415656,-44.0,40,10,2,1980-01-06T03:40:17,1633359456.578888,2021-10-04T17:57:36
315967223,392717,2421719,-44.0,92,10,2,1980-01-06T03:40:23,1633359462.9695768,2021-10-04T17:57:42
315967229,390011,2427743,-44.0625,144,10,2,1980-01-06T03:40:29,1633359469.338608,2021-10-04T17:57:49
315967236,400234,2434734,-44.0625,206,10,2,1980-01-06T03:40:36,1633359476.338873,2021-10-04T17:57:56
315967243,423371,2441774,-44.1875,12,10,2,1980-01-06T03:40:43,1633359482.6583009,2021-10-04T17:58:02
315967250,469928,2448823,-44.0,74,10,2,1980-01-06T03:40:50,1633359491.798672,2021-10-04T17:58:11
315967256,479892,2454836,-43.75,126,10,2,1980-01-06T03:40:56,1633359498.1084728,2021-10-04T17:58:18
315967263,570228,2461916,-43.6875,184,10,2,1980-01-06T03:41:03,1633359505.027824,2021-10-04T17:58:25
315967270,559989,2468908,-43.6875,246,10,2,1980-01-06T03:41:10,1633359511.347925,2021-10-04T17:58:31
315967276,600758,2474943,-43.625,42,10,2,1980-01-06T03:41:16,1633359518.277833,2021-10-04T17:58:38
315967283,640350,2481984,-43.5625,104,10,2,1980-01-06T03:41:23,1633359524.617449,2021-10-04T17:58:44
315967290,700634,2489038,-43.625,166,10,2,1980-01-06T03:41:30,1633359530.92724,2021-10-04T17:58:50
315967297,750021,2496162,-43.75,228,10,2,1980-01-06T03:41:37,1633359537.837033,2021-10-04T17:58:57
315967304,842301,2503180,-44.0,34,10,2,1980-01-06T03:41:44,1633359544.8372998,2021-10-04T17:59:04
315967310,842779,2509193,-44.125,86,10,2,1980-01-06T03:41:50,1633359551.1970239,2021-10-04T17:59:11
315967318,850015,2517204,-44.125,154,10,2,1980-01-06T03:41:58,1633359558.137428,2021-10-04T17:59:18
315967323,931907,2522272,-44.3125,200,10,2,1980-01-06T03:42:03,1633359564.506577,2021-10-04T17:59:24
315967331,932633,2530283,-44.4375,12,10,2,1980-01-06T03:42:11,1633359571.4670398,2021-10-04T17:59:31
315967337,940607,2536277,-44.4375,64,10,2,1980-01-06T03:42:17,1633359577.8065648,2021-10-04T17:59:37
315967345,30403,2543369,-44.375,126,10,2,1980-01-06T03:42:25,1633359586.9068959,2021-10-04T17:59:46
315967352,29993,2550384,-44.375,188,10,2,1980-01-06T03:42:32,1633359593.2579849,2021-10-04T17:59:53
315967358,102986,2556448,-44.3125,240,10,2,1980-01-06T03:42:38,1633359599.606724,2021-10-04T17:59:59
315967365,130131,2563466,-44.125,46,10,2,1980-01-06T03:42:45,1633359605.976692,2021-10-04T18:00:05
315967372,119904,2570542,-44.0625,108,10,2,1980-01-06T03:42:52,1633359612.877804,2021-10-04T18:00:12
315967378,169922,2576512,-44.0625,160,10,2,1980-01-06T03:42:58,1633359619.175812,2021-10-04T18:00:19
315967385,212725,2583563,-43.875,222,10,2,1980-01-06T03:43:05,1633359626.15516,2021-10-04T18:00:26
315967393,222632,2591568,-43.75,34,10,2,1980-01-06T03:43:13,1633359633.0556278,2021-10-04T18:00:33
315967400,549102,2598650,-43.5,96,10,2,1980-01-06T03:43:20,1633359639.9652479,2021-10-04T18:00:39
315967406,601082,2604702,-43.625,148,10,2,1980-01-06T03:43:26,1633359646.295984,2021-10-04T18:00:46
315967412,609098,2610709,-43.5,200,10,2,1980-01-06T03:43:32,1633359653.23468,2021-10-04T18:00:53
315967419,619157,2617802,-43.4375,6,10,2,1980-01-06T03:43:39,1633359658.965057,2021-10-04T18:00:58
315967426,631506,2624723,-43.3125,68,10,2,1980-01-06T03:43:46,1633359666.4458928,2021-10-04T18:01:06
315967432,659593,2630764,-43.3125,120,10,2,1980-01-06T03:43:52,1633359672.1748369,2021-10-04T18:01:12
315967439,648779,2637765,-43.1875,182,10,2,1980-01-06T03:43:59,1633359679.114264,2021-10-04T18:01:19
315967446,668884,2644786,-43.1875,244,10,2,1980-01-06T03:44:06,1633359685.404276,2021-10-04T18:01:25
315967453,729332,2651834,-43.25,46,10,2,1980-01-06T03:44:13,1633359694.6146529,2021-10-04T18:01:34
315967458,738821,2656846,-43.375,92,10,2,1980-01-06T03:44:18,1633359700.9644558,2021-10-04T18:01:40
315967466,809089,2664983,-43.4375,160,10,2,1980-01-06T03:44:26,1633359707.8939369,2021-10-04T18:01:47
315967472,818916,2670933,-43.375,212,10,2,1980-01-06T03:44:32,1633359713.624621,2021-10-04T18:01:53
315967480,858914,2678962,-43.3125,28,10,2,1980-01-06T03:44:40,1633359721.724016,2021-10-04T18:02:01
315967486,859214,2684956,-43.3125,80,10,2,1980-01-06T03:44:46,1633359727.463321,2021-10-04T18:02:07
315967493,949197,2692110,-43.3125,142,10,2,1980-01-06T03:44:53,1633359734.384096,2021-10-04T18:02:14
315967501,109175,2699084,-43.25,204,10,2,1980-01-06T03:45:01,1633359740.693073,2021-10-04T18:02:20
315967508,55634,2706074,-43.0,10,10,2,1980-01-06T03:45:08,1633359747.5629919,2021-10-04T18:02:27
315967514,65409,2712061,-42.9375,62,10,2,1980-01-06T03:45:14,1633359753.974161,2021-10-04T18:02:33
315967521,136904,2719213,-42.9375,124,10,2,1980-01-06T03:45:21,1633359760.923528,2021-10-04T18:02:40
315967528,146710,2726111,-43.25,182,10,2,1980-01-06T03:45:28,1633359767.303004,2021-10-04T18:02:47
315967535,155944,2733146,-43.3125,244,10,2,1980-01-06T03:45:35,1633359774.252573,2021-10-04T18:02:54
315967541,185564,2739164,-43.5,40,10,2,1980-01-06T03:45:41,1633359780.574208,2021-10-04T18:03:00
315967549,208188,2747204,-43.6875,112,10,2,1980-01-06T03:45:49,1633359789.7830958,2021-10-04T18:03:09
315967562,238708,2760242,-43.6875,226,10,2,1980-01-06T03:46:02,1633359802.981921,2021-10-04T18:03:22
315967569,225504,2767216,-43.625,28,10,2,1980-01-06T03:46:09,1633359809.361901,2021-10-04T18:03:29
315967576,245799,2774237,-43.5625,90,10,2,1980-01-06T03:46:16,1633359816.261761,2021-10-04T18:03:36
315967582,317521,2780372,-43.5,142,10,2,1980-01-06T03:46:22,1633359822.5817199,2021-10-04T18:03:42
315967589,371499,2787354,-43.375,204,10,2,1980-01-06T03:46:29,1633359829.531664,2021-10-04T18:03:49
315967596,386218,2794377,-43.125,10,10,2,1980-01-06T03:46:36,1633359835.841528,2021-10-04T18:03:55
315967603,531665,2801427,-43.0625,72,10,2,1980-01-06T03:46:43,1633359842.7318408,2021-10-04T18:04:02
315967608,541944,2806440,-43.0625,114,10,2,1980-01-06T03:46:48,1633359849.061992,2021-10-04T18:04:09
315967616,601278,2814496,-43.0,186,10,2,1980-01-06T03:46:56,1633359855.9818878,2021-10-04T18:04:15
315967621,671393,2819572,-42.9375,228,10,2,1980-01-06T03:47:01,1633359861.7311919,2021-10-04T18:04:21
315967629,751412,2827645,-42.75,44,10,2,1980-01-06T03:47:09,1633359869.1708648,2021-10-04T18:04:29
315967635,771449,2833676,-42.625,96,10,2,1980-01-06T03:47:15,1633359874.921197,2021-10-04T18:04:34
315967642,821448,2840723,-42.375,158,10,2,1980-01-06T03:47:22,1633359884.5914729,2021-10-04T18:04:44
315967649,831561,2847745,-42.3125,216,10,2,1980-01-06T03:47:29,1633359890.911341,2021-10-04T18:04:50
315967657,841655,2855734,-42.1875,32,10,2,1980-01-06T03:47:37,1633359897.840893,2021-10-04T18:04:57
315967663,861281,2861835,-42.125,84,10,2,1980-01-06T03:47:43,1633359904.2108328,2021-10-04T18:05:04
315967670,913998,2868893,-42.125,146,10,2,1980-01-06T03:47:50,1633359911.130441,2021-10-04T18:05:11
315967676,931274,2874826,-42.1875,198,10,2,1980-01-06T03:47:56,1633359917.4201639,2021-10-04T18:05:17
315967684,61389,2882050,-42.125,4,10,2,1980-01-06T03:48:04,1633359924.330281,2021-10-04T18:05:24
315967690,94024,2887997,-42.3125,56,10,2,1980-01-06T03:48:10,1633359930.6600559,2021-10-04T18:05:30
315967698,111431,2896024,-42.4375,124,10,2,1980-01-06T03:48:18,1633359937.581384,2021-10-04T18:05:37
315967703,120281,2901086,-42.5625,170,10,2,1980-01-06T03:48:23,1633359943.3198678,2021-10-04T18:05:43
315967711,180260,2909161,-42.5,238,10,2,1980-01-06T03:48:31,1633359950.8311489,2021-10-04T18:05:50
315967717,200271,2915113,-42.625,34,10,2,1980-01-06T03:48:37,1633359956.579409,2021-10-04T18:05:56
315967724,273105,2922191,-42.5625,96,10,2,1980-01-06T03:48:44,1633359963.560276,2021-10-04T18:06:03
315967730,263087,2928237,-42.4375,148,10,2,1980-01-06T03:48:50,1633359969.959385,2021-10-04T18:06:09
315967739,273011,2937178,-42.4375,230,10,2,1980-01-06T03:48:59,1633359979.6398208,2021-10-04T18:06:19
315967744,343023,2942253,-42.4375,16,10,2,1980-01-06T03:49:04,1633359986.0099208,2021-10-04T18:06:26
315967751,352243,2949248,-42.5625,78,10,2,1980-01-06T03:49:11,1633359992.970432,2021-10-04T18:06:32
315967759,353103,2957258,-42.4375,146,10,2,1980-01-06T03:49:19,1633359999.3091369,2021-10-04T18:06:39
315967765,413241,2963394,-42.3125,202,10,2,1980-01-06T03:49:25,1633360006.2992399,2021-10-04T18:06:46
315967771,414234,2969323,-42.4375,254,10,2,1980-01-06T03:49:31,1633360012.029065,2021-10-04T18:06:52
315967778,433629,2976367,-42.25,60,10,2,1980-01-06T03:49:38,1633360018.959545,2021-10-04T18:06:58
315967785,503086,2983415,-42.125,118,10,2,1980-01-06T03:49:45,1633360025.329277,2021-10-04T18:07:05
315967792,603929,2990570,-41.875,180,10,2,1980-01-06T03:49:52,1633360032.2685769,2021-10-04T18:07:12
315967798,612984,2996517,-41.9375,232,10,2,1980-01-06T03:49:58,1633360038.588801,2021-10-04T18:07:18
315967805,859597,3003575,-42.0,38,10,2,1980-01-06T03:50:05,1633360045.528173,2021-10-04T18:07:25
315967812,902569,3010709,-41.875,100,10,2,1980-01-06T03:50:12,1633360051.8587599,2021-10-04T18:07:31
315967819,919471,3017635,-41.75,162,10,2,1980-01-06T03:50:19,1633360058.748056,2021-10-04T18:07:38
315967826,902203,3024654,-41.6875,224,10,2,1980-01-06T03:50:26,1633360065.698137,2021-10-04T18:07:45
315967832,942215,3030673,-41.625,20,10,2,1980-01-06T03:50:32,1633360074.759196,2021-10-04T18:07:54
315967839,999471,3037741,-41.625,82,10,2,1980-01-06T03:50:39,1633360078.30828,2021-10-04T18:07:58
315967847,9614,3044727,-41.5,140,10,2,1980-01-06T03:50:47,1633360087.510232,2021-10-04T18:08:07
315967853,2321,3050728,-41.375,192,10,2,1980-01-06T03:50:53,1633360093.8183398,2021-10-04T18:08:13
315967860,79902,3057870,-41.25,254,10,2,1980-01-06T03:51:00,1633360100.718921,2021-10-04T18:08:20
315967867,170352,3064904,-40.9375,60,10,2,1980-01-06T03:51:07,1633360107.1073039,2021-10-04T18:08:27
315967874,182314,3071914,-40.8125,122,10,2,1980-01-06T03:51:14,1633360114.038944,2021-10-04T18:08:34
315967879,231905,3076946,-40.875,164,10,2,1980-01-06T03:51:19,1633360120.327157,2021-10-04T18:08:40
315967887,351828,3085083,-40.75,236,10,2,1980-01-06T03:51:27,1633360127.2173488,2021-10-04T18:08:47
315967893,289517,3091016,-40.6875,32,10,2,1980-01-06T03:51:33,1633360132.9772599,2021-10-04T18:08:52
315967901,313874,3099043,-40.9375,104,10,2,1980-01-06T03:51:41,1633360140.5084639,2021-10-04T18:09:00
315967906,353594,3104045,-41.0625,146,10,2,1980-01-06T03:51:46,1633360146.796761,2021-10-04T18:09:06
315967914,332894,3112126,-41.25,218,10,2,1980-01-06T03:51:54,1633360153.748548,2021-10-04T18:09:13
315967921,423657,3119134,-41.4375,20,10,2,1980-01-06T03:52:01,1633360160.126937,2021-10-04T18:09:20
315967928,430915,3126124,-41.5625,82,10,2,1980-01-06T03:52:08,1633360167.08652,2021-10-04T18:09:27
315967934,441653,3132144,-41.8125,134,10,2,1980-01-06T03:52:14,1633360173.3869798,2021-10-04T18:09:33
315967942,461009,3140225,-42.0,206,10,2,1980-01-06T03:52:22,1633360182.457316,2021-10-04T18:09:42
315967948,471054,3146177,-42.0625,2,10,2,1980-01-06T03:52:28,1633360188.758316,2021-10-04T18:09:48
315967955,540904,3153353,-42.25,64,10,2,1980-01-06T03:52:35,1633360195.676493,2021-10-04T18:09:55
315967961,614024,3159324,-42.3125,116,10,2,1980-01-06T03:52:41,1633360201.99682,2021-10-04T18:10:01
315967968,631530,3166327,-42.375,174,10,2,1980-01-06T03:52:48,1633360208.866276,2021-10-04T18:10:08
315967974,740086,3172444,-42.3125,230,10,2,1980-01-06T03:52:54,1633360214.626636,2021-10-04T18:10:14
315967982,843123,3180542,-42.125,42,10,2,1980-01-06T03:53:02,1633360222.1458719,2021-10-04T18:10:22
315967987,780892,3185568,-42.125,88,10,2,1980-01-06T03:53:07,1633360227.906648,2021-10-04T18:10:27
315967994,832900,3192614,-42.0625,146,10,2,1980-01-06T03:53:14,1633360234.8062,2021-10-04T18:10:34
315968001,991658,3199596,-41.9375,208,10,2,1980-01-06T03:53:21,1633360241.0756319,2021-10-04T18:10:41
315968009,991668,3207622,-41.75,24,10,2,1980-01-06T03:53:29,1633360248.586205,2021-10-04T18:10:48
315968015,991336,3213623,-41.625,76,10,2,1980-01-06T03:53:35,1633360254.8871849,2021-10-04T18:10:54
315968022,81438,3219688,-41.625,128,10,2,1980-01-06T03:53:42,1633360261.2552328,2021-10-04T18:11:01
315968029,99658,3226723,-41.4375,190,10,2,1980-01-06T03:53:49,1633360267.5464768,2021-10-04T18:11:07
315968036,124053,3233739,-41.375,248,10,2,1980-01-06T03:53:56,1633360277.28582,2021-10-04T18:11:17
315968043,142052,3240746,-41.25,54,10,2,1980-01-06T03:54:03,1633360283.6758718,2021-10-04T18:11:23
315968049,141362,3246756,-41.375,106,10,2,1980-01-06T03:54:09,1633360290.0072489,2021-10-04T18:11:30
315968056,221370,3253843,-41.375,168,10,2,1980-01-06T03:54:16,1633360296.3757238,2021-10-04T18:11:36
315968063,234065,3260853,-41.375,230,10,2,1980-01-06T03:54:23,1633360303.324949,2021-10-04T18:11:43
315968069,312011,3266935,-41.3125,26,10,2,1980-01-06T03:54:29,1633360309.655784,2021-10-04T18:11:49
315968076,325124,3273944,-41.3125,88,10,2,1980-01-06T03:54:36,1633360316.5549319,2021-10-04T18:11:56
315968083,411608,3281015,-41.3125,150,10,2,1980-01-06T03:54:43,1633360322.8845649,2021-10-04T18:12:02
315968090,471348,3288145,-41.3125,212,10,2,1980-01-06T03:54:50,1633360329.804653,2021-10-04T18:12:09
315968097,557485,3295195,-41.5,18,10,2,1980-01-06T03:54:57,1633360336.7943048,2021-10-04T18:12:16
315968103,681220,3301175,-41.5,70,10,2,1980-01-06T03:55:03,1633360343.7544758,2021-10-04T18:12:23
315968110,703301,3308193,-41.5,128,10,2,1980-01-06T03:55:10,1633360350.104056,2021-10-04T18:12:30
315968117,693311,3315176,-41.5,190,10,2,1980-01-06T03:55:17,1633360356.4040449,2021-10-04T18:12:36
315968123,751112,3321243,-41.5,242,10,2,1980-01-06T03:55:23,1633360362.794205,2021-10-04T18:12:42
315968130,773242,3328264,-41.5,48,10,2,1980-01-06T03:55:30,1633360369.7258599,2021-10-04T18:12:49
315968137,830487,3335308,-41.5625,110,10,2,1980-01-06T03:55:37,1633360378.805276,2021-10-04T18:12:58
315968144,843437,3342333,-41.5625,172,10,2,1980-01-06T03:55:44,1633360385.104233,2021-10-04T18:13:05
315968150,890599,3348385,-41.5,224,10,2,1980-01-06T03:55:50,1633360391.484592,2021-10-04T18:13:11
315968157,970491,3355523,-41.375,30,10,2,1980-01-06T03:55:57,1633360400.343469,2021-10-04T18:13:20
315968167,12648,3364494,-41.3125,108,10,2,1980-01-06T03:56:07,1633360406.663444,2021-10-04T18:13:26
315968174,10597,3371503,-41.0625,170,10,2,1980-01-06T03:56:14,1633360413.5433679,2021-10-04T18:13:33
315968180,20508,3377568,-41.1875,222,10,2,1980-01-06T03:56:20,1633360419.853185,2021-10-04T18:13:39
315968188,40483,3385525,-40.875,34,10,2,1980-01-06T03:56:28,1633360427.413153,2021-10-04T18:13:47
315968194,132278,3391613,-40.6875,90,10,2,1980-01-06T03:56:34,1633360433.093392,2021-10-04T18:13:53
315968202,151038,3399629,-40.375,158,10,2,1980-01-06T03:56:42,1633360440.573045,2021-10-04T18:14:00
315968208,150491,3405645,-40.1875,210,10,2,1980-01-06T03:56:48,1633360446.904084,2021-10-04T18:14:06
315968214,220800,3411695,-40.0625,6,10,2,1980-01-06T03:56:54,1633360453.252724,2021-10-04T18:14:13
315968221,240490,3418716,-39.9375,68,10,2,1980-01-06T03:57:01,1633360459.542629,2021-10-04T18:14:19
315968228,250641,3425724,-39.9375,130,10,2,1980-01-06T03:57:08,1633360466.432564,2021-10-04T18:14:26
315968234,250487,3431725,-39.8125,182,10,2,1980-01-06T03:57:14,1633360472.792552,2021-10-04T18:14:32
315968241,331221,3438809,-39.75,244,10,2,1980-01-06T03:57:21,1633360481.906344,2021-10-04T18:14:41
315968248,353220,3445930,-39.75,50,10,2,1980-01-06T03:57:28,1633360488.204789,2021-10-04T18:14:48
315968255,476576,3452954,-39.6875,108,10,2,1980-01-06T03:57:35,1633360495.1433609,2021-10-04T18:14:55
315968261,490486,3459000,-39.6875,164,10,2,1980-01-06T03:57:41,1633360501.4222689,2021-10-04T18:15:01
315968268,500957,3466050,-39.625,222,10,2,1980-01-06T03:57:48,1633360508.3120608,2021-10-04T18:15:08
315968274,511049,3471988,-39.625,18,10,2,1980-01-06T03:57:54,1633360514.5625439,2021-10-04T18:15:14
315968282,530509,3480024,-39.5,90,10,2,1980-01-06T03:58:02,1633360522.101917,2021-10-04T18:15:22
315968289,611118,3487089,-39.4375,152,10,2,1980-01-06T03:58:09,1633360528.472597,2021-10-04T18:15:28
315968295,622486,3493175,-39.4375,204,10,2,1980-01-06T03:58:15,1633360534.8222558,2021-10-04T18:15:34
315968301,838343,3499113,-39.5,0,10,2,1980-01-06T03:58:21,1633360541.692184,2021-10-04T18:15:41
315968309,911572,3507184,-39.5,68,10,2,1980-01-06T03:58:29,1633360548.021745,2021-10-04T18:15:48
315968315,928249,3513176,-39.4375,120,10,2,1980-01-06T03:58:35,1633360554.351665,2021-10-04T18:15:54
315968322,938940,3520197,-39.5625,182,10,2,1980-01-06T03:58:42,1633360561.261389,2021-10-04T18:16:01
315968329,40978,3526344,-39.5625,238,10,2,1980-01-06T03:58:49,1633360567.5516438,2021-10-04T18:16:07
315968337,58535,3534379,-39.75,50,10,2,1980-01-06T03:58:57,1633360576.672081,2021-10-04T18:16:16
315968343,68265,3540344,-39.75,102,10,2,1980-01-06T03:59:03,1633360583.0321999,2021-10-04T18:16:23
315968350,68428,3547326,-39.75,164,10,2,1980-01-06T03:59:10,1633360589.911429,2021-10-04T18:16:29
315968356,200728,3553456,-39.75,216,10,2,1980-01-06T03:59:16,1633360596.191416,2021-10-04T18:16:36
315968363,181149,3560453,-39.625,22,10,2,1980-01-06T03:59:23,1633360603.151413,2021-10-04T18:16:43
315968370,198238,3567475,-39.5,84,10,2,1980-01-06T03:59:30,1633360609.491205,2021-10-04T18:16:49
315968377,258298,3574555,-39.375,146,10,2,1980-01-06T03:59:37,1633360616.4311569,2021-10-04T18:16:56
315968383,348357,3580624,-39.25,198,10,2,1980-01-06T03:59:43,1633360622.741632,2021-10-04T18:17:02
315968390,348241,3587634,-39.125,4,10,2,1980-01-06T03:59:50,1633360629.6508849,2021-10-04T18:17:09
315968397,428338,3594696,-38.9375,62,10,2,1980-01-06T03:59:57,1633360635.9905598,2021-10-04T18:17:15
315968404,677111,3601759,-38.75,124,10,2,1980-01-06T04:00:04,1633360642.9707239,2021-10-04T18:17:22
315968410,684796,3607778,-38.625,176,10,2,1980-01-06T04:00:10,1633360649.300829,2021-10-04T18:17:29
315968417,684433,3614783,-38.4375,238,10,2,1980-01-06T04:00:17,1633360656.24072,2021-10-04T18:17:36
315968423,747206,3620818,-38.25,34,10,2,1980-01-06T04:00:23,1633360662.540969,2021-10-04T18:17:42
315968431,747194,3628836,-38.25,106,10,2,1980-01-06T04:00:31,1633360671.5404809,2021-10-04T18:17:51
315968443,844390,3640924,-37.875,210,10,2,1980-01-06T04:00:43,1633360684.150753,2021-10-04T18:18:04
315968450,845658,3647933,-37.75,16,10,2,1980-01-06T04:00:50,1633360691.090153,2021-10-04T18:18:11
315968458,877233,3655968,-37.5,84,10,2,1980-01-06T04:00:58,1633360698.000365,2021-10-04T18:18:18
315968464,874394,3662035,-37.4375,136,10,2,1980-01-06T04:01:04,1633360704.309645,2021-10-04T18:18:24
315968471,946632,3669026,-37.375,198,10,2,1980-01-06T04:01:11,1633360711.240061,2021-10-04T18:18:31
315968478,930482,3676011,-37.3125,4,10,2,1980-01-06T04:01:18,1633360717.619781,2021-10-04T18:18:37
315968485,961498,3683053,-37.25,66,10,2,1980-01-06T04:01:25,1633360724.489524,2021-10-04T18:18:44
315968492,24484,3689175,-37.25,118,10,2,1980-01-06T04:01:32,1633360730.849537,2021-10-04T18:18:50
315968498,27354,3695123,-37.25,170,10,2,1980-01-06T04:01:38,1633360737.1593359,2021-10-04T18:18:57
315968505,226279,3702174,-37.25,232,10,2,1980-01-06T04:01:45,1633360743.489708,2021-10-04T18:19:03
315968512,232420,3709176,-37.3125,34,10,2,1980-01-06T04:01:52,1633360750.34984,2021-10-04T18:19:10
315968518,263566,3715204,-37.3125,90,10,2,1980-01-06T04:01:58,1633360756.639796,2021-10-04T18:19:16
315968525,292417,3722236,-37.375,148,10,2,1980-01-06T04:02:05,1633360763.529273,2021-10-04T18:19:23
315968532,362304,3729314,-37.5,210,10,2,1980-01-06T04:02:12,1633360769.8094878,2021-10-04T18:19:29
315968539,385698,3736330,-38.125,16,10,2,1980-01-06T04:02:19,1633360778.8894398,2021-10-04T18:19:38
315968546,392437,3743336,-38.875,78,10,2,1980-01-06T04:02:26,1633360785.838852,2021-10-04T18:19:45
315968553,413132,3750426,-39.6875,140,10,2,1980-01-06T04:02:33,1633360792.718605,2021-10-04T18:19:52
315968559,416817,3756364,-40.25,192,10,2,1980-01-06T04:02:39,1633360799.0088239,2021-10-04T18:19:59
315968567,432599,3764367,-40.8125,4,10,2,1980-01-06T04:02:47,1633360805.918769,2021-10-04T18:20:05
315968572,422349,3769424,-41.3125,50,10,2,1980-01-06T04:02:52,1633360812.2788959,2021-10-04T18:20:12
315968579,508410,3776471,-41.875,112,10,2,1980-01-06T04:02:59,1633360818.5491998,2021-10-04T18:20:18
315968586,525185,3783467,-42.1875,170,10,2,1980-01-06T04:03:06,1633360825.460381,2021-10-04T18:20:25
315968593,562729,3790497,-42.625,232,10,2,1980-01-06T04:03:13,1633360831.7680888,2021-10-04T18:20:31
315968599,604710,3796554,-43.0,28,10,2,1980-01-06T04:03:19,1633360838.058512,2021-10-04T18:20:38
315968606,671916,3803586,-43.4375,90,10,2,1980-01-06T04:03:26,1633360844.977944,2021-10-04T18:20:44
315968612,682317,3809652,-43.625,142,10,2,1980-01-06T04:03:32,1633360851.32792,2021-10-04T18:20:51
315968620,674638,3817587,-43.75,214,10,2,1980-01-06T04:03:40,1633360858.288424,2021-10-04T18:20:58
315968626,772173,3823683,-43.9375,10,10,2,1980-01-06T04:03:46,1633360864.6677809,2021-10-04T18:21:04
315968633,774698,3830688,-44.4375,72,10,2,1980-01-06T04:03:53,1633360874.397656,2021-10-04T18:21:14
315968640,792916,3837700,-44.75,130,10,2,1980-01-06T04:04:00,1633360880.777693,2021-10-04T18:21:20
315968647,854576,3844841,-45.0,192,10,2,1980-01-06T04:04:07,1633360887.1495519,2021-10-04T18:21:27
315968653,861902,3850784,-45.25,244,10,2,1980-01-06T04:04:13,1633360893.5177,2021-10-04T18:21:33
315968660,861921,3857783,-45.8125,50,10,2,1980-01-06T04:04:20,1633360900.4272568,2021-10-04T18:21:40
315968667,891947,3864805,-45.9375,112,10,2,1980-01-06T04:04:27,1633360906.797353,2021-10-04T18:21:46
315968674,901867,3871823,-45.9375,174,10,2,1980-01-06T04:04:34,1633360913.717032,2021-10-04T18:21:53
315968680,977924,3877884,-46.0625,226,10,2,1980-01-06T04:04:40,1633360920.077489,2021-10-04T18:22:00
315968687,984651,3884943,-46.25,32,10,2,1980-01-06T04:04:47,1633360927.0788648,2021-10-04T18:22:07
315968694,982626,3891903,-46.4375,90,10,2,1980-01-06T04:04:54,1633360933.4667559,2021-10-04T18:22:13
315968701,981838,3898903,-46.5625,152,10,2,1980-01-06T04:05:01,1633360940.426764,2021-10-04T18:22:20
315968709,1316,3905923,-46.75,214,10,2,1980-01-06T04:05:09,1633360946.806728,2021-10-04T18:22:26
315968715,1219,3911911,-46.875,10,10,2,1980-01-06T04:05:15,1633360953.1677408,2021-10-04T18:22:33
315968722,51316,3918965,-47.125,72,10,2,1980-01-06T04:05:22,1633360960.1272838,2021-10-04T18:22:40
315968729,61208,3925972,-47.3125,134,10,2,1980-01-06T04:05:29,1633360969.327553,2021-10-04T18:22:49
315968736,71302,3933016,-47.4375,196,10,2,1980-01-06T04:05:36,1633360975.677381,2021-10-04T18:22:55
315968743,184441,3940104,-47.6875,254,10,2,1980-01-06T04:05:43,1633360982.6064448,2021-10-04T18:23:02
315968749,269910,3946177,-47.625,54,10,2,1980-01-06T04:05:49,1633360989.026728,2021-10-04T18:23:09
315968757,291201,3954269,-47.4375,122,10,2,1980-01-06T04:05:57,1633360995.986085,2021-10-04T18:23:15
315968763,321251,3960243,-47.9375,174,10,2,1980-01-06T04:06:03,1633361002.396004,2021-10-04T18:23:22
315968769,313925,3966229,-48.3125,226,10,2,1980-01-06T04:06:09,1633361009.405961,2021-10-04T18:23:29
315968776,341261,3973255,-48.8125,32,10,2,1980-01-06T04:06:16,1633361015.765928,2021-10-04T18:23:35
315968783,371244,3980351,-49.0,94,10,2,1980-01-06T04:06:23,1633361022.7068279,2021-10-04T18:23:42
315968789,425506,3986337,-49.4375,146,10,2,1980-01-06T04:06:29,1633361028.496325,2021-10-04T18:23:48
315968796,411243,3993322,-49.9375,208,10,2,1980-01-06T04:06:36,1633361035.4563088,2021-10-04T18:23:55
315968803,546304,4000353,-50.0625,14,10,2,1980-01-06T04:06:43,1633361042.3659558,2021-10-04T18:24:02
315968811,638943,4008429,-50.3125,82,10,2,1980-01-06T04:06:51,1633361049.315657,2021-10-04T18:24:09
315968817,636226,4014435,-50.4375,134,10,2,1980-01-06T04:06:57,1633361055.665745,2021-10-04T18:24:15
315968825,699664,4022552,-50.6875,206,10,2,1980-01-06T04:07:05,1633361064.936369,2021-10-04T18:24:24
315968831,706316,4028504,-50.6875,2,10,2,1980-01-06T04:07:11,1633361071.3166919,2021-10-04T18:24:31
315968838,706326,4035522,-50.75,64,10,2,1980-01-06T04:07:18,1633361078.3062088,2021-10-04T18:24:38
315968844,716316,4041513,-50.625,116,10,2,1980-01-06T04:07:24,1633361084.156316,2021-10-04T18:24:44
315968851,716318,4048506,-50.75,174,10,2,1980-01-06T04:07:31,1633361091.185477,2021-10-04T18:24:51
315968857,756774,4054606,-50.6875,230,10,2,1980-01-06T04:07:37,1633361098.125028,2021-10-04T18:24:58
315968865,796245,4062595,-50.6875,42,10,2,1980-01-06T04:07:45,1633361104.516393,2021-10-04T18:25:04
315968871,779325,4068643,-50.6875,94,10,2,1980-01-06T04:07:51,1633361110.906313,2021-10-04T18:25:10
315968878,858484,4075636,-50.6875,156,10,2,1980-01-06T04:07:58,1633361117.894912,2021-10-04T18:25:17
315968885,849933,4082636,-50.8125,218,10,2,1980-01-06T04:08:05,1633361124.255204,2021-10-04T18:25:24
315968892,852318,4089646,-50.875,24,10,2,1980-01-06T04:08:12,1633361131.2851279,2021-10-04T18:25:31
315968898,906326,4095696,-50.8125,76,10,2,1980-01-06T04:08:18,1633361138.2550879,2021-10-04T18:25:38
315968907,846849,4104694,-51.0625,154,10,2,1980-01-06T04:08:27,1633361145.3149729,2021-10-04T18:25:45
315968913,875855,4110718,-50.8125,206,10,2,1980-01-06T04:08:33,1633361151.6945798,2021-10-04T18:25:51
315968919,884137,4116733,-50.875,2,10,2,1980-01-06T04:08:39,1633361158.0744438,2021-10-04T18:25:58
315968926,904037,4123754,-50.875,64,10,2,1980-01-06T04:08:46,1633361167.2362158,2021-10-04T18:26:07
315968933,917027,4130760,-50.9375,126,10,2,1980-01-06T04:08:53,1633361173.6455848,2021-10-04T18:26:13
315968939,964166,4136796,-51.0625,178,10,2,1980-01-06T04:08:59,1633361180.0466769,2021-10-04T18:26:20
315968947,980199,4144814,-50.9375,246,10,2,1980-01-06T04:09:07,1633361187.066596,2021-10-04T18:26:27
315968953,994034,4150856,-51.0,46,10,2,1980-01-06T04:09:13,1633361193.4249249,2021-10-04T18:26:33
315968961,6752,4157856,-51.125,104,10,2,1980-01-06T04:09:21,1633361200.4345849,2021-10-04T18:26:40
315968968,14037,4164865,-51.25,166,10,2,1980-01-06T04:09:28,1633361206.8462849,2021-10-04T18:26:46
315968975,14417,4171856,-50.9375,228,10,2,1980-01-06T04:09:35,1633361213.8044689,2021-10-04T18:26:53
315968981,116276,4177956,-50.6875,24,10,2,1980-01-06T04:09:41,1633361220.204185,2021-10-04T18:27:00
315968989,55409,4185886,-50.875,96,10,2,1980-01-06T04:09:49,1633361227.794152,2021-10-04T18:27:07
315968995,106446,4191941,-51.0,148,10,2,1980-01-06T04:09:55,1633361233.6061969,2021-10-04T18:27:13
315969002,87543,4198916,-51.25,206,10,2,1980-01-06T04:10:02,1633361240.544396,2021-10-04T18:27:20
315969009,64146,4205896,-51.25,12,10,2,1980-01-06T04:10:09,1633361246.8940248,2021-10-04T18:27:26
315969016,94319,4212943,-51.1875,74,10,2,1980-01-06T04:10:16,1633361253.844333,2021-10-04T18:27:33
1,359669,1486,-1.625,6,10,2,1970-01-01T03:00:01,1633362577.771373,2021-10-04T18:49:37
3,350361,3494,-1.5,22,10,2,1970-01-01T03:00:03,1633362579.561128,2021-10-04T18:49:39
315964808,198687,10655,-1.3125,84,10,2,1980-01-06T03:00:08,1633362586.951093,2021-10-04T18:49:46
315964815,235986,17611,-1.0625,146,10,2,1980-01-06T03:00:15,1633362592.571369,2021-10-04T18:49:52
315964822,246052,24622,-0.8125,208,10,2,1980-01-06T03:00:22,1633362599.4112759,2021-10-04T18:49:59
315964828,268684,30642,-0.5625,4,10,2,1980-01-06T03:00:28,1633362605.6211889,2021-10-04T18:50:05
315964837,286292,39663,-0.25,82,10,2,1980-01-06T03:00:37,1633362616.5808768,2021-10-04T18:50:16
315964850,418340,52768,-1.125,196,10,2,1980-01-06T03:00:50,1633362630.1521158,2021-10-04T18:50:30
315964857,446057,59824,-1.5625,2,10,2,1980-01-06T03:00:57,1633362636.312625,2021-10-04T18:50:36
315964863,456158,65833,-1.8125,54,10,2,1980-01-06T03:01:03,1633362642.510989,2021-10-04T18:50:42
315964870,528079,72978,-2.0625,116,10,2,1980-01-06T03:01:10,1633362649.3107119,2021-10-04T18:50:49
315964877,528393,79895,-2.125,174,10,2,1980-01-06T03:01:17,1633362655.5007448,2021-10-04T18:50:55
315964883,558926,86004,-2.125,230,10,2,1980-01-06T03:01:23,1633362661.7416809,2021-10-04T18:51:01
315964889,535962,91904,-2.0625,26,10,2,1980-01-06T03:01:29,1633362667.932317,2021-10-04T18:51:07
315964896,548964,99014,-2.0,88,10,2,1980-01-06T03:01:36,1633362674.670637,2021-10-04T18:51:14
315964902,565938,104936,-1.875,140,10,2,1980-01-06T03:01:42,1633362681.530376,2021-10-04T18:51:21
315964910,568699,112942,-1.75,208,10,2,1980-01-06T03:01:50,1633362687.7204049,2021-10-04T18:51:27
315964916,628698,119014,-1.625,4,10,2,1980-01-06T03:01:56,1633362693.9603128,2021-10-04T18:51:33
315964924,648684,127081,-1.375,76,10,2,1980-01-06T03:02:04,1633362703.4200199,2021-10-04T18:51:43
315964938,676572,141046,-0.9375,196,10,2,1980-01-06T03:02:18,1633362717.089876,2021-10-04T18:51:57
315964944,718369,147085,-0.8125,252,10,2,1980-01-06T03:02:24,1633362723.319897,2021-10-04T18:52:03
315964951,735943,154112,-0.5625,54,10,2,1980-01-06T03:02:31,1633362730.049716,2021-10-04T18:52:10
315964958,808620,161174,-0.3125,116,10,2,1980-01-06T03:02:38,1633362736.819756,2021-10-04T18:52:16
315964964,735977,167123,-0.0625,168,10,2,1980-01-06T03:02:44,1633362743.609688,2021-10-04T18:52:23
315964971,788205,174162,0.1875,230,10,2,1980-01-06T03:02:51,1633362749.799448,2021-10-04T18:52:29
315964978,746409,181123,0.5625,36,10,2,1980-01-06T03:02:58,1633362756.5893998,2021-10-04T18:52:36
315964985,816072,188184,0.875,98,10,2,1980-01-06T03:03:05,1633362762.769913,2021-10-04T18:52:42
315964992,826042,195272,1.1875,156,10,2,1980-01-06T03:03:12,1633362771.620893,2021-10-04T18:52:51
315965000,862925,201219,1.4375,212,10,2,1980-01-06T03:03:20,1633362778.4494839,2021-10-04T18:52:58
315965008,872911,209213,1.75,24,10,2,1980-01-06T03:03:28,1633362787.299597,2021-10-04T18:53:07
315965016,956285,217291,2.1875,96,10,2,1980-01-06T03:03:36,1633362793.479836,2021-10-04T18:53:13
315965024,970313,225311,2.4375,164,10,2,1980-01-06T03:03:44,1633362800.8191159,2021-10-04T18:53:20
315965031,54131,231385,2.625,216,10,2,1980-01-06T03:03:51,1633362807.0093288,2021-10-04T18:53:27
315965038,90171,238424,2.9375,22,10,2,1980-01-06T03:03:58,1633362813.778949,2021-10-04T18:53:33
315965044,100265,244435,3.25,74,10,2,1980-01-06T03:04:04,1633362822.099048,2021-10-04T18:53:42
315965054,172934,254524,3.6875,162,10,2,1980-01-06T03:04:14,1633362831.4686918,2021-10-04T18:53:51
315965060,174020,260520,3.9375,214,10,2,1980-01-06T03:04:20,1633362837.619084,2021-10-04T18:53:57
315965067,242954,267570,4.3125,20,10,2,1980-01-06T03:04:27,1633362846.468968,2021-10-04T18:54:06
315965076,252898,276596,4.5,98,10,2,1980-01-06T03:04:36,1633362855.270309,2021-10-04T18:54:15
315965085,342904,285778,5.0,180,10,2,1980-01-06T03:04:45,1633362862.029816,2021-10-04T18:54:22
315965108,704785,308888,5.5625,126,10,2,1980-01-06T03:05:08,1633362883.798497,2021-10-04T18:54:43
315965131,736925,331980,6.0,68,10,2,1980-01-06T03:05:31,1633362908.2588398,2021-10-04T18:55:08
315965144,753690,344984,6.1875,182,10,2,1980-01-06T03:05:44,1633362921.2472808,2021-10-04T18:55:21
315965151,776436,351945,6.25,244,10,2,1980-01-06T03:05:51,1633362930.027313,2021-10-04T18:55:30
315965173,915241,374136,6.375,180,10,2,1980-01-06T03:06:13,1633362949.906617,2021-10-04T18:55:49
315965213,29152,413152,6.4375,10,10,2,1980-01-06T03:06:53,1633362991.305789,2021-10-04T18:56:31
315965222,60031,422185,6.4375,88,10,2,1980-01-06T03:07:02,1633363000.7359838,2021-10-04T18:56:40
315965240,71935,440214,6.5625,244,10,2,1980-01-06T03:07:20,1633363015.7466679,2021-10-04T18:56:55
315965254,98951,454224,6.75,112,10,2,1980-01-06T03:07:34,1633363031.3550448,2021-10-04T18:57:11
315965284,321712,484458,7.3125,120,10,2,1980-01-06T03:08:04,1633363062.014652,2021-10-04T18:57:42
315965315,434316,515645,7.75,134,10,2,1980-01-06T03:08:35,1633363090.555253,2021-10-04T18:58:10
315965321,431868,521635,7.8125,186,10,2,1980-01-06T03:08:41,1633363096.7644079,2021-10-04T18:58:16
315965337,444552,537653,7.875,70,10,2,1980-01-06T03:08:57,1633363116.9739559,2021-10-04T18:58:36
315965353,517572,553723,8.0,210,10,2,1980-01-06T03:09:13,1633363131.883492,2021-10-04T18:58:51
315965362,551484,562761,8.0625,32,10,2,1980-01-06T03:09:22,1633363140.623368,2021-10-04T18:59:00
315965370,552507,570766,8.0625,104,10,2,1980-01-06T03:09:30,1633363148.843281,2021-10-04T18:59:08
315965380,661588,580883,8.1875,192,10,2,1980-01-06T03:09:40,1633363156.183277,2021-10-04T18:59:16
315965386,674307,586887,8.25,244,10,2,1980-01-06T03:09:46,1633363162.363404,2021-10-04T18:59:22
315965393,661578,593871,8.375,50,10,2,1980-01-06T03:09:53,1633363173.182649,2021-10-04T18:59:33
315965402,730384,603029,8.5,128,10,2,1980-01-06T03:10:02,1633363179.962636,2021-10-04T18:59:39
315965409,744128,609972,8.625,190,10,2,1980-01-06T03:10:09,1633363188.7424839,2021-10-04T18:59:48
315965418,770397,619003,8.75,12,10,2,1980-01-06T03:10:18,1633363194.912209,2021-10-04T18:59:54
315965425,849907,626084,8.875,74,10,2,1980-01-06T03:10:25,1633363201.741904,2021-10-04T19:00:01
315965432,770585,633004,9.0,136,10,2,1980-01-06T03:10:32,1633363210.622169,2021-10-04T19:00:10
315965441,798238,642027,9.0625,214,10,2,1980-01-06T03:10:41,1633363219.471741,2021-10-04T19:00:19
315965449,850139,650072,9.125,26,10,2,1980-01-06T03:10:49,1633363228.322221,2021-10-04T19:00:28
315965461,887778,662116,9.1875,134,10,2,1980-01-06T03:11:01,1633363239.091456,2021-10-04T19:00:39
315965467,928241,668158,9.25,186,10,2,1980-01-06T03:11:07,1633363247.3010519,2021-10-04T19:00:47
315965478,17654,678318,9.1875,18,10,2,1980-01-06T03:11:18,1633363256.7014759,2021-10-04T19:00:56
315965486,47999,686283,9.1875,86,10,2,1980-01-06T03:11:26,1633363264.9631438,2021-10-04T19:01:04
315965495,128255,695450,9.1875,168,10,2,1980-01-06T03:11:35,1633363273.7614598,2021-10-04T19:01:13
315965505,178702,705447,9.125,252,10,2,1980-01-06T03:11:45,1633363282.540772,2021-10-04T19:01:22
315965514,196100,714375,9.125,74,10,2,1980-01-06T03:11:54,1633363291.342368,2021-10-04T19:01:31
315965522,206087,722377,9.0625,146,10,2,1980-01-06T03:12:02,1633363299.491845,2021-10-04T19:01:39
315965534,219004,734407,9.125,250,10,2,1980-01-06T03:12:14,1633363312.930433,2021-10-04T19:01:52
315965542,246533,742426,9.125,66,10,2,1980-01-06T03:12:22,1633363321.180409,2021-10-04T19:02:01
315965552,249581,752436,9.25,154,10,2,1980-01-06T03:12:32,1633363330.6016998,2021-10-04T19:02:10
315965561,258673,761446,9.375,232,10,2,1980-01-06T03:12:41,1633363337.321869,2021-10-04T19:02:17
315965568,324369,768513,9.5,38,10,2,1980-01-06T03:12:48,1633363346.1701488,2021-10-04T19:02:26
315965576,415923,776671,9.625,106,10,2,1980-01-06T03:12:56,1633363354.3602889,2021-10-04T19:02:34
315965585,425959,785612,9.8125,184,10,2,1980-01-06T03:13:05,1633363363.130144,2021-10-04T19:02:43
315965594,426064,794606,10.0,6,10,2,1980-01-06T03:13:14,1633363372.0000439,2021-10-04T19:02:52
