log_timestamp,log_timestamp_gregorian,unparsed
1633357239.718225,2021-10-04T17:20:39,
1633357241.058357,2021-10-04T17:20:41,
1633357438.498217,2021-10-04T17:23:58,
1633357443.286293,2021-10-04T17:24:03,
1633357445.730598,2021-10-04T17:24:05,
1633357453.444021,2021-10-04T17:24:13,
1633357458.658584,2021-10-04T17:24:18,
1633357461.654107,2021-10-04T17:24:21,
1633357472.237341,2021-10-04T17:24:32,
1633357485.296044,2021-10-04T17:24:45,
1633357490.261768,2021-10-04T17:24:50,
1633357497.56368,2021-10-04T17:24:57,
1633357547.165196,2021-10-04T17:25:47,
1633357552.116771,2021-10-04T17:25:52,
1633357558.871519,2021-10-04T17:25:58,
1633357561.863641,2021-10-04T17:26:01,
1633357566.78841,2021-10-04T17:26:06,
1633357573.679193,2021-10-04T17:26:13,
1633357577.517985,2021-10-04T17:26:17,
1633357751.210743,2021-10-04T17:29:11,
1633357890.750475,2021-10-04T17:31:30,
1633357894.679586,2021-10-04T17:31:34,
1633357898.876303,2021-10-04T17:31:38,
1633358066.603965,2021-10-04T17:34:26,
1633358174.436908,2021-10-04T17:36:14,
1633358180.182074,2021-10-04T17:36:20,
1633358185.965662,2021-10-04T17:36:25,
1633358197.910691,2021-10-04T17:36:37,
1633358203.798415,2021-10-04T17:36:43,
1633358204.852603,2021-10-04T17:36:44,
1633358206.650041,2021-10-04T17:36:46,
1633358223.332252,2021-10-04T17:37:03,
1633358256.18314,2021-10-04T17:37:36,
1633358257.813072,2021-10-04T17:37:37,
1633358260.638133,2021-10-04T17:37:40,
1633358264.861294,2021-10-04T17:37:44,
1633358268.533802,2021-10-04T17:37:48,
1633358290.398019,2021-10-04T17:38:10,
1633358301.841118,2021-10-04T17:38:21,
1633358310.052073,2021-10-04T17:38:30,
1633358336.130156,2021-10-04T17:38:56,
1633358340.477859,2021-10-04T17:39:00,
1633358347.104247,2021-10-04T17:39:07,
1633358352.286463,2021-10-04T17:39:12,
1633358360.482414,2021-10-04T17:39:20,
1633358366.748163,2021-10-04T17:39:26,
1633358372.335922,2021-10-04T17:39:32,
1633358380.28221,2021-10-04T17:39:40,
1633358384.569986,2021-10-04T17:39:44,
1633358390.404702,2021-10-04T17:39:50,
1633358448.752933,2021-10-04T17:40:48,
1633358458.797995,2021-10-04T17:40:58,
1633358460.963144,2021-10-04T17:41:00,
1633358464.973891,2021-10-04T17:41:04,
1633358472.258752,2021-10-04T17:41:12,
1633358478.423086,2021-10-04T17:41:18,
1633358487.190831,2021-10-04T17:41:27,
1633358494.933336,2021-10-04T17:41:34,
1633358499.262835,2021-10-04T17:41:39,
1633358503.032156,2021-10-04T17:41:43,
1633358515.948395,2021-10-04T17:41:55,
1633358527.495554,2021-10-04T17:42:07,
1633358573.371088,2021-10-04T17:42:53,
1633358580.38479,2021-10-04T17:43:00,
1633358590.703532,2021-10-04T17:43:10,
1633358606.699031,2021-10-04T17:43:26,
1633358627.057576,2021-10-04T17:43:47,
1633358630.826992,2021-10-04T17:43:50,
1633358635.338915,2021-10-04T17:43:55,
1633358651.242522,2021-10-04T17:44:11,
1633358654.759951,2021-10-04T17:44:14,
1633358659.068995,2021-10-04T17:44:19,
1633358662.489063,2021-10-04T17:44:22,
1633358669.290808,2021-10-04T17:44:29,
1633358696.684514,2021-10-04T17:44:56,
1633358699.166806,2021-10-04T17:44:59,
1633358708.390397,2021-10-04T17:45:08,
1633358719.68399,2021-10-04T17:45:19,
1633358720.858215,2021-10-04T17:45:20,
1633358729.491517,2021-10-04T17:45:29,
1633358765.896877,2021-10-04T17:46:05,
1633358782.7959,2021-10-04T17:46:22,
1633358786.885051,2021-10-04T17:46:26,
1633358792.976809,2021-10-04T17:46:32,
1633358798.991106,2021-10-04T17:46:38,
1633358801.909864,2021-10-04T17:46:41,
1633358806.228276,2021-10-04T17:46:46,
1633358824.354856,2021-10-04T17:47:04,
1633358824.4652,2021-10-04T17:47:04,
1633358832.402535,2021-10-04T17:47:12,
1633358837.090461,2021-10-04T17:47:17,
1633358844.522464,2021-10-04T17:47:24,
1633358849.474404,2021-10-04T17:47:29,
1633358860.720648,2021-10-04T17:47:40,
1633359111.325709,2021-10-04T17:51:51,
1633359131.06808,2021-10-04T17:52:11,
1633359134.822869,2021-10-04T17:52:14,
1633359136.233439,2021-10-04T17:52:16,
1633359280.901148,2021-10-04T17:54:40,
1633359286.405189,2021-10-04T17:54:46,
1633359343.621437,2021-10-04T17:55:43,
1633359776.902148,2021-10-04T18:02:56,
1633359784.977092,2021-10-04T18:03:04,
1633359838.686954,2021-10-04T18:03:58,
1633359843.153206,2021-10-04T18:04:03,
1633359852.835136,2021-10-04T18:04:12,
1633359853.858485,2021-10-04T18:04:13,
1633359865.826978,2021-10-04T18:04:25,
1633359867.325845,2021-10-04T18:04:27,
1633359869.78229,2021-10-04T18:04:29,
1633359872.136693,2021-10-04T18:04:32,
1633359885.550198,2021-10-04T18:04:45,
1633359991.760652,2021-10-04T18:06:31,
1633359993.716187,2021-10-04T18:06:33,
1633360856.525271,2021-10-04T18:20:56,
1633360882.028764,2021-10-04T18:21:22,
1633360912.643369,2021-10-04T18:21:52,
1633361088.950423,2021-10-04T18:24:48,
1633361297.559431,2021-10-04T18:28:17,
1633361300.274916,2021-10-04T18:28:20,
1633361303.366544,2021-10-04T18:28:23,
1633361305.635026,2021-10-04T18:28:25,
1633361307.484782,2021-10-04T18:28:27,
1633361309.795612,2021-10-04T18:28:29,
1633361311.341572,2021-10-04T18:28:31,
1633361313.380181,2021-10-04T18:28:33,
1633361316.084333,2021-10-04T18:28:36,
1633361318.450814,2021-10-04T18:28:38,
1633361327.886327,2021-10-04T18:28:47,
1633361328.858108,2021-10-04T18:28:48,
1633361340.293206,2021-10-04T18:29:00,
1633361342.440749,2021-10-04T18:29:02,
1633361343.52706,2021-10-04T18:29:03,
1633361344.980741,2021-10-04T18:29:04,
1633361346.606266,2021-10-04T18:29:06,
1633361349.112869,2021-10-04T18:29:09,
1633361349.895423,2021-10-04T18:29:09,
1633361350.743733,2021-10-04T18:29:10,
1633361352.853643,2021-10-04T18:29:12,
1633361354.622203,2021-10-04T18:29:14,
1633361354.640983,2021-10-04T18:29:14,
1633361356.737962,2021-10-04T18:29:16,
1633361357.124068,2021-10-04T18:29:17,
1633361358.256278,2021-10-04T18:29:18,
1633361360.53747,2021-10-04T18:29:20,
1633361362.357522,2021-10-04T18:29:22,
1633361363.990334,2021-10-04T18:29:23,
1633361367.128772,2021-10-04T18:29:27,
1633361368.784703,2021-10-04T18:29:28,
1633361404.250994,2021-10-04T18:30:04,
1633362205.147991,2021-10-04T18:43:25,
1633362210.099802,2021-10-04T18:43:30,
