time_s,time_us,cookie,snr,frame_no,tap_bytes,rssi_bytes,crc_bytes,time_gregorian,log_timestamp,log_timestamp_gregorian
1633357438,61719,677,1,444,00000000000000000000000000,0100c890e0,4d5d,2021-10-04T17:23:58,1633357438.008321,2021-10-04T17:23:58
1633357443,9103918,678,6,1868,00000000000000000000000000,06004c07e0,d040,2021-10-04T17:24:12,1633357443.912283,2021-10-04T17:24:03
1633357444,8145177,679,2,452,00000000000000000000000000,0200c890e0,657d,2021-10-04T17:24:12,1633357444.816648,2021-10-04T17:24:04
1633357451,816206,680,7,459,00000000000000000000000000,0700c890e0,57db,2021-10-04T17:24:11,1633357451.084589,2021-10-04T17:24:11
1633357451,6568524,681,2,460,00000000000000000000000000,0200c890e0,94f2,2021-10-04T17:24:17,1633357451.659138,2021-10-04T17:24:11
1633357452,2846605,682,4,461,00000000000000000000000000,0400c890e0,b28a,2021-10-04T17:24:14,1633357452.28673,2021-10-04T17:24:12
1633357475,9495773,683,14,487,00000000000000000000000000,0e00c890e0,6929,2021-10-04T17:24:44,1633357475.95154,2021-10-04T17:24:35
1633357476,4969797,684,15,488,00000000000000000000000000,0f00c890e0,3b93,2021-10-04T17:24:40,1633357476.498989,2021-10-04T17:24:36
1633357477,1132893,685,11,489,00000000000000000000000000,0b00c890e0,b566,2021-10-04T17:24:38,1633357477.115539,2021-10-04T17:24:37
1633357479,7523610,686,15,490,00000000000000000000000000,0f00c890e0,ff59,2021-10-04T17:24:46,1633357479.754381,2021-10-04T17:24:39
1633357480,3794598,687,15,491,00000000000000000000000000,0f00c890e0,cf99,2021-10-04T17:24:43,1633357480.381717,2021-10-04T17:24:40
1633357481,5541849,688,12,493,00000000000000000000000000,0c00c890e0,0c0d,2021-10-04T17:24:46,1633357481.556335,2021-10-04T17:24:41
1633357482,1295182,689,14,494,00000000000000000000000000,0e00c890e0,1df2,2021-10-04T17:24:43,1633357482.131592,2021-10-04T17:24:42
1633357483,3130342,690,10,496,00000000000000000000000000,0a00c890e0,99d2,2021-10-04T17:24:46,1633357483.31511,2021-10-04T17:24:43
1633357486,329144,691,10,497,00000000000000000000000000,0a00c890e0,1e25,2021-10-04T17:24:46,1633357486.034782,2021-10-04T17:24:46
1633357486,5688722,692,14,498,00000000000000000000000000,0e00c890e0,8ac2,2021-10-04T17:24:51,1633357486.570907,2021-10-04T17:24:46
1633357487,2145650,693,12,499,00000000000000000000000000,0c00c890e0,d977,2021-10-04T17:24:49,1633357487.216614,2021-10-04T17:24:47
1633357487,7968754,694,12,500,00000000000000000000000000,0c00c890e0,9dfd,2021-10-04T17:24:54,1633357487.799355,2021-10-04T17:24:47
1633357488,1375410,695,1,32821,00000000000000000000000000,0100589ee0,180d,2021-10-04T17:24:49,1633357488.139698,2021-10-04T17:24:48
1633357488,9515469,696,15,502,00000000000000000000000000,0f00c890e0,7ffd,2021-10-04T17:24:57,1633357488.95361,2021-10-04T17:24:48
1633357489,6419355,697,14,503,00000000000000000000000000,0e00c890e0,9e76,2021-10-04T17:24:55,1633357489.643979,2021-10-04T17:24:49
1633357492,1974565,698,14,504,00000000000000000000000000,0e00c890e0,7ecd,2021-10-04T17:24:53,1633357492.199664,2021-10-04T17:24:52
1633357492,8301844,699,14,505,00000000000000000000000000,0e00c890e0,3859,2021-10-04T17:25:00,1633357492.832232,2021-10-04T17:24:52
1633357493,3677494,700,9,506,00000000000000000000000000,0900c890e0,4ef7,2021-10-04T17:24:56,1633357493.369694,2021-10-04T17:24:53
1633357494,43053,701,12,507,00000000000000000000000000,0c00c890e0,bf0f,2021-10-04T17:24:54,1633357494.007935,2021-10-04T17:24:54
1633357494,5691125,702,10,508,00000000000000000000000000,0a00c890e0,fca0,2021-10-04T17:24:59,1633357494.571058,2021-10-04T17:24:54
1633357495,7354161,703,8,510,00000000000000000000000000,0800c890e0,3b39,2021-10-04T17:25:02,1633357495.738257,2021-10-04T17:24:55
1633357498,4861073,704,3,511,00000000000000000000000000,0300c890e0,f33e,2021-10-04T17:25:02,1633357498.48826,2021-10-04T17:24:58
1633357499,1142399,705,13,512,00000000000000000000000000,0d00c890e0,5971,2021-10-04T17:25:00,1633357499.116487,2021-10-04T17:24:59
1633357500,8410670,706,11,515,00000000000000000000000000,0b00c890e0,fde9,2021-10-04T17:25:08,1633357500.843127,2021-10-04T17:25:00
1633357501,4866192,707,13,516,00000000000000000000000000,0d00c890e0,ec0b,2021-10-04T17:25:05,1633357501.488612,2021-10-04T17:25:01
1633357504,6644127,708,11,518,00000000000000000000000000,0b00c890e0,5bee,2021-10-04T17:25:10,1633357504.666548,2021-10-04T17:25:04
1633357505,3119375,709,11,519,00000000000000000000000000,0b00c890e0,5dd6,2021-10-04T17:25:08,1633357505.314079,2021-10-04T17:25:05
1633357505,9356846,710,11,520,00000000000000000000000000,0b00c890e0,bce4,2021-10-04T17:25:14,1633357505.937617,2021-10-04T17:25:05
1633357506,5049052,711,9,521,00000000000000000000000000,0900c890e0,772e,2021-10-04T17:25:11,1633357506.507076,2021-10-04T17:25:06
1633357507,6617341,712,11,523,00000000000000000000000000,0b00c890e0,09cc,2021-10-04T17:25:13,1633357507.664009,2021-10-04T17:25:07
1633357508,2940280,713,7,2,00000000000000000000000000,0700c890e0,c23d,2021-10-04T17:25:10,1633357508.296653,2021-10-04T17:25:08
1633357511,5725600,714,11,526,00000000000000000000000000,0b00c890e0,ef32,2021-10-04T17:25:16,1633357511.575273,2021-10-04T17:25:11
1633357512,1177868,715,13,527,00000000000000000000000000,0d00c890e0,e3ea,2021-10-04T17:25:13,1633357512.119939,2021-10-04T17:25:12
1633357512,7479648,716,13,528,00000000000000000000000000,0d00c890e0,e20e,2021-10-04T17:25:19,1633357512.74982,2021-10-04T17:25:12
1633357513,2848443,717,13,529,00000000000000000000000000,0d00c890e0,06a9,2021-10-04T17:25:15,1633357513.286885,2021-10-04T17:25:13
1633357517,2028186,718,15,532,00000000000000000000000000,0f00c890e0,2768,2021-10-04T17:25:19,1633357517.206686,2021-10-04T17:25:17
1633357517,7454018,719,10,533,00000000000000000000000000,0a00c890e0,19f1,2021-10-04T17:25:24,1633357517.748569,2021-10-04T17:25:17
1633357518,2874395,720,10,534,00000000000000000000000000,0a00c890e0,0758,2021-10-04T17:25:20,1633357518.289438,2021-10-04T17:25:18
1633357518,9032239,721,10,535,00000000000000000000000000,0a00c890e0,ec05,2021-10-04T17:25:27,1633357518.905443,2021-10-04T17:25:18
1633357519,4533495,722,10,536,00000000000000000000000000,0a00c890e0,3c18,2021-10-04T17:25:23,1633357519.455244,2021-10-04T17:25:19
1633357520,870544,723,13,537,00000000000000000000000000,0d00c890e0,39d3,2021-10-04T17:25:20,1633357520.089102,2021-10-04T17:25:20
1633357520,6393306,724,10,538,00000000000000000000000000,0a00c890e0,3078,2021-10-04T17:25:26,1633357520.641376,2021-10-04T17:25:20
1633357523,2641446,725,13,539,00000000000000000000000000,0d00c890e0,b635,2021-10-04T17:25:25,1633357523.266278,2021-10-04T17:25:23
1633357524,4436826,726,9,541,00000000000000000000000000,0900c890e0,205a,2021-10-04T17:25:28,1633357524.445848,2021-10-04T17:25:24
1633357526,8100638,727,9,545,00000000000000000000000000,0900c890e0,c96c,2021-10-04T17:25:34,1633357526.812427,2021-10-04T17:25:26
1633357530,556550,728,13,547,00000000000000000000000000,0d00c890e0,1ca4,2021-10-04T17:25:30,1633357530.057724,2021-10-04T17:25:30
1633357530,6388354,729,13,548,00000000000000000000000000,0d00c890e0,f8b9,2021-10-04T17:25:36,1633357530.641741,2021-10-04T17:25:30
1633357531,5121014,730,3,1860,00000000000000000000000000,03004407c0,51c3,2021-10-04T17:25:36,1633357531.514127,2021-10-04T17:25:31
1633357533,761775,731,14,552,00000000000000000000000000,0e00c890e0,b29b,2021-10-04T17:25:33,1633357533.078238,2021-10-04T17:25:33
1633357538,1204354,732,12,557,00000000000000000000000000,0c00c890e0,925b,2021-10-04T17:25:39,1633357538.122539,2021-10-04T17:25:38
1633357541,9740393,733,12,560,00000000000000000000000000,0c00c890e0,7a36,2021-10-04T17:25:50,1633357541.978389,2021-10-04T17:25:41
1633357542,5257377,734,13,561,00000000000000000000000000,0d00c890e0,0ed5,2021-10-04T17:25:47,1633357542.527782,2021-10-04T17:25:42
1633357543,1803286,735,12,562,00000000000000000000000000,0c00c890e0,9ce2,2021-10-04T17:25:44,1633357543.18228,2021-10-04T17:25:43
1633357543,7278828,736,4,35507,00000000000000000000000000,0400c890e0,6699,2021-10-04T17:25:50,1633357543.729877,2021-10-04T17:25:43
1633357548,7923209,737,6,3128,00000000000000000000000000,0600c890e0,f35f,2021-10-04T17:25:55,1633357548.794445,2021-10-04T17:25:48
1633357569,2396376,738,0,592,00000000000000000000000000,0000c890e0,cdcd,2021-10-04T17:26:11,1633357569.241692,2021-10-04T17:26:09
1633357573,563962,739,4,595,00000000000000000000000000,0400c890e0,8a48,2021-10-04T17:26:13,1633357573.058286,2021-10-04T17:26:13
1633357573,6038162,740,5,596,00000000000000000000000000,0500c890e0,c3bb,2021-10-04T17:26:19,1633357573.606158,2021-10-04T17:26:13
1633357574,2445025,741,12,597,00000000000000000000000000,0c00c890e0,23c2,2021-10-04T17:26:16,1633357574.246674,2021-10-04T17:26:14
1633357574,7962262,742,11,598,00000000000000000000000000,0b00c890e0,5a34,2021-10-04T17:26:21,1633357574.798266,2021-10-04T17:26:14
1633357575,4497499,743,14,599,00000000000000000000000000,0e00c890e0,9c0d,2021-10-04T17:26:19,1633357575.4518,2021-10-04T17:26:15
1633357581,378289,744,1,605,00000000000000000000000000,0100c890e0,5898,2021-10-04T17:26:21,1633357581.039931,2021-10-04T17:26:21
1633357582,2544012,745,12,607,00000000000000000000000000,0c00c890e0,b4c0,2021-10-04T17:26:24,1633357582.256578,2021-10-04T17:26:22
1633357582,8642327,746,12,608,00000000000000000000000000,0c00c890e0,1e54,2021-10-04T17:26:30,1633357582.866384,2021-10-04T17:26:22
1633357587,3342564,747,11,612,00000000000000000000000000,0b00c890e0,bd30,2021-10-04T17:26:30,1633357587.338315,2021-10-04T17:26:27
1633357592,540058,748,10,1860,00000000000000000000000000,0a00440730,0000,2021-10-04T17:26:32,1633357592.056265,2021-10-04T17:26:32
1633357592,9783623,749,15,618,00000000000000000000000000,0f00c890e0,487c,2021-10-04T17:26:41,1633357592.980503,2021-10-04T17:26:32
1633357593,5459294,750,11,619,00000000000000000000000000,0b00c89e00,7d4f,2021-10-04T17:26:38,1633357593.547943,2021-10-04T17:26:33
1633357595,3309109,751,13,622,00000000000000000000000000,0d00c890e0,735e,2021-10-04T17:26:38,1633357595.332844,2021-10-04T17:26:35
1633357599,2622876,752,4,625,00000000000000000000000000,0400c890e0,fee2,2021-10-04T17:26:41,1633357599.264247,2021-10-04T17:26:39
1633357604,2588372,753,13,630,00000000000000000000000000,0d00c890e0,eef3,2021-10-04T17:26:46,1633357604.260971,2021-10-04T17:26:44
1633357604,8804609,754,12,631,00000000000000000000000000,0c00c890e0,27d8,2021-10-04T17:26:52,1633357604.882484,2021-10-04T17:26:44
1633357606,871322,755,0,633,00000000000000000000000000,0000c89440,0aff,2021-10-04T17:26:46,1633357606.089184,2021-10-04T17:26:46
1633357611,707774,756,14,21118,00000000000000000000000000,0e00c890e0,f9b4,2021-10-04T17:26:51,1633357611.072711,2021-10-04T17:26:51
1633357612,2669701,757,2,640,00000000000000000000000000,0200c88500,8307,2021-10-04T17:26:54,1633357612.268995,2021-10-04T17:26:52
1633357613,2851316,758,12,1988,00000000000000000000000000,0c00c40760,6e12,2021-10-04T17:26:55,1633357613.28899,2021-10-04T17:26:53
1633357616,7787728,759,11,644,00000000000000000000000000,0b00c890e0,319c,2021-10-04T17:27:03,1633357616.780838,2021-10-04T17:26:56
1633357618,214757,760,12,646,00000000000000000000000000,0c00db85e0,d3c8,2021-10-04T17:26:58,1633357618.023551,2021-10-04T17:26:58
1633357619,1614663,761,12,648,00000000000000000000000000,0c00c890e0,ff4d,2021-10-04T17:27:00,1633357619.164016,2021-10-04T17:26:59
1633357619,7211098,762,11,649,00000000000000000000000000,0b00c890e0,5b54,2021-10-04T17:27:06,1633357619.723248,2021-10-04T17:26:59
1633357620,3708591,763,2,650,00000000000000000000000000,0200c890e0,cedd,2021-10-04T17:27:03,1633357620.372853,2021-10-04T17:27:00
1633357623,6246752,764,0,652,00000000000000000000000000,0000c890e0,d603,2021-10-04T17:27:09,1633357623.626827,2021-10-04T17:27:03
1633357631,241830,765,11,661,00000000000000000000000000,0b00c890e0,519b,2021-10-04T17:27:11,1633357631.026705,2021-10-04T17:27:11
1633357631,5256981,766,10,662,00000000000000000000000000,0a00c890e0,84a8,2021-10-04T17:27:16,1633357631.527947,2021-10-04T17:27:11
1633357632,7057538,767,13,664,00000000000000000000000000,0d00c890e0,d812,2021-10-04T17:27:19,1633357632.707721,2021-10-04T17:27:12
1633357638,3569052,768,2,670,00000000000000000000000000,0200c890e0,6bbb,2021-10-04T17:27:21,1633357638.358895,2021-10-04T17:27:18
1633357638,9802742,769,4,671,00000000000000000000000000,0400c890e0,2dd5,2021-10-04T17:27:27,1633357638.982325,2021-10-04T17:27:18
1633357645,3132483,770,2,678,00000000000000000000000000,0200c890e0,5337,2021-10-04T17:27:28,1633357645.315072,2021-10-04T17:27:25
1633357647,9214308,771,0,1959,00000000000000000000000000,0000c09060,02e0,2021-10-04T17:27:36,1633357647.923445,2021-10-04T17:27:27
1633357648,5558309,772,0,680,00000000000000000000000000,0000c890e0,2ef6,2021-10-04T17:27:33,1633357648.558052,2021-10-04T17:27:28
1633357650,2554476,773,1,418,00000000000000000000000000,0100c890e0,2550,2021-10-04T17:27:32,1633357650.257529,2021-10-04T17:27:30
1633357657,7130115,774,7,692,00000000000000000000000000,0700c890e0,c34c,2021-10-04T17:27:44,1633357657.715063,2021-10-04T17:27:37
1633357661,162811,775,1,694,00000000000000000000000000,0100c890e0,5459,2021-10-04T17:27:41,1633357661.018254,2021-10-04T17:27:41
1633357661,6277506,776,3,695,00000000000000000000000000,0300c890e0,b74a,2021-10-04T17:27:47,1633357661.631337,2021-10-04T17:27:41
1633357668,927295,777,5,694,00000000000000000000000000,05005190e0,300d,2021-10-04T17:27:48,1633357668.094857,2021-10-04T17:27:48
1633357668,6398642,778,2,1860,00000000000000000000000000,02004407f0,0c1f,2021-10-04T17:27:54,1633357668.641869,2021-10-04T17:27:48
1633357685,7990489,779,1,722,00000000000000000000000000,0100c890e0,919b,2021-10-04T17:28:12,1633357685.801008,2021-10-04T17:28:05
1633357688,1437752,780,12,726,00000000000000000000000000,0c00c890e0,27f6,2021-10-04T17:28:09,1633357688.146101,2021-10-04T17:28:08
1633357688,7740092,781,10,734,00000000000000000000000000,0a00cc90a0,833d,2021-10-04T17:28:15,1633357688.776329,2021-10-04T17:28:08
1633357697,6940877,782,13,735,00000000000000000000000000,0d00c890e0,0631,2021-10-04T17:28:23,1633357697.696266,2021-10-04T17:28:17
1633357698,2423329,783,15,736,00000000000000000000000000,0f00c890e0,89a1,2021-10-04T17:28:20,1633357698.244321,2021-10-04T17:28:18
1633357698,8613102,784,14,737,00000000000000000000000000,0e00c890e0,2ad4,2021-10-04T17:28:26,1633357698.863459,2021-10-04T17:28:18
1633357699,4030072,785,13,738,00000000000000000000000000,0d00c890e0,cad9,2021-10-04T17:28:23,1633357699.405158,2021-10-04T17:28:19
1633357700,6008920,786,9,740,00000000000000000000000000,0900c89060,9c59,2021-10-04T17:28:26,1633357700.602704,2021-10-04T17:28:20
1633357701,2238950,787,9,741,00000000000000000000000000,0900c890e0,1f22,2021-10-04T17:28:23,1633357701.226258,2021-10-04T17:28:21
1633357705,9803774,788,3,1988,00000000000000000000000000,0300c40770,3f02,2021-10-04T17:28:34,1633357705.9823,2021-10-04T17:28:25
1633357706,8543851,789,12,747,00000000000000000000000000,0c00c890e0,3a0c,2021-10-04T17:28:34,1633357706.857026,2021-10-04T17:28:26
1633357707,4186060,790,11,748,00000000000000000000000000,0b00c890e0,4e66,2021-10-04T17:28:31,1633357707.420526,2021-10-04T17:28:27
1633357712,4884145,791,11,753,00000000000000000000000000,0b00c890e0,34e8,2021-10-04T17:28:36,1633357712.490514,2021-10-04T17:28:32
1633357713,563020,792,10,754,00000000000000000000000000,0a00c890e0,bb23,2021-10-04T17:28:33,1633357713.05829,2021-10-04T17:28:33
1633357713,5927495,793,9,755,00000000000000000000000000,0900c890e0,201f,2021-10-04T17:28:38,1633357713.595185,2021-10-04T17:28:33
1633357723,1355826,794,12,764,00000000000000000000000000,0c00c890e0,bcbe,2021-10-04T17:28:44,1633357723.137739,2021-10-04T17:28:43
1633357730,5108077,795,10,773,00000000000000000000000000,0a00c890e0,edd6,2021-10-04T17:28:55,1633357730.512949,2021-10-04T17:28:50
1633357732,2868058,796,13,776,00000000000000000000000000,0d00c890e0,7f2d,2021-10-04T17:28:54,1633357732.288881,2021-10-04T17:28:52
1633357734,9432377,797,9,777,00000000000000000000000000,0900c890e0,9252,2021-10-04T17:29:03,1633357734.945202,2021-10-04T17:28:54
1633357736,7444193,798,14,780,00000000000000000000000000,0e00c890e0,6502,2021-10-04T17:29:03,1633357736.746635,2021-10-04T17:28:56
1633357737,9155988,799,2,782,00000000000000000000000000,0200c890d0,def2,2021-10-04T17:29:06,1633357737.917635,2021-10-04T17:28:57
1633357738,4600780,800,13,783,00000000000000000000000000,0d00c890e0,1e72,2021-10-04T17:29:02,1633357738.462133,2021-10-04T17:28:58
1633357742,9225969,801,12,787,00000000000000000000000000,0c00c890e0,b445,2021-10-04T17:29:11,1633357742.924706,2021-10-04T17:29:02
1633357744,1686630,802,13,789,00000000000000000000000000,0d00c890e0,92f5,2021-10-04T17:29:05,1633357744.170639,2021-10-04T17:29:04
1633357744,5280759,803,1,1996,00000000000000000000000000,0100cc0740,be41,2021-10-04T17:29:09,1633357744.530286,2021-10-04T17:29:04
1633357751,309166,804,1,797,00000000000000000000000000,0100c890e0,13b9,2021-10-04T17:29:11,1633357751.032771,2021-10-04T17:29:11
1633357756,6340928,805,2,803,00000000000000000000000000,0200c890e0,8083,2021-10-04T17:29:22,1633357756.636234,2021-10-04T17:29:16
1633357761,2184848,806,9,807,00000000000000000000000000,0900c890e0,d65c,2021-10-04T17:29:23,1633357761.220659,2021-10-04T17:29:21
1633357761,4496941,807,14,1860,00000000000000000000000000,0e004407b0,4906,2021-10-04T17:29:25,1633357761.451738,2021-10-04T17:29:21
1633357762,3006777,808,12,809,00000000000000000000000000,0c00c890e0,aae5,2021-10-04T17:29:25,1633357762.302776,2021-10-04T17:29:22
1633357769,6981687,809,11,818,00000000000000000000000000,0b00c890e0,28bb,2021-10-04T17:29:35,1633357769.700015,2021-10-04T17:29:29
1633357772,9561700,810,12,820,00000000000000000000000000,0c00c890e0,f11b,2021-10-04T17:29:41,1633357772.958051,2021-10-04T17:29:32
1633357773,3845262,811,13,1988,00000000000000000000000000,0d00c40750,0000,2021-10-04T17:29:36,1633357773.387253,2021-10-04T17:29:33
1633357774,1082456,812,10,822,00000000000000000000000000,0a00c890e0,7677,2021-10-04T17:29:35,1633357774.110222,2021-10-04T17:29:34
1633357774,7436754,813,12,823,00000000000000000000000000,0c00c890e0,e0b9,2021-10-04T17:29:41,1633357774.745873,2021-10-04T17:29:34
1633357778,6283514,814,12,826,00000000000000000000000000,0c00c890e0,42e6,2021-10-04T17:29:44,1633357778.630158,2021-10-04T17:29:38
1633357779,2343819,815,13,827,00000000000000000000000000,0d00c890e0,0da8,2021-10-04T17:29:41,1633357779.236654,2021-10-04T17:29:39
1633357780,4970898,816,11,829,00000000000000000000000000,0b00c890e0,3c91,2021-10-04T17:29:44,1633357780.49918,2021-10-04T17:29:40
1633357784,9447999,817,14,833,00000000000000000000000000,0e00c890e0,3058,2021-10-04T17:29:53,1633357784.946774,2021-10-04T17:29:44
1633357787,2403187,818,13,837,00000000000000000000000000,0d00c890e0,df35,2021-10-04T17:29:49,1633357787.242191,2021-10-04T17:29:47
1633357787,9038591,819,13,838,00000000000000000000000000,0d00c890e0,950b,2021-10-04T17:29:56,1633357787.90606,2021-10-04T17:29:47
1633357788,4407968,820,13,839,00000000000000000000000000,0d00c890e0,0483,2021-10-04T17:29:52,1633357788.442831,2021-10-04T17:29:48
1633357793,234878,821,12,843,00000000000000000000000000,0c00c890e0,0b95,2021-10-04T17:29:53,1633357793.026616,2021-10-04T17:29:53
1633357793,5727908,822,12,844,00000000000000000000000000,0c00c890e0,4263,2021-10-04T17:29:58,1633357793.57498,2021-10-04T17:29:53
1633357794,1624796,823,12,845,00000000000000000000000000,0c00c890e0,d077,2021-10-04T17:29:55,1633357794.164398,2021-10-04T17:29:54
1633357797,5406837,824,13,847,00000000000000000000000000,0d00c890e0,40b7,2021-10-04T17:30:02,1633357797.542798,2021-10-04T17:29:57
1633357798,193996,825,11,58192,00000000000000000000000000,0b00c890e0,7416,2021-10-04T17:29:58,1633357798.021919,2021-10-04T17:29:58
1633357798,6205303,826,12,849,00000000000000000000000000,0c00c890e0,8402,2021-10-04T17:30:04,1633357798.622958,2021-10-04T17:29:58
1633357803,6211431,827,12,854,00000000000000000000000000,0c00c890e0,51d7,2021-10-04T17:30:09,1633357803.623233,2021-10-04T17:30:03
1633357804,2867765,828,13,967,00000000000000000000000000,0d00c890e0,d193,2021-10-04T17:30:06,1633357804.288861,2021-10-04T17:30:04
1633357804,8312242,829,1,856,00000000000000000000000000,0100c890e0,e8b6,2021-10-04T17:30:12,1633357804.833375,2021-10-04T17:30:04
1633357806,414545,830,13,858,00000000000000000000000000,0d00c890e0,5e8e,2021-10-04T17:30:06,1633357806.043621,2021-10-04T17:30:06
1633357806,6050670,831,10,859,00000000000000000000000000,0a00c890e0,d79f,2021-10-04T17:30:12,1633357806.607201,2021-10-04T17:30:06
1633357807,1903886,832,14,860,00000000000000000000000000,0e00c890e0,5479,2021-10-04T17:30:08,1633357807.192378,2021-10-04T17:30:07
1633357811,1561918,833,10,863,00000000000000000000000000,0a00c890e0,78de,2021-10-04T17:30:12,1633357811.158232,2021-10-04T17:30:11
1633357811,4520788,834,13,1996,00000000000000000000000000,0d00cc07f0,be41,2021-10-04T17:30:15,1633357811.453948,2021-10-04T17:30:11
1633357812,2905280,835,12,865,00000000000000000000000000,0c00c890e0,0ac3,2021-10-04T17:30:14,1633357812.292488,2021-10-04T17:30:12
1633357812,8924100,836,12,866,00000000000000000000000000,0c00c890e0,975c,2021-10-04T17:30:20,1633357812.894678,2021-10-04T17:30:12
1633357813,4934911,837,15,867,00000000000000000000000000,0f00c890e0,5e7e,2021-10-04T17:30:17,1633357813.495668,2021-10-04T17:30:13
1633357815,9631667,838,12,1988,00000000000000000000000000,0c00c40750,0000,2021-10-04T17:30:24,1633357815.966036,2021-10-04T17:30:15
1633357816,7501120,839,12,869,00000000000000000000000000,0c00c890e0,a285,2021-10-04T17:30:23,1633357816.752172,2021-10-04T17:30:16
1633357817,4672129,840,12,870,00000000000000000000000000,0c00c890e0,853b,2021-10-04T17:30:21,1633357817.469243,2021-10-04T17:30:17
1633357817,9628391,841,11,871,00000000000000000000000000,0b00c890e0,e115,2021-10-04T17:30:26,1633357817.964972,2021-10-04T17:30:17
1633357818,6290924,842,12,872,00000000000000000000000000,0c00c890e0,cf56,2021-10-04T17:30:24,1633357818.631095,2021-10-04T17:30:18
1633357822,6535942,843,12,875,00000000000000000000000000,0c00c890e0,3413,2021-10-04T17:30:28,1633357822.656424,2021-10-04T17:30:22
1633357823,875844,844,15,876,00000000000000000000000000,0f00c890e0,8c2b,2021-10-04T17:30:23,1633357823.089538,2021-10-04T17:30:23
1633357824,2307796,845,1,878,00000000000000000000000000,0100c890e0,dfce,2021-10-04T17:30:26,1633357824.23281,2021-10-04T17:30:24
1633357825,4258408,846,14,880,00000000000000000000000000,0e00c890e0,4dc6,2021-10-04T17:30:29,1633357825.42781,2021-10-04T17:30:25
1633357826,929689,847,13,881,00000000000000000000000000,0d00c890e0,9ddb,2021-10-04T17:30:26,1633357826.095014,2021-10-04T17:30:26
1633357828,6748013,848,9,882,00000000000000000000000000,0900c890e0,eee5,2021-10-04T17:30:34,1633357828.677026,2021-10-04T17:30:28
1633357829,9987189,849,14,884,00000000000000000000000000,0e00c890e0,dadd,2021-10-04T17:30:38,1633357830.000777,2021-10-04T17:30:30
1633357830,7232830,850,13,885,00000000000000000000000000,0d00c890e0,7438,2021-10-04T17:30:37,1633357830.725322,2021-10-04T17:30:30
1633357831,2119126,851,5,886,00000000000000000000000000,0500c890e0,395e,2021-10-04T17:30:33,1633357831.213782,2021-10-04T17:30:31
1633357836,2644762,852,12,891,00000000000000000000000000,0c00c890e0,1e7b,2021-10-04T17:30:38,1633357836.266912,2021-10-04T17:30:36
1633357836,8726625,853,11,892,00000000000000000000000000,0b00c890e0,359c,2021-10-04T17:30:44,1633357836.875062,2021-10-04T17:30:36
1633357838,794327,854,13,893,00000000000000000000000000,0d00c890e0,90c0,2021-10-04T17:30:38,1633357838.081556,2021-10-04T17:30:38
1633357844,8861222,855,12,902,00000000000000000000000000,0c00c890e0,051f,2021-10-04T17:30:52,1633357844.88816,2021-10-04T17:30:44
1633357847,6094853,856,11,903,00000000000000000000000000,0b00c890e0,c81a,2021-10-04T17:30:53,1633357847.611423,2021-10-04T17:30:47
1633357856,906119,857,11,914,00000000000000000000000000,0b00c890e0,7fdc,2021-10-04T17:30:56,1633357856.092463,2021-10-04T17:30:56
1633357856,8161814,858,10,915,00000000000000000000000000,0a00c890e0,6bd4,2021-10-04T17:31:04,1633357856.819333,2021-10-04T17:30:56
1633357866,2574894,859,9,924,00000000000000000000000000,0900c890e0,4750,2021-10-04T17:31:08,1633357866.259597,2021-10-04T17:31:06
1633357866,8056397,860,12,925,00000000000000000000000000,0c00cd90e0,e78b,2021-10-04T17:31:14,1633357866.80761,2021-10-04T17:31:06
1633357867,4594559,861,13,926,00000000000000000000000000,0d00c890e0,2731,2021-10-04T17:31:11,1633357867.461508,2021-10-04T17:31:07
1633357868,166609,862,10,927,00000000000000000000000000,0a00c890e0,dd74,2021-10-04T17:31:08,1633357868.020073,2021-10-04T17:31:08
1633357868,7235617,863,10,928,00000000000000000000000000,0a00c890e0,7754,2021-10-04T17:31:15,1633357868.72582,2021-10-04T17:31:08
1633357869,2116498,864,10,929,00000000000000000000000000,0a00c890e0,e1b3,2021-10-04T17:31:11,1633357869.213753,2021-10-04T17:31:09
1633357869,8127844,865,12,930,00000000000000000000000000,0c00c890e0,2a1a,2021-10-04T17:31:17,1633357869.815006,2021-10-04T17:31:09
1633357874,3850483,866,3,934,00000000000000000000000000,0300c899e0,9af3,2021-10-04T17:31:17,1633357874.387233,2021-10-04T17:31:14
1633357874,8724675,867,13,935,00000000000000000000000000,0d00c890e0,501a,2021-10-04T17:31:22,1633357874.874628,2021-10-04T17:31:14
1633357878,7819786,868,10,938,00000000000000000000000000,0a00c890e0,9d81,2021-10-04T17:31:25,1633357878.784224,2021-10-04T17:31:18
1633357879,2691638,869,13,939,00000000000000000000000000,0d00c890c0,01ce,2021-10-04T17:31:21,1633357879.271399,2021-10-04T17:31:19
1633357885,3462600,870,12,945,00000000000000000000000000,0c00c890e0,bf1c,2021-10-04T17:31:28,1633357885.348267,2021-10-04T17:31:25
1633357885,5375828,871,12,946,00000000000000000000000000,0c00c89000,21f7,2021-10-04T17:31:30,1633357885.539952,2021-10-04T17:31:25
1633357891,6941993,872,12,953,00000000000000000000000000,0c00c890e0,94b4,2021-10-04T17:31:37,1633357891.696384,2021-10-04T17:31:31
1633357892,3376288,873,13,954,00000000000000000000000000,0d00c890e0,fa13,2021-10-04T17:31:35,1633357892.339979,2021-10-04T17:31:32
1633357892,8929331,874,10,955,00000000000000000000000000,0a00c890e0,5e67,2021-10-04T17:31:40,1633357892.896359,2021-10-04T17:31:32
1633357894,4506182,875,2,1988,00000000000000000000000000,0200c40780,1bc4,2021-10-04T17:31:38,1633357894.452629,2021-10-04T17:31:34
1633357900,3588724,876,3,964,00000000000000000000000000,0300ca90e0,be41,2021-10-04T17:31:43,1633357900.360974,2021-10-04T17:31:40
1633357900,8792936,877,1,965,00000000000000000000000000,0100c890e0,a143,2021-10-04T17:31:48,1633357900.881381,2021-10-04T17:31:40
1633357903,5918397,878,14,966,00000000000000000000000000,0e00c890e0,688d,2021-10-04T17:31:48,1633357903.59395,2021-10-04T17:31:43
1633357904,1469044,879,9,967,00000000000000000000000000,0900c890e0,8e05,2021-10-04T17:31:45,1633357904.149074,2021-10-04T17:31:44
1633357904,7798883,880,1,968,00000000000000000000000000,0100c890e0,9ce2,2021-10-04T17:31:51,1633357904.781909,2021-10-04T17:31:44
1633357906,6162936,881,14,971,00000000000000000000000000,0e00c890e0,2f2c,2021-10-04T17:31:52,1633357906.618417,2021-10-04T17:31:46
1633357907,1543874,882,14,972,00000000000000000000000000,0e00c890e0,2c1c,2021-10-04T17:31:48,1633357907.157929,2021-10-04T17:31:47
1633357909,8872675,883,11,973,00000000000000000000000000,0b00c890e0,958b,2021-10-04T17:31:57,1633357909.889331,2021-10-04T17:31:49
1633357910,4642543,884,12,974,00000000000000000000000000,0c00c890e0,b34d,2021-10-04T17:31:54,1633357910.466614,2021-10-04T17:31:50
1633357911,1178181,885,14,975,00000000000000000000000000,0e00c890e0,2268,2021-10-04T17:31:52,1633357911.119954,2021-10-04T17:31:51
1633357911,4526870,886,11,1988,00000000000000000000000000,0b00c407f0,0000,2021-10-04T17:31:55,1633357911.45484,2021-10-04T17:31:51
1633357912,2576274,887,10,977,00000000000000000000000000,0a00c890e0,24d9,2021-10-04T17:31:54,1633357912.259687,2021-10-04T17:31:52
1633357916,821485,888,10,980,00000000000000000000000000,0a00c890e0,8556,2021-10-04T17:31:56,1633357916.084202,2021-10-04T17:31:56
1633357917,2618594,889,6,27478,00000000000000000000000000,0600c890e0,81ab,2021-10-04T17:31:59,1633357917.264147,2021-10-04T17:31:57
1633357918,4358813,890,11,984,00000000000000000000000000,0b00c890e0,9dd8,2021-10-04T17:32:02,1633357918.437865,2021-10-04T17:31:58
1633357919,747942,891,13,985,00000000000000000000000000,0d00c890e0,74dc,2021-10-04T17:31:59,1633357919.077116,2021-10-04T17:31:59
1633357919,6057817,892,3,986,00000000000000000000000000,0300c890e0,09dd,2021-10-04T17:32:05,1633357919.609379,2021-10-04T17:31:59
1633357924,6903939,893,14,991,00000000000000000000000000,0e00c890e0,9fd6,2021-10-04T17:32:10,1633357924.692512,2021-10-04T17:32:04
1633357925,2420547,894,13,992,00000000000000000000000000,0d00c890e0,2cff,2021-10-04T17:32:07,1633357925.244127,2021-10-04T17:32:05
1633357928,5225903,895,12,994,00000000000000000000000000,0c00c890e0,7c53,2021-10-04T17:32:13,1633357928.524668,2021-10-04T17:32:08
1633357929,421087,896,14,995,00000000000000000000000000,0e008b90e0,0000,2021-10-04T17:32:09,1633357929.044086,2021-10-04T17:32:09
1633357929,7008798,897,12,996,00000000000000000000000000,0c00c890e0,3e9a,2021-10-04T17:32:16,1633357929.702853,2021-10-04T17:32:09
1633357934,7968761,898,8,33769,00000000000000000000000000,0800c890e0,d602,2021-10-04T17:32:21,1633357934.798738,2021-10-04T17:32:14
1633357938,3550281,899,13,1007,00000000000000000000000000,0d00c890e0,8352,2021-10-04T17:32:21,1633357938.357311,2021-10-04T17:32:18
1633357940,9745335,900,11,1008,00000000000000000000000000,0b00c890e0,681c,2021-10-04T17:32:29,1633357940.976605,2021-10-04T17:32:20
1633357943,3269388,901,12,1012,00000000000000000000000000,0c00c890e0,93a3,2021-10-04T17:32:26,1633357943.328855,2021-10-04T17:32:23
1633357943,9742956,902,14,1013,00000000000000000000000000,0e00c890e0,7c34,2021-10-04T17:32:32,1633357943.977005,2021-10-04T17:32:23
1633357944,5381860,903,16,1014,00000000000000000000000000,1000c890e0,9e53,2021-10-04T17:32:29,1633357944.540108,2021-10-04T17:32:24
1633357947,2420899,904,10,1015,00000000000000000000000000,0a00c890e0,0ff3,2021-10-04T17:32:29,1633357947.244199,2021-10-04T17:32:27
1633357947,6305496,905,13,1996,00000000000000000000000000,0d00cc0730,be41,2021-10-04T17:32:33,1633357947.632545,2021-10-04T17:32:27
1633357948,4279477,906,10,1017,00000000000000000000000000,0a00c890e0,54f6,2021-10-04T17:32:32,1633357948.43,2021-10-04T17:32:28
1633357950,1547069,907,12,1020,00000000000000000000000000,0c00c890e0,5fe8,2021-10-04T17:32:31,1633357950.156677,2021-10-04T17:32:30
1633357950,7904810,908,11,1021,00000000000000000000000000,0b00c890e0,748b,2021-10-04T17:32:37,1633357950.792531,2021-10-04T17:32:30
1633357956,4255785,909,11,259,00000000000000000000000000,0b00c890e0,f14e,2021-10-04T17:32:40,1633357956.427566,2021-10-04T17:32:36
1633357961,446677,910,15,1031,00000000000000000000000000,0f00c890e0,a196,2021-10-04T17:32:41,1633357961.046711,2021-10-04T17:32:41
1633357961,5726153,911,1,1032,00000000000000000000000000,0100c890e0,a27b,2021-10-04T17:32:46,1633357961.574713,2021-10-04T17:32:41
1633357962,7278039,912,13,1034,00000000000000000000000000,0d00c890e0,04bc,2021-10-04T17:32:49,1633357962.734417,2021-10-04T17:32:42
1633357967,8128542,913,13,1039,00000000000000000000000000,0d00c890e0,aea6,2021-10-04T17:32:55,1633357967.814954,2021-10-04T17:32:47
1633357968,3937528,914,14,1040,00000000000000000000000000,0e00c890e0,4bcd,2021-10-04T17:32:51,1633357968.396001,2021-10-04T17:32:48
1633357972,3028213,915,14,1043,00000000000000000000000000,0e00c890e0,5c90,2021-10-04T17:32:55,1633357972.304714,2021-10-04T17:32:52
1633357972,8478910,916,13,20804,00000000000000000000000000,0d00c890e0,3a9c,2021-10-04T17:33:00,1633357972.85008,2021-10-04T17:32:52
1633357973,4622037,917,1,1047,00000000000000000000000000,0100c890e0,bac4,2021-10-04T17:32:57,1633357973.464278,2021-10-04T17:32:53
1633357979,7834205,918,14,1052,00000000000000000000000000,0e00c890e0,24be,2021-10-04T17:33:06,1633357979.785608,2021-10-04T17:32:59
1633357982,1108705,919,14,1056,00000000000000000000000000,0e00c890e0,3c24,2021-10-04T17:33:03,1633357982.112931,2021-10-04T17:33:02
1633357984,4693574,920,11,861,00000000000000000000000000,0b005d0330,fd14,2021-10-04T17:33:08,1633357984.471393,2021-10-04T17:33:04
1633357985,4094994,921,14,1058,00000000000000000000000000,0e00c890e0,9314,2021-10-04T17:33:09,1633357985.411523,2021-10-04T17:33:05
1633357985,9467558,922,12,1059,00000000000000000000000000,0c00c890e0,27d5,2021-10-04T17:33:14,1633357985.948826,2021-10-04T17:33:05
1633357988,3137328,923,12,1063,00000000000000000000000000,0c00c890e0,afb9,2021-10-04T17:33:11,1633357988.315974,2021-10-04T17:33:08
1633357991,620715,924,13,1064,00000000000000000000000000,0d00c890e0,69a2,2021-10-04T17:33:11,1633357991.064208,2021-10-04T17:33:11
1633357992,2708170,925,12,1066,00000000000000000000000000,0c00c890e0,640f,2021-10-04T17:33:14,1633357992.273274,2021-10-04T17:33:12
1633357992,7529032,926,13,1067,00000000000000000000000000,0d00c890e0,7cef,2021-10-04T17:33:19,1633357992.755089,2021-10-04T17:33:12
1633357993,3850953,927,11,1068,00000000000000000000000000,0b00c890e0,0071,2021-10-04T17:33:16,1633357993.387228,2021-10-04T17:33:13
1633357993,9329576,928,14,1069,00000000000000000000000000,0e00c890e0,9242,2021-10-04T17:33:22,1633357993.93645,2021-10-04T17:33:13
1633357994,5624368,929,13,1070,00000000000000000000000000,0d00c890e0,0134,2021-10-04T17:33:19,1633357994.564377,2021-10-04T17:33:14
1633357997,3030116,930,13,1071,00000000000000000000000000,0d00c890e0,1b31,2021-10-04T17:33:20,1633357997.305151,2021-10-04T17:33:17
1633357997,9417443,931,13,3120,00000000000000000000000000,0d00c890e0,b075,2021-10-04T17:33:26,1633357997.943906,2021-10-04T17:33:17
1633357998,4912621,932,14,1073,00000000000000000000000000,0e00c890e0,4863,2021-10-04T17:33:22,1633357998.49334,2021-10-04T17:33:18
1633357999,415482,933,12,1074,00000000000000000000000000,0c00c890e0,fedf,2021-10-04T17:33:19,1633357999.043699,2021-10-04T17:33:19
1633358003,5125231,934,12,1078,00000000000000000000000000,0c00c890e0,5b66,2021-10-04T17:33:28,1633358003.514379,2021-10-04T17:33:23
1633358004,1641912,935,1,1079,00000000000000000000000000,0100c890e0,d50a,2021-10-04T17:33:25,1633358004.16679,2021-10-04T17:33:24
1633358006,5085256,936,4,1083,00000000000000000000000000,0400c89060,d2b8,2021-10-04T17:33:31,1633358006.510649,2021-10-04T17:33:26
1633358009,7906074,937,13,1085,00000000000000000000000000,0d00c890e0,6629,2021-10-04T17:33:36,1633358009.79265,2021-10-04T17:33:29
1633358010,4172823,938,13,1086,00000000000000000000000000,0d00c890e0,cc9a,2021-10-04T17:33:34,1633358010.419543,2021-10-04T17:33:30
1633358012,1678714,939,13,1089,00000000000000000000000000,0d00c890e0,0174,2021-10-04T17:33:33,1633358012.169742,2021-10-04T17:33:32
1633358012,7764401,940,10,1090,00000000000000000000000000,0a00c890e0,f9be,2021-10-04T17:33:39,1633358012.780497,2021-10-04T17:33:32
1633358015,8304283,941,12,14148,00000000000000000000000000,0c008870e0,ba73,2021-10-04T17:33:43,1633358015.832494,2021-10-04T17:33:35
1633358017,1367776,942,13,1094,00000000000000000000000000,0d00c890e0,fc4d,2021-10-04T17:33:38,1633358017.138915,2021-10-04T17:33:37
1633358017,7588226,943,15,1095,00000000000000000000000000,0f00c890e0,1e52,2021-10-04T17:33:44,1633358017.761229,2021-10-04T17:33:37
1633358018,3088226,944,11,1096,00000000000000000000000000,0b00c890e0,34ac,2021-10-04T17:33:41,1633358018.310853,2021-10-04T17:33:38
1633358018,9393594,945,10,1097,00000000000000000000000000,0a00c890e0,bfde,2021-10-04T17:33:47,1633358018.941598,2021-10-04T17:33:38
1633358019,4809620,946,13,1098,00000000000000000000000000,0d00c890e0,1759,2021-10-04T17:33:43,1633358019.484361,2021-10-04T17:33:39
1633358041,3824553,947,11,1121,00000000000000000000000000,0b00c890e0,c9a5,2021-10-04T17:34:04,1633358041.385782,2021-10-04T17:34:01
1633358042,58934,948,10,1122,00000000000000000000000000,0a00c890e0,3564,2021-10-04T17:34:02,1633358042.008029,2021-10-04T17:34:02
1633358043,7656381,949,11,1125,00000000000000000000000000,0b00c890e0,f70a,2021-10-04T17:34:10,1633358043.767615,2021-10-04T17:34:03
1633358044,3662579,950,11,1126,00000000000000000000000000,0b00c890e0,c3dc,2021-10-04T17:34:07,1633358044.368541,2021-10-04T17:34:04
1633358047,1050205,951,13,1127,00000000000000000000000000,0d00c890e0,39d2,2021-10-04T17:34:08,1633358047.107057,2021-10-04T17:34:07
1633358047,6744256,952,13,1128,00000000000000000000000000,0d00c890e0,8093,2021-10-04T17:34:13,1633358047.676776,2021-10-04T17:34:07
1633358048,2863039,953,13,1129,00000000000000000000000000,0d00c890e0,b4b7,2021-10-04T17:34:10,1633358048.288217,2021-10-04T17:34:08
1633358048,8504035,954,11,1130,00000000000000000000000000,0b00c890e0,fd09,2021-10-04T17:34:16,1633358048.852895,2021-10-04T17:34:08
1633358053,2023808,955,1,1988,00000000000000000000000000,0100c40780,d512,2021-10-04T17:34:15,1633358053.204488,2021-10-04T17:34:13
1633358054,6014509,956,13,1136,00000000000000000000000000,0d00c890e0,a248,2021-10-04T17:34:20,1633358054.603523,2021-10-04T17:34:14
1633358055,1620757,957,13,1137,00000000000000000000000000,0d00c890e0,235f,2021-10-04T17:34:16,1633358055.163988,2021-10-04T17:34:15
1633358059,3133990,958,4,1860,00000000000000000000000000,0400440750,0000,2021-10-04T17:34:22,1633358059.315476,2021-10-04T17:34:19
1633358060,2221875,959,11,1142,00000000000000000000000000,0b00c890e0,fc77,2021-10-04T17:34:22,1633358060.224462,2021-10-04T17:34:20
1633358063,2580265,960,13,1147,00000000000000000000000000,0d00c890e0,0e80,2021-10-04T17:34:25,1633358063.26014,2021-10-04T17:34:23
1633358065,9964759,961,16,1148,00000000000000000000000000,1000c890e0,f04a,2021-10-04T17:34:34,1633358065.998512,2021-10-04T17:34:25
1633358066,2870984,962,14,1988,00000000000000000000000000,0e00c40790,51c3,2021-10-04T17:34:28,1633358066.289525,2021-10-04T17:34:26
1633358067,613265,963,11,1150,00000000000000000000000000,0b00c880e0,8500,2021-10-04T17:34:27,1633358067.063354,2021-10-04T17:34:27
1633358068,8920552,964,13,1153,00000000000000000000000000,0d00cb90e0,416b,2021-10-04T17:34:36,1633358068.894077,2021-10-04T17:34:28
1633358069,4545466,965,12,1154,00000000000000000000000000,0c00c890e0,3174,2021-10-04T17:34:33,1633358069.457036,2021-10-04T17:34:29
1633358072,1698901,966,14,1155,00000000000000000000000000,0e00c890e0,9d25,2021-10-04T17:34:33,1633358072.17193,2021-10-04T17:34:32
1633358072,8142180,967,13,1156,00000000000000000000000000,0d00c890e0,8f9f,2021-10-04T17:34:40,1633358072.817861,2021-10-04T17:34:32
1633358073,3530218,968,11,1157,00000000000000000000000000,0b00c890e0,9241,2021-10-04T17:34:36,1633358073.354932,2021-10-04T17:34:33
1633358075,5580489,969,11,4036,00000000000000000000000000,0b00c40fb0,cd00,2021-10-04T17:34:40,1633358075.55987,2021-10-04T17:34:35
1633358079,894312,970,10,1163,00000000000000000000000000,0a00c890e0,e47f,2021-10-04T17:34:39,1633358079.091514,2021-10-04T17:34:39
1633358079,6308567,971,10,1164,00000000000000000000000000,0a00c890e0,0edd,2021-10-04T17:34:45,1633358079.632735,2021-10-04T17:34:39
1633358085,2706630,972,5,1026,00000000000000000000000000,0500c890e0,6022,2021-10-04T17:34:47,1633358085.272747,2021-10-04T17:34:45
1633358087,6174597,973,12,1174,00000000000000000000000000,0c00c890e0,974c,2021-10-04T17:34:53,1633358087.619374,2021-10-04T17:34:47
1633358088,2333405,974,11,1175,00000000000000000000000000,0b00c890e0,f366,2021-10-04T17:34:50,1633358088.235512,2021-10-04T17:34:48
1633358090,9213869,975,6,1208,00000000000000000000000000,0600c890e0,a684,2021-10-04T17:34:59,1633358090.92331,2021-10-04T17:34:50
1633358091,5437495,976,11,1177,00000000000000000000000000,0b00c890e0,8dc6,2021-10-04T17:34:56,1633358091.545855,2021-10-04T17:34:51
1633358097,7318418,977,14,1184,00000000000000000000000000,0e00c890e0,d908,2021-10-04T17:35:04,1633358097.733686,2021-10-04T17:34:57
1633358100,7126703,978,13,1189,00000000000000000000000000,0d00c890e0,c2b2,2021-10-04T17:35:07,1633358100.714725,2021-10-04T17:35:00
1633358103,3778283,979,8,1190,00000000000000000000000000,0800c890e0,a48e,2021-10-04T17:35:06,1633358103.379703,2021-10-04T17:35:03
1633358103,9985647,980,14,1191,00000000000000000000000000,0e00c890e0,0351,2021-10-04T17:35:12,1633358104.000776,2021-10-04T17:35:04
1633358104,5818576,981,13,1192,00000000000000000000000000,0d00c890e0,4ade,2021-10-04T17:35:09,1633358104.584949,2021-10-04T17:35:04
1633358105,1904537,982,15,1193,00000000000000000000000000,0f00c890e0,2cce,2021-10-04T17:35:06,1633358105.192552,2021-10-04T17:35:05
1633358106,9048345,983,12,1196,00000000000000000000000000,0c00c890e0,6ed3,2021-10-04T17:35:15,1633358106.906951,2021-10-04T17:35:06
1633358110,3019766,984,12,1198,00000000000000000000000000,0c00c890e0,45a6,2021-10-04T17:35:13,1633358110.304075,2021-10-04T17:35:10
1633358111,3892853,985,13,1072,00000000000000000000000000,0d00c890e0,2050,2021-10-04T17:35:14,1633358111.391324,2021-10-04T17:35:11
1633358115,9002900,986,13,1204,00000000000000000000000000,0d00c890e0,115a,2021-10-04T17:35:24,1633358115.902425,2021-10-04T17:35:15
1633358121,1840090,987,48,3837,00000000000000000000000000,3000c890e0,ca6d,2021-10-04T17:35:22,1633358121.186002,2021-10-04T17:35:21
1633358124,428903,988,11,1211,00000000000000000000000000,0b00c890e0,70ba,2021-10-04T17:35:24,1633358124.044886,2021-10-04T17:35:24
1633358124,5934908,989,13,1212,00000000000000000000000000,0d00c890e0,e2dd,2021-10-04T17:35:29,1633358124.595643,2021-10-04T17:35:24
1633358126,9825115,990,13,1216,00000000000000000000000000,0d00c890e0,fdc7,2021-10-04T17:35:35,1633358126.984627,2021-10-04T17:35:26
1633358132,7024734,991,1,1222,00000000000000000000000000,0100c890a0,246b,2021-10-04T17:35:39,1633358132.704521,2021-10-04T17:35:32
1633358136,6431560,992,1,1225,00000000000000000000000000,0100c890e0,4157,2021-10-04T17:35:42,1633358136.645442,2021-10-04T17:35:36
1633358137,1909286,993,14,1226,00000000000000000000000000,0e00c890e0,f05b,2021-10-04T17:35:38,1633358137.193207,2021-10-04T17:35:37
1633358137,8176727,994,13,1227,00000000000000000000000000,0d00c890e0,88e7,2021-10-04T17:35:45,1633358137.819674,2021-10-04T17:35:37
1633358138,3687410,995,10,1228,00000000000000000000000000,0a00c890e0,e260,2021-10-04T17:35:41,1633358138.370954,2021-10-04T17:35:38
1633358139,5501921,996,15,1230,00000000000000000000000000,0f00c890e0,1f09,2021-10-04T17:35:44,1633358139.552109,2021-10-04T17:35:39
1633358140,1701681,997,14,1231,00000000000000000000000000,0e00c890e0,378a,2021-10-04T17:35:41,1633358140.17248,2021-10-04T17:35:40
1633358150,9442372,998,12,1242,00000000000000000000000000,0c00c890e0,71df,2021-10-04T17:35:59,1633358150.946383,2021-10-04T17:35:50
1633358151,5812859,999,14,1243,00000000000000000000000000,0e00c890e0,1d1e,2021-10-04T17:35:56,1633358151.583692,2021-10-04T17:35:51
1633358152,1259927,1000,13,1244,00000000000000000000000000,0d00c890e0,bda4,2021-10-04T17:35:53,1633358152.127943,2021-10-04T17:35:52
1633358155,2499961,1001,14,1860,00000000000000000000000000,0e00440780,0426,2021-10-04T17:35:57,1633358155.252098,2021-10-04T17:35:55
1633358156,803287,1002,13,1247,00000000000000000000000000,0d00c890e0,f838,2021-10-04T17:35:56,1633358156.082226,2021-10-04T17:35:56
1633358158,4187743,1003,14,1251,00000000000000000000000000,0e00c890e0,ec3e,2021-10-04T17:36:02,1633358158.420825,2021-10-04T17:35:58
1633358159,534403,1004,14,1252,00000000000000000000000000,0e00c890e0,0fac,2021-10-04T17:35:59,1633358159.056399,2021-10-04T17:35:59
1633358163,9275896,1005,1,1993,00000000000000000000000000,0100c90780,2a0f,2021-10-04T17:36:12,1633358163.929617,2021-10-04T17:36:03
1633358168,6167459,1006,11,1261,00000000000000000000000000,0b00c890e0,57ee,2021-10-04T17:36:14,1633358168.619225,2021-10-04T17:36:08
1633358170,3525986,1007,9,1264,00000000000000000000000000,0900c890e0,f08d,2021-10-04T17:36:13,1633358170.35464,2021-10-04T17:36:10
1633358170,9863555,1008,13,1265,00000000000000000000000000,0d00c890e0,e33f,2021-10-04T17:36:19,1633358170.988445,2021-10-04T17:36:10
1633358176,7409212,1009,12,1271,00000000000000000000000000,0c00c890e0,27d0,2021-10-04T17:36:23,1633358176.742836,2021-10-04T17:36:16
1633358179,7587749,1010,49,3837,00000000000000000000000000,3100c890e0,eb26,2021-10-04T17:36:26,1633358179.761312,2021-10-04T17:36:19
1633358191,8102266,1011,12,1286,00000000000000000000000000,0c00c890e0,51f5,2021-10-04T17:36:39,1633358191.812896,2021-10-04T17:36:31
1633358192,3713312,1012,13,1287,00000000000000000000000000,0d00c890e0,fa5b,2021-10-04T17:36:35,1633358192.37341,2021-10-04T17:36:32
1633358196,3867528,1013,0,1290,00000000000000000000000000,0000ca90e0,5249,2021-10-04T17:36:39,1633358196.388876,2021-10-04T17:36:36
1633358198,6319692,1014,11,1294,00000000000000000000000000,0b00c890e0,87ca,2021-10-04T17:36:44,1633358198.633925,2021-10-04T17:36:38
1633358216,4755795,1015,5,3916,00000000000000000000000000,05004c0fe0,b92b,2021-10-04T17:37:00,1633358216.477511,2021-10-04T17:36:56
1633358222,5098469,1016,7,1320,00000000000000000000000000,0700c890e0,346a,2021-10-04T17:37:07,1633358222.511928,2021-10-04T17:37:02
1633358225,5360178,1017,47,3837,00000000000000000000000000,2f00c890e0,03c1,2021-10-04T17:37:10,1633358225.538151,2021-10-04T17:37:05
1633358229,1669673,1018,1,1868,00000000000000000000000000,01004c0790,0000,2021-10-04T17:37:10,1633358229.168943,2021-10-04T17:37:09
1633358234,5631279,1019,2,1330,00000000000000000000000000,0200c890e0,3ae0,2021-10-04T17:37:19,1633358234.565634,2021-10-04T17:37:14
1633358265,7657618,1020,1,1868,00000000000000000000000000,01004c0750,0000,2021-10-04T17:37:52,1633358265.767744,2021-10-04T17:37:45
1633358266,5574333,1021,14,1366,00000000000000000000000000,0e00c890e0,5684,2021-10-04T17:37:51,1633358266.559385,2021-10-04T17:37:46
1633358268,9496893,1022,12,1370,00000000000000000000000000,0c00c890e0,292c,2021-10-04T17:37:57,1633358268.951597,2021-10-04T17:37:48
1633358271,3013589,1023,48,3837,00000000000000000000000000,3000c890e0,8ece,2021-10-04T17:37:54,1633358271.303428,2021-10-04T17:37:51
1633358281,759291,1024,2,1380,00000000000000000000000000,0200c890e0,ed38,2021-10-04T17:38:01,1633358281.0778,2021-10-04T17:38:01
1633358289,7412960,1025,1,879,00000000000000000000000000,0100c890e0,e0b3,2021-10-04T17:38:16,1633358289.744319,2021-10-04T17:38:09
1633358290,2835731,1026,6,1392,00000000000000000000000000,0600cb80e0,36bb,2021-10-04T17:38:12,1633358290.285692,2021-10-04T17:38:10
1633358293,467422,1027,11,1393,00000000000000000000000000,0b00c890e0,af63,2021-10-04T17:38:13,1633358293.048715,2021-10-04T17:38:13
1633358294,3159339,1028,11,1395,00000000000000000000000000,0b00c890e0,5991,2021-10-04T17:38:17,1633358294.317779,2021-10-04T17:38:14
1633358334,4404351,1029,2,1441,00000000000000000000000000,0200c890e0,34a3,2021-10-04T17:38:58,1633358334.442384,2021-10-04T17:38:54
1633358344,1628096,1030,11,1450,00000000000000000000000000,0b00c890e0,1313,2021-10-04T17:39:05,1633358344.164757,2021-10-04T17:39:04
1633358345,2941324,1031,14,1452,00000000000000000000000000,0e00c890e0,c220,2021-10-04T17:39:07,1633358345.296258,2021-10-04T17:39:05
1633358345,9690132,1032,13,1453,00000000000000000000000000,0d00c890e0,f4bf,2021-10-04T17:39:14,1633358345.971452,2021-10-04T17:39:05
1633358351,9191954,1033,4,1860,00000000000000000000000000,04004407d0,0000,2021-10-04T17:39:20,1633358351.922812,2021-10-04T17:39:11
1633358352,7732214,1034,9,1461,00000000000000000000000000,0900c890e0,45b9,2021-10-04T17:39:19,1633358352.775172,2021-10-04T17:39:12
1633358368,7434244,1035,4,1477,00000000000000000000000000,0400c890e0,b283,2021-10-04T17:39:35,1633358368.74587,2021-10-04T17:39:28
1633358370,9635925,1036,2,1481,00000000000000000000000000,0200c890e0,259d,2021-10-04T17:39:39,1633358370.965586,2021-10-04T17:39:30
1633358393,7776250,1037,15,1505,00000000000000000000000000,0f00c890e0,0206,2021-10-04T17:40:00,1633358393.779495,2021-10-04T17:39:53
1633358394,3312482,1038,14,1506,00000000000000000000000000,0e00c89070,f231,2021-10-04T17:39:57,1633358394.333347,2021-10-04T17:39:54
1633358394,9806449,1039,9,1507,00000000000000000000000000,0900c890e0,b6b6,2021-10-04T17:40:03,1633358394.982655,2021-10-04T17:39:54
1633358396,7294147,1040,10,1510,00000000000000000000000000,0a00c890e0,cbdc,2021-10-04T17:40:03,1633358396.735438,2021-10-04T17:39:56
1633358402,3568689,1041,12,1516,00000000000000000000000000,0c00c890e0,671d,2021-10-04T17:40:05,1633358402.359023,2021-10-04T17:40:02
1633358403,578029,1042,10,1517,00000000000000000000000000,0a00c890e0,c507,2021-10-04T17:40:03,1633358403.059901,2021-10-04T17:40:03
1633358403,6657631,1043,13,1518,00000000000000000000000000,0d00c890e0,36ed,2021-10-04T17:40:09,1633358403.667917,2021-10-04T17:40:03
1633358409,2678143,1044,2,1524,00000000000000000000000000,0200c890e0,4a2e,2021-10-04T17:40:11,1633358409.269901,2021-10-04T17:40:09
1633358413,2149877,1045,6,1527,00000000000000000000000000,0600c890e0,bc1a,2021-10-04T17:40:15,1633358413.217108,2021-10-04T17:40:13
1633358418,8505630,1046,10,1523,00000000000000000000000000,0a00c89000,0b1a,2021-10-04T17:40:26,1633358418.852701,2021-10-04T17:40:18
1633358420,5784931,1047,0,1536,00000000000000000000000000,0000c890e0,2bbf,2021-10-04T17:40:25,1633358420.580451,2021-10-04T17:40:20
1633358445,2956237,1048,13,1563,00000000000000000000000000,0d00c890e0,55cc,2021-10-04T17:40:47,1633358445.297512,2021-10-04T17:40:45
1633358447,203058,1049,0,3870,00000000000000000000000000,0000c890e0,caf1,2021-10-04T17:40:47,1633358447.022342,2021-10-04T17:40:47
1633358451,5972006,1050,11,1570,00000000000000000000000000,0b00c890e0,7be6,2021-10-04T17:40:56,1633358451.599056,2021-10-04T17:40:51
1633358453,3489065,1051,12,1573,00000000000000000000000000,0c00c890e0,3f9d,2021-10-04T17:40:56,1633358453.350905,2021-10-04T17:40:53
1633358453,9526348,1052,10,1574,00000000000000000000000000,0a00c890e0,3015,2021-10-04T17:41:02,1633358453.954626,2021-10-04T17:40:53
1633358457,2476367,1053,12,1576,00000000000000000000000000,0c00c890e0,8acb,2021-10-04T17:40:59,1633358457.249738,2021-10-04T17:40:57
1633358457,9383192,1054,5,22057,00000000000000000000000000,0500fb90e0,c372,2021-10-04T17:41:06,1633358457.940645,2021-10-04T17:40:57
1633358459,625226,1055,12,1579,00000000000000000000000000,0c00c890e0,66b3,2021-10-04T17:40:59,1633358459.064583,2021-10-04T17:40:59
1633358459,6064684,1056,13,1324,00000000000000000000000000,0d00c890e0,1a4c,2021-10-04T17:41:05,1633358459.608377,2021-10-04T17:40:59
1633358460,2339205,1057,0,1581,00000000000000000000000000,0000c890e0,3b27,2021-10-04T17:41:02,1633358460.236174,2021-10-04T17:41:00
1633358466,5615622,1058,11,1588,00000000000000000000000000,0b00c890e0,24ca,2021-10-04T17:41:11,1633358466.563395,2021-10-04T17:41:06
1633358469,3116545,1059,13,1589,00000000000000000000000000,0d00c890e0,6e85,2021-10-04T17:41:12,1633358469.313505,2021-10-04T17:41:09
1633358469,8354444,1060,10,1590,00000000000000000000000000,0a00c890e0,5be7,2021-10-04T17:41:17,1633358469.837436,2021-10-04T17:41:09
1633358482,5871684,1061,12,1604,00000000000000000000000000,0c00c890e0,c6f3,2021-10-04T17:41:27,1633358482.589229,2021-10-04T17:41:22
1633358491,2039513,1062,15,1615,00000000000000000000000000,0f00c890e0,abd2,2021-10-04T17:41:33,1633358491.206442,2021-10-04T17:41:31
1633358494,6263659,1063,9,1617,00000000000000000000000000,0900c890e0,a53a,2021-10-04T17:41:40,1633358494.628592,2021-10-04T17:41:34
1633358501,8033890,1064,3,1626,00000000000000000000000000,0300489460,0000,2021-10-04T17:41:49,1633358501.805517,2021-10-04T17:41:41
1633358502,7083735,1065,13,1627,00000000000000000000000000,0d00c890e0,7442,2021-10-04T17:41:49,1633358502.71029,2021-10-04T17:41:42
1633358503,2719032,1066,13,1628,00000000000000000000000000,0d00c890e0,d9e5,2021-10-04T17:41:45,1633358503.273955,2021-10-04T17:41:43
1633358503,8828456,1067,11,1629,00000000000000000000000000,0b00c890e0,1472,2021-10-04T17:41:51,1633358503.884952,2021-10-04T17:41:43
1633358513,5752532,1068,12,1638,00000000000000000000000000,0c00c895e0,91a6,2021-10-04T17:41:58,1633358513.577368,2021-10-04T17:41:53
1633358514,1196925,1069,11,1639,00000000000000000000000000,0b00c890e0,a7c4,2021-10-04T17:41:55,1633358514.121644,2021-10-04T17:41:54
1633358514,7558596,1070,10,1640,00000000000000000000000000,0a00c890e0,2b69,2021-10-04T17:42:01,1633358514.757769,2021-10-04T17:41:54
1633358540,698449,1071,13,1668,00000000000000000000000000,0d00c890e0,a936,2021-10-04T17:42:20,1633358540.071729,2021-10-04T17:42:20
1633358540,7177917,1072,12,1669,00000000000000000000000000,0c00c890e0,d4cc,2021-10-04T17:42:27,1633358540.720057,2021-10-04T17:42:20
1633358541,2650022,1073,13,1670,00000000000000000000000000,0d00c890e0,6ba4,2021-10-04T17:42:23,1633358541.267188,2021-10-04T17:42:21
1633358561,4912586,1074,2,1693,00000000000000000000000000,0200c890e0,ad63,2021-10-04T17:42:45,1633358561.493093,2021-10-04T17:42:41
1633358566,1078927,1075,12,1697,00000000000000000000000000,0c00c890e0,3a76,2021-10-04T17:42:47,1633358566.109847,2021-10-04T17:42:46
1633358566,6708984,1076,11,1698,00000000000000000000000000,0b00c890e0,64ef,2021-10-04T17:42:52,1633358566.673177,2021-10-04T17:42:46
1633358567,2140765,1077,2,1699,00000000000000000000000000,0200c890e0,10bb,2021-10-04T17:42:49,1633358567.216223,2021-10-04T17:42:47
1633358577,4103801,1078,5,4036,00000000000000000000000000,0500c40f90,c3c0,2021-10-04T17:43:01,1633358577.412396,2021-10-04T17:42:57
1633358712,8930816,1079,15,1860,00000000000000000000000000,0f00c890e0,6495,2021-10-04T17:45:20,1633358712.895292,2021-10-04T17:45:12
1633358719,9038527,1080,2,1868,00000000000000000000000000,0200c890e0,cc32,2021-10-04T17:45:28,1633358719.905883,2021-10-04T17:45:19
1633358743,4162399,1081,15,1893,00000000000000000000000000,0f00c890e0,d05c,2021-10-04T17:45:47,1633358743.418111,2021-10-04T17:45:43
1633358760,4718558,1082,1,1997,00000000000000000000000000,0100cd0740,4b0b,2021-10-04T17:46:04,1633358760.473737,2021-10-04T17:46:00
1633358772,3782737,1083,26,3069,00000000000000000000000000,1a00c890e0,c569,2021-10-04T17:46:15,1633358772.380156,2021-10-04T17:46:12
1633358808,7883565,1084,18,1963,00000000000000000000000000,1200c890e0,1a9a,2021-10-04T17:46:55,1633358808.790508,2021-10-04T17:46:48
1633358809,986833,1085,18,677,00000000000000000000000000,12005890e0,f3f0,2021-10-04T17:46:49,1633358809.101164,2021-10-04T17:46:49
1633358810,5128903,1086,5,59310,00000000000000000000000000,0500c890c0,e338,2021-10-04T17:46:55,1633358810.515803,2021-10-04T17:46:50
1633358871,6910779,1087,2,2033,00000000000000000000000000,0200f840a0,efe0,2021-10-04T17:47:57,1633358871.693121,2021-10-04T17:47:51
1633358936,4587266,1088,4,1080,00000000000000000000000000,0400c893e0,6e01,2021-10-04T17:49:00,1633358936.460748,2021-10-04T17:48:56
1633358963,1193163,1089,1,214,00000000000000000000000000,0100c890e0,4bc7,2021-10-04T17:49:24,1633358963.121267,2021-10-04T17:49:23
1633358971,3230645,1090,7,3069,00000000000000000000000000,0700c890e0,941a,2021-10-04T17:49:34,1633358971.325007,2021-10-04T17:49:31
1633358988,6491110,1091,2,33007,00000000000000000000000000,0200c890e0,d704,2021-10-04T17:49:54,1633358988.651168,2021-10-04T17:49:48
1633358989,456266,1092,0,1996,00000000000000000000000000,0000cc07f0,7d43,2021-10-04T17:49:49,1633358989.047607,2021-10-04T17:49:49
1633358990,4557061,1093,1,43602,00000000000000000000000000,0100c890e0,e2b7,2021-10-04T17:49:54,1633358990.459036,2021-10-04T17:49:50
1633359068,5670528,1094,2,3069,00000000000000000000000000,0200c890e0,c50f,2021-10-04T17:51:13,1633359068.569021,2021-10-04T17:51:08
1633359072,3861155,1095,0,33045,00000000000000000000000000,0000849a90,7330,2021-10-04T17:51:15,1633359072.388166,2021-10-04T17:51:12
1633359106,7604477,1096,25,3069,00000000000000000000000000,1900c890e0,dcb6,2021-10-04T17:51:53,1633359106.762304,2021-10-04T17:51:46
1633359140,2783112,1097,14,3069,00000000000000000000000000,0e00c890e0,4d2e,2021-10-04T17:52:22,1633359140.280296,2021-10-04T17:52:20
1633359158,7301383,1098,1,14615,00000000000000000000000000,0100c890e0,41b4,2021-10-04T17:52:45,1633359158.732136,2021-10-04T17:52:38
1633359215,8597881,1099,3,2402,00000000000000000000000000,03009c90e0,12e3,2021-10-04T17:53:43,1633359215.861704,2021-10-04T17:53:35
1633359276,3478708,1100,9,1845,00000000000000000000000000,0900c490a0,3a48,2021-10-04T17:54:39,1633359276.349868,2021-10-04T17:54:36
1633359291,7856144,1101,1,1988,00000000000000000000000000,0100c40720,5a89,2021-10-04T17:54:58,1633359291.787545,2021-10-04T17:54:51
1633359303,2928678,1102,16,20817,00000000000000000000000000,10004c87c0,be55,2021-10-04T17:55:05,1633359303.294893,2021-10-04T17:55:03
1633359348,5042827,1103,3,2552,00000000000000000000000000,0300c890e0,5251,2021-10-04T17:55:53,1633359348.506685,2021-10-04T17:55:48
1633359405,4268023,1104,6,2619,00000000000000000000000000,0600c190e0,5297,2021-10-04T17:56:49,1633359405.428678,2021-10-04T17:56:45
1633359416,4155645,1105,5,2626,00000000000000000000000000,0500c890e0,76f1,2021-10-04T17:57:00,1633359416.417418,2021-10-04T17:56:56
1633359429,1143438,1106,0,2640,00000000000000000000000000,0000c190e0,00b4,2021-10-04T17:57:10,1633359429.116553,2021-10-04T17:57:09
1633359435,5299553,1107,1,2743,00000000000000000000000000,0100c890e0,7ada,2021-10-04T17:57:20,1633359435.53193,2021-10-04T17:57:15
1633359442,3397855,1108,5,2643,00000000000000000000000000,0500889ee0,12ad,2021-10-04T17:57:25,1633359442.341937,2021-10-04T17:57:22
1633359539,3633584,1109,3,2699,00000000000000000000000000,0300c890e0,6030,2021-10-04T17:59:02,1633359539.365214,2021-10-04T17:58:59
1633359582,1654050,1110,14,19193,00000000000000000000000000,0e00c890e0,009b,2021-10-04T17:59:43,1633359582.167496,2021-10-04T17:59:42
1633359658,4771871,1111,1,4497,00000000000000000000000000,01004c5f80,5811,2021-10-04T18:01:02,1633359658.479373,2021-10-04T18:00:58
1633359672,3830776,1112,5,45456,00000000000000000000000000,05009c52d0,f6f6,2021-10-04T18:01:15,1633359672.385591,2021-10-04T18:01:12
1633359677,1330101,1113,2,2,00000000000000000000000000,0200cb8ae0,f6fd,2021-10-04T18:01:18,1633359677.135014,2021-10-04T18:01:17
1633359702,5205276,1114,1,1022,00000000000000000000000000,0100cb96d0,7a3a,2021-10-04T18:01:47,1633359702.52265,2021-10-04T18:01:42
1633359709,9881381,1115,2,51863,00000000000000000000000000,0200c890e0,5d7f,2021-10-04T18:01:58,1633359709.990123,2021-10-04T18:01:49
1633359732,5625417,1116,2,60315,00000000000000000000000000,02001c8030,eab0,2021-10-04T18:02:17,1633359732.5644,2021-10-04T18:02:12
1633359758,7633471,1117,3,8397,00000000000000000000000000,0300cc47c0,12ed,2021-10-04T18:02:45,1633359758.765292,2021-10-04T18:02:38
1633359766,7658071,1118,6,3023,00000000000000000000000000,06005a95e0,07ca,2021-10-04T18:02:53,1633359766.767846,2021-10-04T18:02:46
1633359854,5446257,1119,2,15462,00000000000000000000000000,0200cb73d0,1d60,2021-10-04T18:04:19,1633359854.546607,2021-10-04T18:04:14
1633359924,7448704,1120,14,3188,00000000000000000000000000,0e00c890e0,df91,2021-10-04T18:05:31,1633359924.747143,2021-10-04T18:05:24
1633359949,6332805,1121,6,4719,00000000000000000000000000,0600c49700,1435,2021-10-04T18:05:55,1633359949.636861,2021-10-04T18:05:49
1633359954,6808588,1122,2,28317,00000000000000000000000000,0200d890e0,2d1c,2021-10-04T18:06:00,1633359954.682945,2021-10-04T18:05:54
